time_s,q0,qdot0,tau0,q1,qdot1,tau1,q2,qdot2,tau2,q3,qdot3,tau3,q4,qdot4,tau4,q5,qdot5,tau5,q6,qdot6,tau6,q7,qdot7,tau7,q8,qdot8,tau8,q9,qdot9,tau9,q10,qdot10,tau10,q11,qdot11,tau11,command_0,command_1,command_2,imu_quat_w,imu_quat_x,imu_quat_y,imu_quat_z
1.851025581359863281e+00,-2.997246682643890381e-01,5.425733327865600586e-02,1.484296917915344238e-01,1.303250074386596680e+00,-5.813286080956459045e-02,-1.484296917915344238e-01,-2.638339757919311523e+00,-3.235219791531562805e-02,1.422451138496398926e-01,3.236742019653320312e-01,-3.875523805618286133e-02,1.484296917915344238e-01,1.340309739112854004e+00,-3.875523805618286133e-02,2.473828196525573730e-02,-2.636444330215454102e+00,-4.448427259922027588e-02,-2.844902276992797852e-01,-5.418894886970520020e-01,-2.712866663932800293e-02,-2.473828196525573730e-02,1.304425358772277832e+00,3.100419044494628906e-02,-2.473828196525573730e-02,-2.684214115142822266e+00,0.000000000000000000e+00,4.741504043340682983e-02,5.427070260047912598e-01,3.875523805618286133e-02,0.000000000000000000e+00,1.316687822341918945e+00,0.000000000000000000e+00,2.473828196525573730e-02,-2.657059192657470703e+00,-1.011006254702806473e-02,-4.741504043340682983e-02,0.000000000000000000e+00,0.000000000000000000e+00,0.000000000000000000e+00,9.981364607810974121e-01,5.250916583463549614e-04,-5.190585553646087646e-02,3.207756951451301575e-02
1.870862483978271484e+00,-2.996641099452972412e-01,-7.751047611236572266e-03,1.731679737567901611e-01,1.303340911865234375e+00,5.038180947303771973e-02,2.473828196525573730e-02,-2.638355731964111328e+00,-2.022012369707226753e-03,4.741504043340682983e-02,3.234925270080566406e-01,-8.913704752922058105e-02,2.473828196525573730e-02,1.340309739112854004e+00,-5.813286080956459045e-02,1.484296917915344238e-01,-2.636412620544433594e+00,-6.066037341952323914e-03,-9.483008086681365967e-02,-5.416472554206848145e-01,5.813286080956459045e-02,1.484296917915344238e-01,1.304395079612731934e+00,-1.937761902809143066e-02,-2.473828196525573730e-02,-2.684214115142822266e+00,0.000000000000000000e+00,9.483008086681365967e-02,5.424647927284240723e-01,-1.550209522247314453e-02,-2.226445376873016357e-01,1.316687822341918945e+00,-3.875523805618286133e-02,4.947656393051147461e-02,-2.657043457031250000e+00,1.011006254702806473e-02,0.000000000000000000e+00,0.000000000000000000e+00,0.000000000000000000e+00,0.000000000000000000e+00,9.981359839439392090e-01,5.317636532709002495e-04,-5.191695317625999451e-02,3.207379579544067383e-02
1.900618910789489746e+00,-2.993916273117065430e-01,3.100419044494628906e-02,1.236914098262786865e-01,1.303371191024780273e+00,4.650628566741943359e-02,2.473828196525573730e-02,-2.638434648513793945e+00,-2.022012369707226753e-03,0.000000000000000000e+00,3.232200741767883301e-01,-2.325314283370971680e-02,-2.473828196525573730e-02,1.340279459953308105e+00,-3.100419044494628906e-02,7.421484589576721191e-02,-2.636381149291992188e+00,1.819811202585697174e-02,-4.741504043340682983e-02,-5.415261387825012207e-01,6.200838088989257812e-02,1.484296917915344238e-01,1.304425358772277832e+00,1.550209522247314453e-02,0.000000000000000000e+00,-2.684230089187622070e+00,-3.033018670976161957e-02,9.483008086681365967e-02,5.423133969306945801e-01,-1.550209522247314453e-02,-2.721211016178131104e-01,1.316778659820556641e+00,-7.751047611236572266e-03,0.000000000000000000e+00,-2.657043457031250000e+00,-1.415408682078123093e-02,0.000000000000000000e+00,0.000000000000000000e+00,0.000000000000000000e+00,0.000000000000000000e+00,9.981369972229003906e-01,5.375877954065799713e-04,-5.188981443643569946e-02,3.208792209625244141e-02
1.910774350166320801e+00,-2.969391345977783203e-01,5.425733327865600586e-02,3.463359475135803223e-01,1.303522586822509766e+00,-1.937761902809143066e-02,4.947656393051147461e-02,-2.638782024383544922e+00,-6.874842196702957153e-02,4.741504043340682983e-02,3.201922774314880371e-01,-1.162657216191291809e-01,2.473828196525573730e-02,1.340370297431945801e+00,-2.712866663932800293e-02,0.000000000000000000e+00,-2.636365175247192383e+00,2.022012509405612946e-02,0.000000000000000000e+00,-5.401939749717712402e-01,6.200838088989257812e-02,5.442422032356262207e-01,1.304576754570007324e+00,3.100419044494628906e-02,4.947656393051147461e-02,-2.684230089187622070e+00,-1.819811202585697174e-02,9.483008086681365967e-02,5.406178236007690430e-01,-4.650628566741943359e-02,-5.442422032356262207e-01,1.317051053047180176e+00,1.937761902809143066e-02,7.421484589576721191e-02,-2.657027721405029297e+00,3.033018670976161957e-02,1.422451138496398926e-01,0.000000000000000000e+00,0.000000000000000000e+00,0.000000000000000000e+00,9.981420636177062988e-01,5.726527306251227856e-04,-5.180720612406730652e-02,3.206109628081321716e-02
1.930908560752868652e+00,-2.943049967288970947e-01,2.054027616977691650e-01,2.226445376873016357e-01,1.303795099258422852e+00,-2.325314283370971680e-02,7.421484589576721191e-02,-2.638861179351806641e+00,4.044024739414453506e-03,0.000000000000000000e+00,3.173764944076538086e-01,-1.627719998359680176e-01,-2.226445376873016357e-01,1.340461134910583496e+00,-3.875523805618286133e-03,7.421484589576721191e-02,-2.636381149291992188e+00,0.000000000000000000e+00,-9.483008086681365967e-02,-5.384075641632080078e-01,1.317678093910217285e-01,7.421484589576721191e-01,1.304818987846374512e+00,2.712866663932800293e-02,7.421484589576721191e-02,-2.684261560440063477e+00,-1.617609895765781403e-02,2.370752096176147461e-01,5.384378433227539062e-01,-8.138599991798400879e-02,-7.916250228881835938e-01,1.317263007164001465e+00,-7.751047611236572266e-03,1.236914098262786865e-01,-2.657043457031250000e+00,8.088049478828907013e-03,9.483008086681365967e-02,0.000000000000000000e+00,0.000000000000000000e+00,0.000000000000000000e+00,9.981442689895629883e-01,5.959861446171998978e-04,-5.175568908452987671e-02,3.207835555076599121e-02
1.958182096481323242e+00,-2.905203104019165039e-01,1.356433331966400146e-01,4.205507934093475342e-01,1.304067611694335938e+00,6.588390469551086426e-02,4.947656393051147461e-02,-2.638971805572509766e+00,-1.617609895765781403e-02,4.741504043340682983e-02,3.134403824806213379e-01,-1.627719998359680176e-01,-3.463359475135803223e-01,1.340430855751037598e+00,3.875523805618286133e-03,2.226445376873016357e-01,-2.636381149291992188e+00,0.000000000000000000e+00,-4.741504043340682983e-02,-5.364395380020141602e-01,1.085146665573120117e-01,1.212175846099853516e+00,1.305212616920471191e+00,1.085146665573120117e-01,4.947656393051147461e-02,-2.684435367584228516e+00,-2.022012509405612946e-02,2.370752096176147461e-01,5.360762476921081543e-01,-8.526152372360229492e-02,-1.113222718238830566e+00,1.317626357078552246e+00,7.751047611236572266e-03,1.236914098262786865e-01,-2.657059192657470703e+00,4.044024739414453506e-03,9.483008086681365967e-02,0.000000000000000000e+00,0.000000000000000000e+00,0.000000000000000000e+00,9.981467723846435547e-01,6.107442313805222511e-04,-5.171320214867591858e-02,3.206681832671165466e-02
1.972642898559570312e+00,-2.905203104019165039e-01,1.356433331966400146e-01,4.205507934093475342e-01,1.304067611694335938e+00,6.588390469551086426e-02,4.947656393051147461e-02,-2.638971805572509766e+00,-1.617609895765781403e-02,4.741504043340682983e-02,3.134403824806213379e-01,-1.627719998359680176e-01,-3.463359475135803223e-01,1.340430855751037598e+00,3.875523805618286133e-03,2.226445376873016357e-01,-2.636381149291992188e+00,0.000000000000000000e+00,-4.741504043340682983e-02,-5.364395380020141602e-01,1.085146665573120117e-01,1.212175846099853516e+00,1.305212616920471191e+00,1.085146665573120117e-01,4.947656393051147461e-02,-2.684435367584228516e+00,-2.022012509405612946e-02,2.370752096176147461e-01,5.360762476921081543e-01,-8.526152372360229492e-02,-1.113222718238830566e+00,1.317626357078552246e+00,7.751047611236572266e-03,1.236914098262786865e-01,-2.657059192657470703e+00,4.044024739414453506e-03,9.483008086681365967e-02,0.000000000000000000e+00,0.000000000000000000e+00,0.000000000000000000e+00,9.981467723846435547e-01,6.107442313805222511e-04,-5.171320214867591858e-02,3.206681832671165466e-02
1.990641593933105469e+00,-2.836775779724121094e-01,1.317678093910217285e-01,6.431953310966491699e-01,1.304309725761413574e+00,1.162657141685485840e-02,3.215976655483245850e-01,-2.640282869338989258e+00,-4.448427259922027588e-02,3.319052755832672119e-01,3.067187666893005371e-01,-1.666475236415863037e-01,-6.679335832595825195e-01,1.340400576591491699e+00,1.937761902809143066e-02,2.721211016178131104e-01,-2.636412620544433594e+00,0.000000000000000000e+00,-4.741504043340682983e-02,-5.332301259040832520e-01,1.782740950584411621e-01,1.731679677963256836e+00,1.305727362632751465e+00,6.588390469551086426e-02,1.484296917915344238e-01,-2.684719562530517578e+00,-3.841823711991310120e-02,3.319052755832672119e-01,5.325640439987182617e-01,-9.301257133483886719e-02,-1.781156301498413086e+00,1.318353056907653809e+00,0.000000000000000000e+00,1.731679737567901611e-01,-2.657090902328491211e+00,2.224213629961013794e-02,9.483008086681365967e-02,0.000000000000000000e+00,0.000000000000000000e+00,0.000000000000000000e+00,9.981446266174316406e-01,6.035644910298287868e-04,-5.176132544875144958e-02,3.205700218677520752e-02
2.010672092437744141e+00,-2.808314859867095947e-01,1.743985712528228760e-01,8.905781507492065430e-01,1.304521679878234863e+00,3.487971425056457520e-02,3.463359475135803223e-01,-2.641072750091552734e+00,-6.470439583063125610e-02,2.370752096176147461e-01,3.039635419845581055e-01,-1.666475236415863037e-01,-6.679335832595825195e-01,1.340400576591491699e+00,-4.263076186180114746e-02,1.731679737567901611e-01,-2.636602163314819336e+00,-2.426414936780929565e-02,-9.483008086681365967e-02,-5.317162275314331055e-01,1.046391502022743225e-01,2.102753877639770508e+00,1.305969476699829102e+00,6.200838088989257812e-02,1.731679737567901611e-01,-2.684940814971923828e+00,-1.213207468390464783e-02,4.267353713512420654e-01,5.308079123497009277e-01,-1.007636189460754395e-01,-1.979062557220458984e+00,1.318807125091552734e+00,7.751047611236572266e-03,2.226445376873016357e-01,-2.657138347625732422e+00,3.033018670976161957e-02,1.422451138496398926e-01,0.000000000000000000e+00,0.000000000000000000e+00,0.000000000000000000e+00,9.981428980827331543e-01,6.707741413265466690e-04,-5.179798603057861328e-02,3.204971551895141602e-02
2.036892414093017578e+00,-2.770770788192749023e-01,9.301257133483886719e-02,9.647929668426513672e-01,1.304763913154602051e+00,4.263076186180114746e-02,3.710742294788360596e-01,-2.642399549484252930e+00,-6.874842196702957153e-02,5.215654373168945312e-01,3.009055256843566895e-01,-1.976517289876937866e-01,-9.400547146797180176e-01,1.340521693229675293e+00,1.550209522247314453e-02,2.226445376873016357e-01,-2.636839151382446289e+00,2.224213629961013794e-02,0.000000000000000000e+00,-5.293545722961425781e-01,2.054027616977691650e-01,2.226445436477661133e+00,1.306332826614379883e+00,-3.875523805618286133e-03,3.463359475135803223e-01,-2.685477972030639648e+00,-2.224213629961013794e-02,6.163955330848693848e-01,5.286582112312316895e-01,-1.201412379741668701e-01,-2.325398445129394531e+00,1.319412708282470703e+00,-1.550209522247314453e-02,2.473828196525573730e-01,-2.657406806945800781e+00,-1.819811202585697174e-02,1.422451138496398926e-01,0.000000000000000000e+00,0.000000000000000000e+00,0.000000000000000000e+00,9.981404542922973633e-01,6.986599182710051537e-04,-5.183828249573707581e-02,3.205999359488487244e-02
2.052193164825439453e+00,-2.726868391036987305e-01,1.899006664752960205e-01,1.261652350425720215e+00,1.305127263069152832e+00,3.487971425056457520e-02,2.721211016178131104e-01,-2.644121408462524414e+00,-8.088050037622451782e-02,6.638105511665344238e-01,2.961216568946838379e-01,-1.666475236415863037e-01,-1.261652350425720215e+00,1.340642809867858887e+00,-3.875523805618286133e-03,2.473828196525573730e-01,-2.637376308441162109e+00,-3.841823711991310120e-02,0.000000000000000000e+00,-5.264782309532165527e-01,2.596600949764251709e-01,2.226445436477661133e+00,1.306877851486206055e+00,1.162657141685485840e-02,3.215976655483245850e-01,-2.686157226562500000e+00,2.022012369707226753e-03,6.163955330848693848e-01,5.259332656860351562e-01,-1.395188570022583008e-01,-2.523304700851440430e+00,1.320169687271118164e+00,4.263076186180114746e-02,2.226445376873016357e-01,-2.658149242401123047e+00,-3.639622405171394348e-02,3.319052755832672119e-01,0.000000000000000000e+00,0.000000000000000000e+00,0.000000000000000000e+00,9.981414675712585449e-01,7.641558186151087284e-04,-5.181573331356048584e-02,3.206334263086318970e-02
2.072285652160644531e+00,-2.689324319362640381e-01,2.364069521427154541e-01,1.113222718238830566e+00,1.305611729621887207e+00,3.875523805618286133e-03,4.205507934093475342e-01,-2.645495891571044922e+00,-8.694653213024139404e-02,5.215654373168945312e-01,2.927305698394775391e-01,-1.976517289876937866e-01,-1.385343790054321289e+00,1.340763926506042480e+00,1.937761902809143066e-02,3.215976655483245850e-01,-2.638055562973022461e+00,-2.022012509405612946e-02,1.422451138496398926e-01,-5.235716104507446289e-01,2.402824759483337402e-01,2.523304700851440430e+00,1.307543992996215820e+00,1.666475236415863037e-01,3.215976655483245850e-01,-2.686536312103271484e+00,-2.022012509405612946e-02,6.638105511665344238e-01,5.231779813766479492e-01,-1.782740950584411621e-01,-2.721210956573486328e+00,1.320684432983398438e+00,-1.162657141685485840e-02,2.473828196525573730e-01,-2.658923387527465820e+00,-5.257232487201690674e-02,4.741504192352294922e-01,0.000000000000000000e+00,0.000000000000000000e+00,0.000000000000000000e+00,9.981426000595092773e-01,7.824414642527699471e-04,-5.178911983966827393e-02,3.207079321146011353e-02
2.093971014022827148e+00,-2.661771774291992188e-01,2.402824759483337402e-01,1.162699222564697266e+00,1.306005358695983887e+00,5.425733327865600586e-02,3.710742294788360596e-01,-2.646554231643676758e+00,-9.705659747123718262e-02,6.638105511665344238e-01,2.902780771255493164e-01,-1.743985712528228760e-01,-1.385343790054321289e+00,1.340824484825134277e+00,-1.937761902809143066e-02,2.721211016178131104e-01,-2.639098167419433594e+00,-3.235219791531562805e-02,2.844902276992797852e-01,-5.213613510131835938e-01,2.441580146551132202e-01,2.622257947921752930e+00,1.307937622070312500e+00,6.588390469551086426e-02,2.721211016178131104e-01,-2.686931371688842773e+00,-4.650628566741943359e-02,8.060556650161743164e-01,5.215127468109130859e-01,-1.666475236415863037e-01,-3.042808771133422852e+00,1.321108341217041016e+00,1.937761902809143066e-02,2.721211016178131104e-01,-2.659365653991699219e+00,-2.628616243600845337e-02,4.741504192352294922e-01,0.000000000000000000e+00,0.000000000000000000e+00,0.000000000000000000e+00,9.981461167335510254e-01,7.631058688275516033e-04,-5.173122882843017578e-02,3.205494582653045654e-02
2.117118835449218750e+00,-2.623016536235809326e-01,1.860251426696777344e-01,1.607988357543945312e+00,1.306610822677612305e+00,1.162657141685485840e-02,4.205507934093475342e-01,-2.647897005081176758e+00,-1.071666628122329712e-01,6.638105511665344238e-01,2.864025831222534180e-01,-2.054027616977691650e-01,-1.805894613265991211e+00,1.340945601463317871e+00,1.937761902809143066e-02,3.215976655483245850e-01,-2.640551328659057617e+00,-6.874842196702957153e-02,4.741504192352294922e-01,-5.180308222770690918e-01,2.364069521427154541e-01,2.919117212295532227e+00,1.308694601058959961e+00,1.046391502022743225e-01,3.710742294788360596e-01,-2.687973976135253906e+00,-5.055030807852745056e-02,1.090545892715454102e+00,5.190299749374389648e-01,-1.317678093910217285e-01,-3.463359355926513672e+00,1.321744084358215332e+00,5.038180947303771973e-02,2.721211016178131104e-01,-2.660234451293945312e+00,-2.628616243600845337e-02,6.638105511665344238e-01,0.000000000000000000e+00,0.000000000000000000e+00,0.000000000000000000e+00,9.981507062911987305e-01,7.573172333650290966e-04,-5.163234472274780273e-02,3.207169845700263977e-02
2.130883455276489258e+00,-2.576691806316375732e-01,2.170293331146240234e-01,1.509035229682922363e+00,1.307337522506713867e+00,5.038180947303771973e-02,5.442422032356262207e-01,-2.649397611618041992e+00,-5.661634728312492371e-02,7.112256288528442383e-01,2.818912267684936523e-01,-2.751621901988983154e-01,-1.805894613265991211e+00,1.341096878051757812e+00,-6.200838088989257812e-02,3.215976655483245850e-01,-2.642099618911743164e+00,-3.033018670976161957e-02,4.267353713512420654e-01,-5.141855478286743164e-01,2.092783004045486450e-01,3.290191411972045898e+00,1.309421181678771973e+00,3.875523805618286133e-02,3.463359475135803223e-01,-2.689174413681030273e+00,-5.863836035132408142e-02,1.232791066169738770e+00,5.161536335945129395e-01,-9.688809514045715332e-02,-3.661265850067138672e+00,1.322622179985046387e+00,1.550209522247314453e-02,2.226445376873016357e-01,-2.661245584487915039e+00,-8.088049478828907013e-03,5.215654373168945312e-01,0.000000000000000000e+00,0.000000000000000000e+00,0.000000000000000000e+00,9.981523156166076660e-01,7.179547101259231567e-04,-5.160871520638465881e-02,3.206177428364753723e-02
2.150692224502563477e+00,-2.551561594009399414e-01,1.356433331966400146e-01,1.880109429359436035e+00,1.307791709899902344e+00,3.487971425056457520e-02,4.700273573398590088e-01,-2.650219202041625977e+00,-6.066037341952323914e-02,8.534707427024841309e-01,2.786515355110168457e-01,-2.945398092269897461e-01,-1.880109429359436035e+00,1.341278553009033203e+00,-3.487971425056457520e-02,2.473828196525573730e-01,-2.643442392349243164e+00,-4.448427259922027588e-02,5.215654373168945312e-01,-5.114908218383789062e-01,2.364069521427154541e-01,3.488097667694091797e+00,1.309935927391052246e+00,1.201412379741668701e-01,5.195039510726928711e-01,-2.690296173095703125e+00,-5.459433421492576599e-02,1.327621102333068848e+00,5.138828158378601074e-01,-9.301257133483886719e-02,-3.908648490905761719e+00,1.323409318923950195e+00,1.162657216191291809e-01,2.473828196525573730e-01,-2.661798477172851562e+00,-2.628616243600845337e-02,5.215654373168945312e-01,0.000000000000000000e+00,0.000000000000000000e+00,0.000000000000000000e+00,9.981511831283569336e-01,7.327440544031560421e-04,-5.162521824240684509e-02,3.206934034824371338e-02
2.177060127258300781e+00,-2.516439557075500488e-01,2.441580146551132202e-01,1.929585933685302734e+00,1.308276176452636719e+00,7.363495230674743652e-02,6.926718950271606445e-01,-2.651561975479125977e+00,-8.694653213024139404e-02,8.534707427024841309e-01,2.742310166358947754e-01,-2.945398092269897461e-01,-2.003800868988037109e+00,1.341490507125854492e+00,6.588390469551086426e-02,2.473828196525573730e-01,-2.645037889480590820e+00,-1.112106814980506897e-01,7.112256288528442383e-01,-5.085236430168151855e-01,1.627719998359680176e-01,3.809695482254028320e+00,1.310420393943786621e+00,0.000000000000000000e+00,4.205507934093475342e-01,-2.691180706024169922e+00,-8.896854519844055176e-02,1.280206084251403809e+00,5.113394856452941895e-01,-6.588390469551086426e-02,-4.007601737976074219e+00,1.324136018753051758e+00,7.751047611236572266e-03,1.731679737567901611e-01,-2.662809371948242188e+00,-3.639622405171394348e-02,7.112256288528442383e-01,0.000000000000000000e+00,0.000000000000000000e+00,0.000000000000000000e+00,9.981489777565002441e-01,7.602736586704850197e-04,-5.168147757649421692e-02,3.204881399869918823e-02
2.191312313079833984e+00,-2.478895485401153564e-01,1.588964760303497314e-01,2.226445436477661133e+00,1.308639407157897949e+00,1.550209522247314453e-02,6.926718950271606445e-01,-2.653536558151245117e+00,-8.290250599384307861e-02,9.957158565521240234e-01,2.691443562507629395e-01,-2.480335235595703125e-01,-2.127492189407348633e+00,1.341702461242675781e+00,3.875523805618286133e-03,2.721211016178131104e-01,-2.647233486175537109e+00,-8.290250599384307861e-02,9.957158565521240234e-01,-5.055564641952514648e-01,1.627719998359680176e-01,4.205507755279541016e+00,1.311056137084960938e+00,2.325314283370971680e-02,5.442422032356262207e-01,-2.692539215087890625e+00,-3.841823711991310120e-02,1.469866275787353516e+00,5.083723068237304688e-01,-9.301257133483886719e-02,-4.601320266723632812e+00,1.324802160263061523e+00,-4.650628566741943359e-02,2.721211016178131104e-01,-2.663567543029785156e+00,-1.819811202585697174e-02,7.112256288528442383e-01,0.000000000000000000e+00,0.000000000000000000e+00,0.000000000000000000e+00,9.981493353843688965e-01,7.654668879695236683e-04,-5.168143287301063538e-02,3.203644976019859314e-02
2.212322473526000977e+00,-2.434993088245391846e-01,2.674111425876617432e-01,2.028539180755615234e+00,1.309214711189270020e+00,7.363495230674743652e-02,6.431953310966491699e-01,-2.655210971832275391e+00,-7.481446117162704468e-02,1.232791066169738770e+00,2.642697095870971680e-01,-1.860251426696777344e-01,-2.152230501174926758e+00,1.341974973678588867e+00,-1.162657141685485840e-02,3.215976655483245850e-01,-2.648844957351684570e+00,-1.091886684298515320e-01,9.957158565521240234e-01,-5.021048188209533691e-01,1.860251426696777344e-01,4.081816673278808594e+00,1.311843395233154297e+00,3.875523805618286133e-02,3.710742294788360596e-01,-2.693518638610839844e+00,-1.011006161570549011e-01,1.659526467323303223e+00,5.053747892379760742e-01,-4.263076186180114746e-02,-4.700273513793945312e+00,1.325438022613525391e+00,4.650628566741943359e-02,2.721211016178131104e-01,-2.664357423782348633e+00,-5.257232487201690674e-02,9.008857607841491699e-01,0.000000000000000000e+00,0.000000000000000000e+00,0.000000000000000000e+00,9.981509447097778320e-01,8.204665500670671463e-04,-5.167125537991523743e-02,3.200457245111465454e-02
2.244951486587524414e+00,-2.382612824440002441e-01,1.860251426696777344e-01,2.078015804290771484e+00,1.309880852699279785e+00,3.100419044494628906e-02,6.679335832595825195e-01,-2.657501459121704102e+00,-8.492452651262283325e-02,1.280206084251403809e+00,2.592738866806030273e-01,-2.015272378921508789e-01,-2.523304700851440430e+00,1.342368602752685547e+00,-1.550209522247314453e-02,3.215976655483245850e-01,-2.650882720947265625e+00,-7.279244810342788696e-02,1.137960910797119141e+00,-4.977145791053771973e-01,1.666475236415863037e-01,4.329199314117431641e+00,1.312872886657714844e+00,9.688809514045715332e-02,4.452890753746032715e-01,-2.695129871368408203e+00,-8.492452651262283325e-02,1.849186539649963379e+00,5.018928647041320801e-01,-1.899006664752960205e-01,-4.823965072631835938e+00,1.326073765754699707e+00,0.000000000000000000e+00,3.710742294788360596e-01,-2.665336847305297852e+00,-3.235219791531562805e-02,8.534707427024841309e-01,0.000000000000000000e+00,0.000000000000000000e+00,0.000000000000000000e+00,9.981521964073181152e-01,8.319288026541471481e-04,-5.165360495448112488e-02,3.198849782347679138e-02
2.254436969757080078e+00,-2.341435551643371582e-01,1.472699046134948730e-01,2.102753877639770508e+00,1.310456156730651855e+00,3.100419044494628906e-02,6.679335832595825195e-01,-2.659523487091064453e+00,-1.071666628122329712e-01,1.517281293869018555e+00,2.559433579444885254e-01,-1.433943808078765869e-01,-2.622257947921752930e+00,1.342671394348144531e+00,-3.487971425056457520e-02,3.463359475135803223e-01,-2.652525663375854492e+00,-4.448427259922027588e-02,9.957158565521240234e-01,-4.943537712097167969e-01,1.666475236415863037e-01,3.982863426208496094e+00,1.313417792320251465e+00,-7.751047611236572266e-03,5.195039510726928711e-01,-2.696772813796997070e+00,-1.192987337708473206e-01,1.991431713104248047e+00,4.994707107543945312e-01,-1.937761902809143066e-02,-4.922918319702148438e+00,1.326709628105163574e+00,3.875523805618286133e-03,2.473828196525573730e-01,-2.666079282760620117e+00,-2.830817364156246185e-02,9.957158565521240234e-01,0.000000000000000000e+00,0.000000000000000000e+00,0.000000000000000000e+00,9.981581568717956543e-01,8.620765293017029762e-04,-5.155403167009353638e-02,3.196319565176963806e-02
2.272300243377685547e+00,-2.298744022846221924e-01,2.441580146551132202e-01,2.251183748245239258e+00,1.311182737350463867e+00,6.200838088989257812e-02,6.679335832595825195e-01,-2.661277055740356445e+00,-1.172767207026481628e-01,1.612111330032348633e+00,2.524008750915527344e-01,-2.712866663932800293e-01,-2.820164203643798828e+00,1.343125581741333008e+00,3.875523805618286133e-03,1.731679737567901611e-01,-2.653884172439575195e+00,-5.055030807852745056e-02,1.043130874633789062e+00,-4.902360439300537109e-01,2.441580146551132202e-01,4.403414249420166016e+00,1.313962817192077637e+00,5.813286080956459045e-02,5.937187671661376953e-01,-2.698210239410400391e+00,-9.301257133483886719e-02,2.228506803512573242e+00,4.965943098068237305e-01,-2.054027616977691650e-01,-5.269254207611083984e+00,1.327436327934265137e+00,5.425733327865600586e-02,3.463359475135803223e-01,-2.667011260986328125e+00,-3.033018670976161957e-02,1.043130874633789062e+00,0.000000000000000000e+00,0.000000000000000000e+00,0.000000000000000000e+00,9.981633424758911133e-01,9.143485804088413715e-04,-5.148414522409439087e-02,3.191317245364189148e-02
2.290869474411010742e+00,-2.267255783081054688e-01,2.286559045314788818e-01,2.449090003967285156e+00,1.311576366424560547e+00,1.550209522247314453e-02,7.668867111206054688e-01,-2.662477493286132812e+00,-1.112106814980506897e-01,1.659526467323303223e+00,2.495245337486267090e-01,-2.402824759483337402e-01,-2.919117212295532227e+00,1.343367815017700195e+00,-2.325314283370971680e-02,3.215976655483245850e-01,-2.654721260070800781e+00,-9.705659747123718262e-02,1.090545892715454102e+00,-4.876018762588500977e-01,1.937761902809143066e-01,4.675535202026367188e+00,1.314386725425720215e+00,8.913704752922058105e-02,7.421484589576721191e-01,-2.699189662933349609e+00,-9.099055826663970947e-02,2.228506803512573242e+00,4.942932128906250000e-01,-1.588964760303497314e-01,-5.417683601379394531e+00,1.327981233596801758e+00,3.100419044494628906e-02,3.463359475135803223e-01,-2.667485237121582031e+00,-2.022012509405612946e-02,1.043130874633789062e+00,0.000000000000000000e+00,0.000000000000000000e+00,0.000000000000000000e+00,9.981700181961059570e-01,9.416106622666120529e-04,-5.138538405299186707e-02,3.186241909861564636e-02
2.316678762435913086e+00,-2.207911610603332520e-01,1.782740950584411621e-01,2.869640827178955078e+00,1.312393903732299805e+00,1.588964760303497314e-01,9.647929668426513672e-01,-2.664783954620361328e+00,-1.192987337708473206e-01,1.849186539649963379e+00,2.432571053504943848e-01,-1.976517289876937866e-01,-3.042808771133422852e+00,1.344033837318420410e+00,0.000000000000000000e+00,2.473828196525573730e-01,-2.656838178634643555e+00,-7.279244810342788696e-02,1.232791066169738770e+00,-4.830602407455444336e-01,1.007636189460754395e-01,5.516636848449707031e+00,1.314931750297546387e+00,5.813286080956459045e-02,9.400547146797180176e-01,-2.700958967208862305e+00,-3.235219791531562805e-02,2.133676767349243164e+00,4.893580079078674316e-01,-1.085146665573120117e-01,-5.764019489288330078e+00,1.328980445861816406e+00,1.937761902809143066e-02,4.205507934093475342e-01,-2.669096469879150391e+00,-4.044025018811225891e-02,1.280206084251403809e+00,0.000000000000000000e+00,0.000000000000000000e+00,0.000000000000000000e+00,9.981846809387207031e-01,1.111357589252293110e-03,-5.122021585702896118e-02,3.166206553578376770e-02
2.332247734069824219e+00,-2.180661559104919434e-01,1.472699046134948730e-01,2.968593835830688477e+00,1.312575578689575195e+00,1.162657216191291809e-01,8.905781507492065430e-01,-2.666063547134399414e+00,-7.077043503522872925e-02,1.706941485404968262e+00,2.400174140930175781e-01,-1.743985712528228760e-01,-3.265453338623046875e+00,1.344276070594787598e+00,5.425733327865600586e-02,2.721211016178131104e-01,-2.658022880554199219e+00,-6.470439583063125610e-02,1.280206084251403809e+00,-4.818188548088073730e-01,8.526152372360229492e-02,5.986664295196533203e+00,1.314931750297546387e+00,-1.937761902809143066e-02,8.905781507492065430e-01,-2.701464414596557617e+00,-5.257232487201690674e-02,2.228506803512573242e+00,4.869963526725769043e-01,-1.356433331966400146e-01,-6.036140918731689453e+00,1.329434633255004883e+00,7.751047611236572266e-03,3.710742294788360596e-01,-2.669712543487548828e+00,-5.863836035132408142e-02,1.280206084251403809e+00,0.000000000000000000e+00,0.000000000000000000e+00,0.000000000000000000e+00,9.981919527053833008e-01,1.241238787770271301e-03,-5.117009952664375305e-02,3.150973841547966003e-02
2.352244615554809570e+00,-2.147961854934692383e-01,1.937761902809143066e-01,3.042808771133422852e+00,1.312787532806396484e+00,6.975942850112915039e-02,9.400547146797180176e-01,-2.667611598968505859e+00,-1.253647804260253906e-01,1.991431713104248047e+00,2.359601855278015137e-01,-3.449216187000274658e-01,-3.240715026855468750e+00,1.344518303871154785e+00,1.550209522247314453e-02,4.205507934093475342e-01,-2.659507751464843750e+00,-1.294087916612625122e-01,1.517281293869018555e+00,-4.800627827644348145e-01,1.240167617797851562e-01,5.961925983428955078e+00,1.314931750297546387e+00,1.162657141685485840e-02,9.647929668426513672e-01,-2.702143669128417969e+00,-2.426414936780929565e-02,2.323337078094482422e+00,4.838474988937377930e-01,-2.170293331146240234e-01,-5.937187671661376953e+00,1.330131053924560547e+00,3.487971425056457520e-02,3.463359475135803223e-01,-2.670597314834594727e+00,-4.448427259922027588e-02,1.422451257705688477e+00,0.000000000000000000e+00,0.000000000000000000e+00,0.000000000000000000e+00,9.982000589370727539e-01,1.392960664816200733e-03,-5.109401792287826538e-02,3.137125447392463684e-02
2.386268615722656250e+00,-2.094067931175231934e-01,1.666475236415863037e-01,3.117023468017578125e+00,1.313059926033020020e+00,0.000000000000000000e+00,9.895312786102294922e-01,-2.669902086257934570e+00,-7.279244810342788696e-02,1.991431713104248047e+00,2.299652695655822754e-01,-2.635356187820434570e-01,-3.389144659042358398e+00,1.344730257987976074e+00,2.325314283370971680e-02,4.205507934093475342e-01,-2.661735296249389648e+00,-1.091886684298515320e-01,1.659526467323303223e+00,-4.764900207519531250e-01,2.015272378921508789e-01,6.085617542266845703e+00,1.314871191978454590e+00,3.100419044494628906e-02,1.088484406471252441e+00,-2.703059911727905273e+00,-4.852829873561859131e-02,2.512997150421142578e+00,4.794269800186157227e-01,-1.395188570022583008e-01,-6.159832000732421875e+00,1.330978751182556152e+00,7.751047611236572266e-03,4.205507934093475342e-01,-2.671797752380371094e+00,-4.448427259922027588e-02,1.327621102333068848e+00,0.000000000000000000e+00,0.000000000000000000e+00,0.000000000000000000e+00,9.982072114944458008e-01,1.568249892443418503e-03,-5.105939507484436035e-02,3.118870779871940613e-02
2.394502162933349609e+00,-2.065001726150512695e-01,1.240167617797851562e-01,3.018070459365844727e+00,1.313120484352111816e+00,-5.425733327865600586e-02,1.113222718238830566e+00,-2.671165943145751953e+00,-8.290250599384307861e-02,2.086261749267578125e+00,2.269374728202819824e-01,-2.441580146551132202e-01,-3.290191411972045898e+00,1.344790816307067871e+00,-3.875523805618286133e-02,4.205507934093475342e-01,-2.663062095642089844e+00,-9.705659747123718262e-02,1.659526467323303223e+00,-4.739769697189331055e-01,2.015272378921508789e-01,6.085617542266845703e+00,1.314719796180725098e+00,-1.162657141685485840e-02,1.113222718238830566e+00,-2.703960418701171875e+00,-8.088050037622451782e-02,2.797487497329711914e+00,4.771561622619628906e-01,-1.395188570022583008e-01,-6.407215118408203125e+00,1.331251263618469238e+00,-2.325314283370971680e-02,4.205507934093475342e-01,-2.672650814056396484e+00,-4.044025018811225891e-02,1.469866275787353516e+00,0.000000000000000000e+00,0.000000000000000000e+00,0.000000000000000000e+00,9.982133507728576660e-01,1.610257197171449661e-03,-5.100017413496971130e-02,3.108832240104675293e-02
2.411178350448608398e+00,-2.025035023689270020e-01,1.976517289876937866e-01,3.240715026855468750e+00,1.313332438468933105e+00,6.588390469551086426e-02,1.162699222564697266e+00,-2.672761440277099609e+00,-9.301257133483886719e-02,2.275921821594238281e+00,2.228803038597106934e-01,-2.092783004045486450e-01,-3.686003923416137695e+00,1.344881653785705566e+00,1.550209522247314453e-02,5.195039510726928711e-01,-2.665099859237670898e+00,-1.192987337708473206e-01,2.038846731185913086e+00,-4.699803590774536133e-01,3.139174282550811768e-01,5.937187671661376953e+00,1.314750075340270996e+00,3.875523805618286133e-02,1.261652350425720215e+00,-2.704955577850341797e+00,-9.705659747123718262e-02,2.655242204666137695e+00,4.740073084831237793e-01,-1.550209522247314453e-01,-6.704074382781982422e+00,1.331554055213928223e+00,-3.875523805618286133e-02,5.689804553985595703e-01,-2.673740863800048828e+00,-5.055030807852745056e-02,1.612111330032348633e+00,0.000000000000000000e+00,0.000000000000000000e+00,0.000000000000000000e+00,9.982251524925231934e-01,1.550281653180718422e-03,-5.083255097270011902e-02,3.098685294389724731e-02
2.430675029754638672e+00,-1.989005208015441895e-01,1.627719998359680176e-01,3.339668035507202148e+00,1.313665509223937988e+00,1.201412379741668701e-01,1.088484406471252441e+00,-2.674278020858764648e+00,-7.279244810342788696e-02,2.228506803512573242e+00,2.191562056541442871e-01,-2.480335235595703125e-01,-3.686003923416137695e+00,1.344972491264343262e+00,0.000000000000000000e+00,4.452890753746032715e-01,-2.667011260986328125e+00,-1.112106814980506897e-01,2.086261749267578125e+00,-4.654387235641479492e-01,3.332950472831726074e-01,5.937187671661376953e+00,1.314780354499816895e+00,5.813286080956459045e-02,1.385343790054321289e+00,-2.705540180206298828e+00,-6.470439583063125610e-02,2.702657222747802734e+00,4.708583950996398926e-01,-1.511454284191131592e-01,-6.827765941619873047e+00,1.331766009330749512e+00,-1.937761902809143066e-02,5.689804553985595703e-01,-2.675020456314086914e+00,-7.885848730802536011e-02,1.706941485404968262e+00,0.000000000000000000e+00,0.000000000000000000e+00,0.000000000000000000e+00,9.982403516769409180e-01,1.455091871321201324e-03,-5.058554559946060181e-02,3.090596199035644531e-02
2.463281393051147461e+00,-1.913613677024841309e-01,1.860251426696777344e-01,3.537574291229248047e+00,1.314513325691223145e+00,7.751047611236572266e-02,1.311128973960876465e+00,-2.677500486373901367e+00,-1.253647804260253906e-01,2.512997150421142578e+00,2.108298540115356445e-01,-2.674111425876617432e-01,-3.883910179138183594e+00,1.345214724540710449e+00,-3.875523805618286133e-02,5.195039510726928711e-01,-2.671782016754150391e+00,-1.556949466466903687e-01,2.512997150421142578e+00,-4.561738073825836182e-01,2.674111425876617432e-01,6.234046936035156250e+00,1.314780354499816895e+00,3.875523805618286133e-02,1.311128973960876465e+00,-2.707182884216308594e+00,-4.650628566741943359e-02,2.844902515411376953e+00,4.633495807647705078e-01,-1.743985712528228760e-01,-6.778289318084716797e+00,1.331947565078735352e+00,-7.751047611236572266e-03,7.916250228881835938e-01,-2.676394701004028320e+00,-4.246226325631141663e-02,1.612111330032348633e+00,0.000000000000000000e+00,0.000000000000000000e+00,0.000000000000000000e+00,9.982999563217163086e-01,1.255879062227904797e-03,-4.944824427366256714e-02,3.083105944097042084e-02
2.472318887710571289e+00,-1.913613677024841309e-01,1.860251426696777344e-01,3.537574291229248047e+00,1.314513325691223145e+00,7.751047611236572266e-02,1.311128973960876465e+00,-2.677500486373901367e+00,-1.253647804260253906e-01,2.512997150421142578e+00,2.108298540115356445e-01,-2.674111425876617432e-01,-3.883910179138183594e+00,1.345214724540710449e+00,-3.875523805618286133e-02,5.195039510726928711e-01,-2.671782016754150391e+00,-1.556949466466903687e-01,2.512997150421142578e+00,-4.561738073825836182e-01,2.674111425876617432e-01,6.234046936035156250e+00,1.314780354499816895e+00,3.875523805618286133e-02,1.311128973960876465e+00,-2.707182884216308594e+00,-4.650628566741943359e-02,2.844902515411376953e+00,4.633495807647705078e-01,-1.743985712528228760e-01,-6.778289318084716797e+00,1.331947565078735352e+00,-7.751047611236572266e-03,7.916250228881835938e-01,-2.676394701004028320e+00,-4.246226325631141663e-02,1.612111330032348633e+00,0.000000000000000000e+00,0.000000000000000000e+00,0.000000000000000000e+00,9.982999563217163086e-01,1.255879062227904797e-03,-4.944824427366256714e-02,3.083105944097042084e-02
2.492228746414184570e+00,-1.853361725807189941e-01,2.054027616977691650e-01,3.710742235183715820e+00,1.315391302108764648e+00,1.550209522247314453e-02,1.360605478286743164e+00,-2.680107116699218750e+00,-9.301257133483886719e-02,2.655242204666137695e+00,2.040476799011230469e-01,-2.247803807258605957e-01,-4.304461002349853516e+00,1.345638513565063477e+00,-3.487971425056457520e-02,3.463359475135803223e-01,-2.675178289413452148e+00,-7.279244810342788696e-02,2.323337078094482422e+00,-4.492099881172180176e-01,2.480335235595703125e-01,6.258785247802734375e+00,1.314901471138000488e+00,6.200838088989257812e-02,1.484296917915344238e+00,-2.708225727081298828e+00,-3.639622405171394348e-02,3.034562587738037109e+00,4.553562998771667480e-01,-2.131538093090057373e-01,-6.679336071014404297e+00,1.332280635833740234e+00,2.712866663932800293e-02,6.431953310966491699e-01,-2.677453279495239258e+00,-2.830817364156246185e-02,1.706941485404968262e+00,0.000000000000000000e+00,0.000000000000000000e+00,0.000000000000000000e+00,9.983672499656677246e-01,1.256777672097086906e-03,-4.823931679129600525e-02,3.056543879210948944e-02
2.510814905166625977e+00,-1.845186948776245117e-01,1.705230474472045898e-01,3.661265850067138672e+00,1.315572977066040039e+00,1.123901903629302979e-01,1.286390662193298340e+00,-2.680612564086914062e+00,-1.213207468390464783e-01,2.702657222747802734e+00,2.031393647193908691e-01,-3.255439996719360352e-01,-4.156031608581542969e+00,1.345729351043701172e+00,2.325314283370971680e-02,4.205507934093475342e-01,-2.675747156143188477e+00,-1.011006161570549011e-01,2.512997150421142578e+00,-4.482108354568481445e-01,2.945398092269897461e-01,6.283523559570312500e+00,1.314901471138000488e+00,5.038180947303771973e-02,1.484296917915344238e+00,-2.708431005477905273e+00,-9.503458440303802490e-02,3.129392623901367188e+00,4.542057514190673828e-01,-1.937761902809143066e-01,-6.654597759246826172e+00,1.332341194152832031e+00,1.937761902809143066e-02,6.926718950271606445e-01,-2.677563667297363281e+00,-1.415408682078123093e-02,1.801771521568298340e+00,0.000000000000000000e+00,0.000000000000000000e+00,0.000000000000000000e+00,9.983772039413452148e-01,1.282449928112328053e-03,-4.806168749928474426e-02,3.051910735666751862e-02
2.552354574203491211e+00,-1.757987737655639648e-01,1.395188570022583008e-01,4.106554985046386719e+00,1.316572189331054688e+00,8.913704752922058105e-02,1.360605478286743164e+00,-2.685935974121093750e+00,-1.536729484796524048e-01,3.081977605819702148e+00,1.939955353736877441e-01,-3.022908568382263184e-01,-4.527105808258056641e+00,1.346849679946899414e+00,0.000000000000000000e+00,3.463359475135803223e-01,-2.680027961730957031e+00,-8.694653213024139404e-02,2.844902515411376953e+00,-4.347676038742065430e-01,3.139174282550811768e-01,6.308261871337890625e+00,1.315325260162353516e+00,1.937761902809143066e-02,1.385343790054321289e+00,-2.710263490676879883e+00,-8.492452651262283325e-02,3.413882970809936523e+00,4.414589405059814453e-01,-2.635356187820434570e-01,-6.778289318084716797e+00,1.332977056503295898e+00,1.937761902809143066e-02,9.895312786102294922e-01,-2.679285526275634766e+00,-4.044025018811225891e-02,1.849186539649963379e+00,0.000000000000000000e+00,0.000000000000000000e+00,0.000000000000000000e+00,9.984802603721618652e-01,1.377262757159769535e-03,-4.608428850769996643e-02,3.018927015364170074e-02
2.554323911666870117e+00,-1.757987737655639648e-01,1.395188570022583008e-01,4.106554985046386719e+00,1.316572189331054688e+00,8.913704752922058105e-02,1.360605478286743164e+00,-2.685935974121093750e+00,-1.536729484796524048e-01,3.081977605819702148e+00,1.939955353736877441e-01,-3.022908568382263184e-01,-4.527105808258056641e+00,1.346849679946899414e+00,0.000000000000000000e+00,3.463359475135803223e-01,-2.680027961730957031e+00,-8.694653213024139404e-02,2.844902515411376953e+00,-4.347676038742065430e-01,3.139174282550811768e-01,6.308261871337890625e+00,1.315325260162353516e+00,1.937761902809143066e-02,1.385343790054321289e+00,-2.710263490676879883e+00,-8.492452651262283325e-02,3.413882970809936523e+00,4.414589405059814453e-01,-2.635356187820434570e-01,-6.778289318084716797e+00,1.332977056503295898e+00,1.937761902809143066e-02,9.895312786102294922e-01,-2.679285526275634766e+00,-4.044025018811225891e-02,1.849186539649963379e+00,0.000000000000000000e+00,0.000000000000000000e+00,0.000000000000000000e+00,9.984802603721618652e-01,1.377262757159769535e-03,-4.608428850769996643e-02,3.018927015364170074e-02
2.570736169815063477e+00,-1.717112660408020020e-01,1.860251426696777344e-01,4.576581954956054688e+00,1.317056655883789062e+00,-1.937761902809143066e-02,1.385343790054321289e+00,-2.688668966293334961e+00,-1.051446497440338135e-01,3.129392623901367188e+00,1.893933415412902832e-01,-1.899006664752960205e-01,-4.749750137329101562e+00,1.347394704818725586e+00,-2.712866663932800293e-02,3.215976655483245850e-01,-2.682855844497680664e+00,-9.705659747123718262e-02,2.844902515411376953e+00,-4.292570948600769043e-01,2.325314432382583618e-01,6.976195335388183594e+00,1.315718889236450195e+00,2.712866663932800293e-02,1.509035229682922363e+00,-2.711211204528808594e+00,-2.830817364156246185e-02,3.271637678146362305e+00,4.348281621932983398e-01,-2.790377140045166016e-01,-6.877242565155029297e+00,1.332946777343750000e+00,-3.875523805618286133e-03,8.905781507492065430e-01,-2.679854393005371094e+00,-2.224213629961013794e-02,1.849186539649963379e+00,0.000000000000000000e+00,0.000000000000000000e+00,0.000000000000000000e+00,9.985342025756835938e-01,1.510420348495244980e-03,-4.493748024106025696e-02,3.012934513390064240e-02
2.614091873168945312e+00,-1.634758114814758301e-01,6.975942850112915039e-02,4.823965072631835938e+00,1.319054961204528809e+00,4.263076186180114746e-02,1.410082101821899414e+00,-2.693107843399047852e+00,-8.896854519844055176e-02,3.319052934646606445e+00,1.776759624481201172e-01,-2.170293331146240234e-01,-4.749750137329101562e+00,1.348514914512634277e+00,4.650628566741943359e-02,3.215976655483245850e-01,-2.687199831008911133e+00,-1.011006161570549011e-01,3.081977605819702148e+00,-4.186599254608154297e-01,3.255439996719360352e-01,6.506168365478515625e+00,1.317142009735107422e+00,4.263076186180114746e-02,1.558511734008789062e+00,-2.712869882583618164e+00,-5.661634728312492371e-02,3.603543043136596680e+00,4.211729764938354492e-01,-1.550209522247314453e-01,-6.976195335388183594e+00,1.333764314651489258e+00,-3.875523805618286133e-02,8.905781507492065430e-01,-2.681844711303710938e+00,4.044024739414453506e-03,2.086261749267578125e+00,0.000000000000000000e+00,0.000000000000000000e+00,0.000000000000000000e+00,9.986044168472290039e-01,2.249937038868665695e-03,-4.348878189921379089e-02,2.988127991557121277e-02
2.616077423095703125e+00,-1.634758114814758301e-01,6.975942850112915039e-02,4.823965072631835938e+00,1.319054961204528809e+00,4.263076186180114746e-02,1.410082101821899414e+00,-2.693107843399047852e+00,-8.896854519844055176e-02,3.319052934646606445e+00,1.776759624481201172e-01,-2.170293331146240234e-01,-4.749750137329101562e+00,1.348514914512634277e+00,4.650628566741943359e-02,3.215976655483245850e-01,-2.687199831008911133e+00,-1.011006161570549011e-01,3.081977605819702148e+00,-4.186599254608154297e-01,3.255439996719360352e-01,6.506168365478515625e+00,1.317142009735107422e+00,4.263076186180114746e-02,1.558511734008789062e+00,-2.712869882583618164e+00,-5.661634728312492371e-02,3.603543043136596680e+00,4.211729764938354492e-01,-1.550209522247314453e-01,-6.976195335388183594e+00,1.333764314651489258e+00,-3.875523805618286133e-02,8.905781507492065430e-01,-2.681844711303710938e+00,4.044024739414453506e-03,2.086261749267578125e+00,0.000000000000000000e+00,0.000000000000000000e+00,0.000000000000000000e+00,9.986044168472290039e-01,2.249937038868665695e-03,-4.348878189921379089e-02,2.988127991557121277e-02
2.632162094116210938e+00,-1.602966785430908203e-01,1.588964760303497314e-01,4.823965072631835938e+00,1.319660544395446777e+00,0.000000000000000000e+00,1.484296917915344238e+00,-2.694845676422119141e+00,-6.470439583063125610e-02,3.224222660064697266e+00,1.736187934875488281e-01,-3.061663806438446045e-01,-4.799226760864257812e+00,1.348878264427185059e+00,1.550209522247314453e-02,3.710742294788360596e-01,-2.689364194869995117e+00,-9.099055826663970947e-02,3.081977605819702148e+00,-4.121805429458618164e-01,4.146810472011566162e-01,6.234046936035156250e+00,1.317808032035827637e+00,8.138599991798400879e-02,1.509035229682922363e+00,-2.713754653930664062e+00,-1.011006161570549011e-01,3.698373079299926758e+00,4.157230257987976074e-01,-3.449216187000274658e-01,-7.025671958923339844e+00,1.334097385406494141e+00,1.550209522247314453e-02,9.400547146797180176e-01,-2.682745218276977539e+00,-3.033018670976161957e-02,2.228506803512573242e+00,0.000000000000000000e+00,0.000000000000000000e+00,0.000000000000000000e+00,9.986358880996704102e-01,2.225294243544340134e-03,-4.278822988271713257e-02,2.984328381717205048e-02
2.672509670257568359e+00,-1.552705764770507812e-01,2.480335235595703125e-01,4.922918319702148438e+00,1.320538520812988281e+00,1.046391502022743225e-01,1.459558606147766113e+00,-2.696851730346679688e+00,-9.907861053943634033e-02,3.698373079299926758e+00,1.682293415069580078e-01,-2.209048718214035034e-01,-5.046609401702880859e+00,1.349302172660827637e+00,-1.937761902809143066e-02,3.710742294788360596e-01,-2.692160129547119141e+00,-1.597389876842498779e-01,3.698373079299926758e+00,-4.037936925888061523e-01,3.836768567562103271e-01,6.580382823944091797e+00,1.318686127662658691e+00,8.138599991798400879e-02,1.607988357543945312e+00,-2.714891910552978516e+00,-7.077043503522872925e-02,3.840618371963500977e+00,4.080930948257446289e-01,-3.100419044494628906e-01,-6.605121135711669922e+00,1.334581851959228516e+00,-2.712866663932800293e-02,9.647929668426513672e-01,-2.684261560440063477e+00,-1.011006161570549011e-01,2.465582132339477539e+00,0.000000000000000000e+00,0.000000000000000000e+00,0.000000000000000000e+00,9.986714124679565430e-01,2.047881949692964554e-03,-4.190076887607574463e-02,2.992784418165683746e-02
2.679041862487792969e+00,-1.501839756965637207e-01,1.433943808078765869e-01,4.700273513793945312e+00,1.321325778961181641e+00,3.875523805618286133e-02,1.459558606147766113e+00,-2.699537277221679688e+00,-1.213207468390464783e-01,3.840618371963500977e+00,1.629913449287414551e-01,-2.480335235595703125e-01,-5.145562648773193359e+00,1.349514126777648926e+00,-3.487971425056457520e-02,4.452890753746032715e-01,-2.695382833480834961e+00,-1.233427524566650391e-01,3.461297988891601562e+00,-3.980106711387634277e-01,2.674111425876617432e-01,6.926718711853027344e+00,1.319321990013122559e+00,5.038180947303771973e-02,1.632726669311523438e+00,-2.715713500976562500e+00,-4.448427259922027588e-02,3.840618371963500977e+00,3.995851278305053711e-01,-2.945398092269897461e-01,-6.679336071014404297e+00,1.334702849388122559e+00,-1.937761902809143066e-02,1.039007902145385742e+00,-2.685904502868652344e+00,-1.617609895765781403e-02,2.418167114257812500e+00,0.000000000000000000e+00,0.000000000000000000e+00,0.000000000000000000e+00,9.987145662307739258e-01,2.119088545441627502e-03,-4.084280133247375488e-02,2.993947453796863556e-02
2.690683603286743164e+00,-1.481251120567321777e-01,2.402824759483337402e-01,4.799226760864257812e+00,1.321749687194824219e+00,1.356433331966400146e-01,1.286390662193298340e+00,-2.700532436370849609e+00,-1.112106814980506897e-01,3.793203353881835938e+00,1.610838770866394043e-01,-2.674111425876617432e-01,-5.145562648773193359e+00,1.349726080894470215e+00,0.000000000000000000e+00,3.710742294788360596e-01,-2.696567535400390625e+00,-1.152547150850296021e-01,3.793203353881835938e+00,-3.957398533821105957e-01,3.061663806438446045e-01,6.976195335388183594e+00,1.319533824920654297e+00,3.100419044494628906e-02,1.607988357543945312e+00,-2.715902805328369141e+00,-8.088049478828907013e-03,3.840618371963500977e+00,3.967087268829345703e-01,-3.332950472831726074e-01,-6.976195335388183594e+00,1.334823966026306152e+00,-1.937761902809143066e-02,9.647929668426513672e-01,-2.686331033706665039e+00,-3.639622405171394348e-02,2.465582132339477539e+00,0.000000000000000000e+00,0.000000000000000000e+00,0.000000000000000000e+00,9.987336993217468262e-01,2.070634625852108002e-03,-4.041851684451103210e-02,2.988331951200962067e-02
2.710608243942260742e+00,-1.438256502151489258e-01,2.519090473651885986e-01,5.120824337005615234e+00,1.322688221931457520e+00,6.975942850112915039e-02,1.459558606147766113e+00,-2.702428102493286133e+00,-7.885848730802536011e-02,4.077693462371826172e+00,1.564514040946960449e-01,-2.712866663932800293e-01,-5.417683601379394531e+00,1.350270986557006836e+00,7.751047611236572266e-03,2.473828196525573730e-01,-2.698463201522827148e+00,-1.011006161570549011e-01,3.840618371963500977e+00,-3.898357152938842773e-01,4.340586662292480469e-01,6.901980876922607422e+00,1.320321083068847656e+00,5.038180947303771973e-02,1.583250045776367188e+00,-2.716376781463623047e+00,-5.661634728312492371e-02,4.030278205871582031e+00,3.906835317611694336e-01,-3.216684758663177490e-01,-7.124625205993652344e+00,1.335368990898132324e+00,8.138599991798400879e-02,1.039007902145385742e+00,-2.687594890594482422e+00,-6.470439583063125610e-02,2.797487497329711914e+00,0.000000000000000000e+00,0.000000000000000000e+00,0.000000000000000000e+00,9.987668395042419434e-01,2.009524963796138763e-03,-3.967380896210670471e-02,2.977820113301277161e-02
2.740451812744140625e+00,-1.438256502151489258e-01,2.519090473651885986e-01,5.120824337005615234e+00,1.322688221931457520e+00,6.975942850112915039e-02,1.459558606147766113e+00,-2.702428102493286133e+00,-7.885848730802536011e-02,4.077693462371826172e+00,1.564514040946960449e-01,-2.712866663932800293e-01,-5.417683601379394531e+00,1.350270986557006836e+00,7.751047611236572266e-03,2.473828196525573730e-01,-2.698463201522827148e+00,-1.011006161570549011e-01,3.840618371963500977e+00,-3.898357152938842773e-01,4.340586662292480469e-01,6.901980876922607422e+00,1.320321083068847656e+00,5.038180947303771973e-02,1.583250045776367188e+00,-2.716376781463623047e+00,-5.661634728312492371e-02,4.030278205871582031e+00,3.906835317611694336e-01,-3.216684758663177490e-01,-7.124625205993652344e+00,1.335368990898132324e+00,8.138599991798400879e-02,1.039007902145385742e+00,-2.687594890594482422e+00,-6.470439583063125610e-02,2.797487497329711914e+00,0.000000000000000000e+00,0.000000000000000000e+00,0.000000000000000000e+00,9.987668395042419434e-01,2.009524963796138763e-03,-3.967380896210670471e-02,2.977820113301277161e-02
2.752119779586791992e+00,-1.344396471977233887e-01,1.433943808078765869e-01,5.442421913146972656e+00,1.325170993804931641e+00,7.363495230674743652e-02,1.360605478286743164e+00,-2.706993579864501953e+00,-5.459433421492576599e-02,3.982863426208496094e+00,1.441890001296997070e-01,-2.635356187820434570e-01,-5.219777584075927734e+00,1.352057456970214844e+00,3.487971425056457520e-02,2.226445376873016357e-01,-2.703897237777709961e+00,-8.088050037622451782e-02,4.030278205871582031e+00,-3.748180866241455078e-01,3.022908568382263184e-01,6.901980876922607422e+00,1.322713017463684082e+00,2.325314283370971680e-02,1.583250045776367188e+00,-2.717940807342529297e+00,-2.426414936780929565e-02,4.125108718872070312e+00,3.740611672401428223e-01,-3.565481901168823242e-01,-6.901980876922607422e+00,1.336307644844055176e+00,2.712866663932800293e-02,1.187437534332275391e+00,-2.690296173095703125e+00,-4.044024739414453506e-03,2.655242204666137695e+00,0.000000000000000000e+00,0.000000000000000000e+00,0.000000000000000000e+00,9.988519549369812012e-01,2.054278505966067314e-03,-3.736123070120811462e-02,2.991255745291709900e-02
2.773951530456542969e+00,-1.297466158866882324e-01,2.519090473651885986e-01,5.442421913146972656e+00,1.326836228370666504e+00,6.588390469551086426e-02,1.212175846099853516e+00,-2.708873271942138672e+00,-1.091886684298515320e-01,4.267353534698486328e+00,1.376490592956542969e-01,-3.798013329505920410e-01,-5.442421913146972656e+00,1.352511644363403320e+00,5.038180947303771973e-02,3.710742294788360596e-01,-2.705998182296752930e+00,-8.492452651262283325e-02,4.030278205871582031e+00,-3.689442276954650879e-01,2.519090473651885986e-01,7.273055076599121094e+00,1.324014902114868164e+00,9.688809514045715332e-02,1.509035229682922363e+00,-2.718367338180541992e+00,-3.841823711991310120e-02,4.077693462371826172e+00,3.661890029907226562e-01,-3.681747615337371826e-01,-6.827765941619873047e+00,1.336549758911132812e+00,0.000000000000000000e+00,1.311128973960876465e+00,-2.691228151321411133e+00,-4.852829873561859131e-02,2.797487497329711914e+00,0.000000000000000000e+00,0.000000000000000000e+00,0.000000000000000000e+00,9.988827109336853027e-01,2.211699495092034340e-03,-3.643449395895004272e-02,3.001682087779045105e-02
2.793919324874877930e+00,-1.270216703414916992e-01,2.635356187820434570e-01,5.665066719055175781e+00,1.327623486518859863e+00,7.751047611236572266e-02,1.311128973960876465e+00,-2.709931612014770508e+00,-1.132326945662498474e-01,4.314768791198730469e+00,1.343488097190856934e-01,-3.526726663112640381e-01,-5.516636848449707031e+00,1.352784037590026855e+00,6.975942850112915039e-02,3.215976655483245850e-01,-2.707025051116943359e+00,-8.694653213024139404e-02,4.125108718872070312e+00,-3.657045364379882812e-01,3.410460948944091797e-01,7.520437717437744141e+00,1.324711322784423828e+00,5.813286080956459045e-02,1.459558606147766113e+00,-2.718461990356445312e+00,-1.415408682078123093e-02,4.125108718872070312e+00,3.624345660209655762e-01,-3.177929520606994629e-01,-6.704074382781982422e+00,1.336791992187500000e+00,3.875523805618286133e-02,1.162699222564697266e+00,-2.691702127456665039e+00,-1.617609895765781403e-02,2.702657222747802734e+00,0.000000000000000000e+00,0.000000000000000000e+00,0.000000000000000000e+00,9.988951683044433594e-01,2.270713681355118752e-03,-3.607043251395225525e-02,3.003516606986522675e-02
2.814044952392578125e+00,-1.221772432327270508e-01,1.705230474472045898e-01,5.665066719055175781e+00,1.329076766967773438e+00,1.085146665573120117e-01,1.385343790054321289e+00,-2.711558818817138672e+00,-7.077043503522872925e-02,4.219938755035400391e+00,1.285355091094970703e-01,-2.829132378101348877e-01,-5.615590095520019531e+00,1.353238224983215332e+00,-3.875523805618286133e-03,3.215976655483245850e-01,-2.708794355392456055e+00,-9.705659747123718262e-02,4.125108718872070312e+00,-3.595279455184936523e-01,3.914279043674468994e-01,7.025671958923339844e+00,1.325952768325805664e+00,1.007636189460754395e-01,1.583250045776367188e+00,-2.718714714050292969e+00,-1.011006254702806473e-02,4.409598827362060547e+00,3.547440767288208008e-01,-2.867887616157531738e-01,-7.075148582458496094e+00,1.337367296218872070e+00,5.425733327865600586e-02,1.113222718238830566e+00,-2.692318201065063477e+00,8.088049478828907013e-03,2.797487497329711914e+00,0.000000000000000000e+00,0.000000000000000000e+00,0.000000000000000000e+00,9.989154338836669922e-01,2.362088533118367195e-03,-3.545875847339630127e-02,3.008565306663513184e-02
2.832274913787841797e+00,-1.156070232391357422e-01,1.899006664752960205e-01,5.764019489288330078e+00,1.330802559852600098e+00,9.301257133483886719e-02,1.286390662193298340e+00,-2.713091135025024414e+00,-1.011006254702806473e-02,4.030278205871582031e+00,1.209055781364440918e-01,-2.325314432382583618e-01,-5.442421913146972656e+00,1.353843808174133301e+00,-2.325314283370971680e-02,2.721211016178131104e-01,-2.710484743118286133e+00,-4.650628566741943359e-02,4.219938755035400391e+00,-3.501116037368774414e-01,3.410460948944091797e-01,6.877242565155029297e+00,1.327224373817443848e+00,1.007636189460754395e-01,1.484296917915344238e+00,-2.718967437744140625e+00,-4.852829873561859131e-02,4.314768791198730469e+00,3.454186320304870605e-01,-3.681747615337371826e-01,-6.679336071014404297e+00,1.338124275207519531e+00,2.325314283370971680e-02,1.187437534332275391e+00,-2.693186998367309570e+00,-3.033018670976161957e-02,2.892317533493041992e+00,0.000000000000000000e+00,0.000000000000000000e+00,0.000000000000000000e+00,9.989414215087890625e-01,2.222076989710330963e-03,-3.465373069047927856e-02,3.016988188028335571e-02
2.850809812545776367e+00,-1.115498542785644531e-01,2.441580146551132202e-01,5.714543342590332031e+00,1.331589818000793457e+00,5.813286080956459045e-02,1.484296917915344238e+00,-2.713517665863037109e+00,-4.852829873561859131e-02,4.030278205871582031e+00,1.160914897918701172e-01,-3.449216187000274658e-01,-5.467160224914550781e+00,1.354116320610046387e+00,2.325314283370971680e-02,3.710742294788360596e-01,-2.711495637893676758e+00,-2.224213629961013794e-02,4.077693462371826172e+00,-3.448130488395690918e-01,3.410460948944091797e-01,7.223578453063964844e+00,1.327951073646545410e+00,5.038180947303771973e-02,1.607988357543945312e+00,-2.718983411788940430e+00,2.022012369707226753e-03,4.314768791198730469e+00,3.392722606658935547e-01,-2.829132378101348877e-01,-6.827765941619873047e+00,1.338608741760253906e+00,8.913704752922058105e-02,1.162699222564697266e+00,-2.693676710128784180e+00,4.044024739414453506e-03,2.844902515411376953e+00,0.000000000000000000e+00,0.000000000000000000e+00,0.000000000000000000e+00,9.989543557167053223e-01,2.105078427121043205e-03,-3.420066088438034058e-02,3.026767261326313019e-02
2.880644559860229492e+00,-1.110956668853759766e-01,3.061663806438446045e-01,5.541375160217285156e+00,1.331832051277160645e+00,8.913704752922058105e-02,1.360605478286743164e+00,-2.713580846786499023e+00,-2.628616243600845337e-02,4.077693462371826172e+00,1.155464649200439453e-01,-4.146810472011566162e-01,-5.467160224914550781e+00,1.354207158088684082e+00,2.712866663932800293e-02,2.473828196525573730e-01,-2.711669445037841797e+00,-6.066037341952323914e-02,4.125108718872070312e+00,-3.443588912487030029e-01,2.945398092269897461e-01,7.198840141296386719e+00,1.328223466873168945e+00,1.085146665573120117e-01,1.459558606147766113e+00,-2.718983411788940430e+00,8.088049478828907013e-03,4.314768791198730469e+00,3.386667370796203613e-01,-3.022908568382263184e-01,-6.704074382781982422e+00,1.338699579238891602e+00,0.000000000000000000e+00,1.187437534332275391e+00,-2.693724155426025391e+00,-2.022012509405612946e-02,2.844902515411376953e+00,0.000000000000000000e+00,0.000000000000000000e+00,0.000000000000000000e+00,9.989553689956665039e-01,2.089231042191386223e-03,-3.416089713573455811e-02,3.027900494635105133e-02
2.893232583999633789e+00,-1.022243499755859375e-01,2.286559045314788818e-01,5.219777584075927734e+00,1.331832051277160645e+00,1.550209522247314453e-02,9.895312786102294922e-01,-2.713359594345092773e+00,-3.033018670976161957e-02,5.689805030822753906e+00,1.051915287971496582e-01,-2.867887616157531738e-01,-5.145562648773193359e+00,1.352360248565673828e+00,-6.588390469551086426e-02,0.000000000000000000e+00,-2.711637735366821289e+00,-8.088049478828907013e-03,5.594974994659423828e+00,-3.328837156295776367e-01,4.301831722259521484e-01,6.481430053710937500e+00,1.328495979309082031e+00,-3.875523805618286133e-02,1.113222718238830566e+00,-2.718367338180541992e+00,-6.066037341952323914e-03,5.879465103149414062e+00,3.251932263374328613e-01,-2.867887616157531738e-01,-6.679336071014404297e+00,1.337791204452514648e+00,-1.937761902809143066e-02,7.916250228881835938e-01,-2.693487167358398438e+00,1.819811202585697174e-02,4.314768791198730469e+00,0.000000000000000000e+00,0.000000000000000000e+00,0.000000000000000000e+00,9.989843368530273438e-01,2.212867140769958496e-03,-3.318032622337341309e-02,3.040309250354766846e-02
2.913047552108764648e+00,-9.859102964401245117e-02,1.201412379741668701e-01,5.467160224914550781e+00,1.328683137893676758e+00,-2.092783004045486450e-01,4.205507934093475342e-01,-2.711211204528808594e+00,1.637830138206481934e-01,7.870896816253662109e+00,1.012857556343078613e-01,-1.937761902809143066e-01,-5.269254207611083984e+00,1.348514914512634277e+00,-2.790377140045166016e-01,-1.731679737567901611e-01,-2.709726333618164062e+00,2.102892994880676270e-01,7.633821487426757812e+00,-3.250721096992492676e-01,3.604237139225006104e-01,6.580382823944091797e+00,1.325347185134887695e+00,-2.092783004045486450e-01,6.926718950271606445e-01,-2.716250419616699219e+00,1.900691688060760498e-01,8.250217437744140625e+00,3.184110522270202637e-01,-3.642992377281188965e-01,-6.555644512176513672e+00,1.334279060363769531e+00,-2.480335235595703125e-01,4.205507934093475342e-01,-2.691686153411865234e+00,1.658050119876861572e-01,6.780350685119628906e+00,0.000000000000000000e+00,0.000000000000000000e+00,0.000000000000000000e+00,9.990110397338867188e-01,2.122298348695039749e-03,-3.243151307106018066e-02,3.034163638949394226e-02
2.950146198272705078e+00,-9.462469816207885742e-02,5.425733327865600586e-02,5.244515895843505859e+00,1.320144891738891602e+00,-3.720502853393554688e-01,9.647929668426513672e-01,-2.707530498504638672e+00,1.880471557378768921e-01,9.245932579040527344e+00,9.765243530273437500e-02,-1.201412379741668701e-01,-5.417683601379394531e+00,1.340037226676940918e+00,-3.100419044494628906e-01,-3.215976655483245850e-01,-2.706819772720336914e+00,1.354748457670211792e-01,9.767498016357421875e+00,-3.172302246093750000e-01,2.441580146551132202e-01,7.124625205993652344e+00,1.317353963851928711e+00,-2.674111425876617432e-01,1.113222718238830566e+00,-2.710863590240478516e+00,2.527515590190887451e-01,9.103687286376953125e+00,3.100847601890563965e-01,-3.487971425056457520e-01,-6.407215118408203125e+00,1.326406836509704590e+00,-3.487971425056457520e-01,4.452890753746032715e-01,-2.689127206802368164e+00,1.031226366758346558e-01,8.771782875061035156e+00,0.000000000000000000e+00,0.000000000000000000e+00,0.000000000000000000e+00,9.990518689155578613e-01,1.756924320943653584e-03,-3.107532300055027008e-02,3.044058009982109070e-02
2.957463741302490234e+00,-9.462469816207885742e-02,5.425733327865600586e-02,5.244515895843505859e+00,1.320144891738891602e+00,-3.720502853393554688e-01,9.647929668426513672e-01,-2.707530498504638672e+00,1.880471557378768921e-01,9.245932579040527344e+00,9.765243530273437500e-02,-1.201412379741668701e-01,-5.417683601379394531e+00,1.340037226676940918e+00,-3.100419044494628906e-01,-3.215976655483245850e-01,-2.706819772720336914e+00,1.354748457670211792e-01,9.767498016357421875e+00,-3.172302246093750000e-01,2.441580146551132202e-01,7.124625205993652344e+00,1.317353963851928711e+00,-2.674111425876617432e-01,1.113222718238830566e+00,-2.710863590240478516e+00,2.527515590190887451e-01,9.103687286376953125e+00,3.100847601890563965e-01,-3.487971425056457520e-01,-6.407215118408203125e+00,1.326406836509704590e+00,-3.487971425056457520e-01,4.452890753746032715e-01,-2.689127206802368164e+00,1.031226366758346558e-01,8.771782875061035156e+00,0.000000000000000000e+00,0.000000000000000000e+00,0.000000000000000000e+00,9.990518689155578613e-01,1.756924320943653584e-03,-3.107532300055027008e-02,3.044058009982109070e-02
2.970701694488525391e+00,-9.129416942596435547e-02,7.363495230674743652e-02,5.343468666076660156e+00,1.308699965476989746e+00,-4.999426007270812988e-01,4.700273573398590088e-01,-2.700500965118408203e+00,5.257232189178466797e-01,1.024164867401123047e+01,9.432190656661987305e-02,-8.913704752922058105e-02,-5.318730831146240234e+00,1.328985929489135742e+00,-4.534363150596618652e-01,-3.215976655483245850e-01,-2.702886343002319336e+00,3.760943114757537842e-01,1.123736476898193359e+01,-3.125371932983398438e-01,1.588964760303497314e-01,7.594652652740478516e+00,1.305242896080017090e+00,-4.921914935111999512e-01,9.895312786102294922e-01,-2.702049016952514648e+00,5.055031180381774902e-01,1.057355403900146484e+01,3.015161752700805664e-01,-2.480335235595703125e-01,-6.605121135711669922e+00,1.315143585205078125e+00,-6.665900945663452148e-01,3.463359475135803223e-01,-2.686504840850830078e+00,2.830817401409149170e-01,1.085804462432861328e+01,0.000000000000000000e+00,0.000000000000000000e+00,0.000000000000000000e+00,9.990647435188293457e-01,6.389502086676657200e-04,-3.035035170614719391e-02,3.079090639948844910e-02
2.991793155670166016e+00,-9.102165699005126953e-02,-1.162657141685485840e-02,5.887711048126220703e+00,1.300585627555847168e+00,-5.503243803977966309e-01,4.452890753746032715e-01,-2.692018032073974609e+00,6.106477379798889160e-01,1.109511947631835938e+01,9.353470802307128906e-02,-1.162657216191291809e-01,-5.665066719055175781e+00,1.320356845855712891e+00,-6.820921897888183594e-01,-2.473828196525573730e-02,-2.696725368499755859e+00,5.095471739768981934e-01,1.228049564361572266e+01,-3.101755380630493164e-01,2.015272378921508789e-01,7.743082046508789062e+00,1.296856045722961426e+00,-5.231957435607910156e-01,7.916250228881835938e-01,-2.694655895233154297e+00,4.428207278251647949e-01,1.194859027862548828e+01,2.987609505653381348e-01,-1.860251426696777344e-01,-7.198840141296386719e+00,1.307362318038940430e+00,-6.820921897888183594e-01,4.700273573398590088e-01,-2.681070566177368164e+00,4.650628864765167236e-01,1.128477954864501953e+01,0.000000000000000000e+00,0.000000000000000000e+00,0.000000000000000000e+00,9.990546703338623047e-01,9.865748870652168989e-05,-3.048625402152538300e-02,3.098731115460395813e-02
3.022132635116577148e+00,-9.083998203277587891e-02,-2.325314283370971680e-02,5.417683601379394531e+00,1.278452754020690918e+00,-6.627146005630493164e-01,1.682203173637390137e+00,-2.670534133911132812e+00,7.218584418296813965e-01,1.100028896331787109e+01,9.196025133132934570e-02,-7.363495230674743652e-02,-5.318730831146240234e+00,1.299192905426025391e+00,-5.658264756202697754e-01,7.421484589576721191e-02,-2.680754661560058594e+00,5.762735605239868164e-01,1.237532520294189453e+01,-3.033631145954132080e-01,3.100419044494628906e-01,7.025671958923339844e+00,1.275389194488525391e+00,-5.270712375640869141e-01,1.558511734008789062e+00,-2.676631689071655273e+00,5.600974559783935547e-01,1.199600505828857422e+01,2.933412790298461914e-01,-1.860251426696777344e-01,-7.000933647155761719e+00,1.285774469375610352e+00,-5.813285708427429199e-01,9.895312786102294922e-01,-2.666411161422729492e+00,4.994370937347412109e-01,1.218566513061523438e+01,0.000000000000000000e+00,0.000000000000000000e+00,0.000000000000000000e+00,9.990481734275817871e-01,-1.462165266275405884e-03,-3.052853792905807495e-02,3.112255968153476715e-02
3.030971765518188477e+00,-9.047669172286987305e-02,6.200838088989257812e-02,5.269254207611083984e+00,1.274698376655578613e+00,-5.929551720619201660e-01,1.632726669311523438e+00,-2.666537284851074219e+00,7.744307518005371094e-01,1.057355403900146484e+01,9.147584438323974609e-02,-7.751047611236572266e-02,-5.318730831146240234e+00,1.295832037925720215e+00,-6.084572076797485352e-01,2.473828196525573730e-02,-2.677437305450439453e+00,6.490659713745117188e-01,1.180634498596191406e+01,-3.018795251846313477e-01,2.790377140045166016e-01,6.753551006317138672e+00,1.271937608718872070e+00,-5.774530172348022461e-01,1.607988357543945312e+00,-2.673330068588256836e+00,5.702074766159057617e-01,1.166409969329833984e+01,2.924026846885681152e-01,-1.085146665573120117e-01,-6.926718711853027344e+00,1.282443881034851074e+00,-6.394614577293395996e-01,1.113222718238830566e+00,-2.663930892944335938e+00,4.387767016887664795e-01,1.199600505828857422e+01,0.000000000000000000e+00,0.000000000000000000e+00,0.000000000000000000e+00,9.990419149398803711e-01,-1.722542569041252136e-03,-3.067126125097274780e-02,3.116918914020061493e-02
3.052237987518310547e+00,-8.902335166931152344e-02,-7.751047611236572266e-03,5.417683601379394531e+00,1.257561326026916504e+00,-7.712292671203613281e-01,1.583250045776367188e+00,-2.644453287124633789e+00,1.144459009170532227e+00,1.057355403900146484e+01,8.965915441513061523e-02,-1.046391502022743225e-01,-5.145562648773193359e+00,1.279603242874145508e+00,-8.138600587844848633e-01,2.721211016178131104e-01,-2.658133506774902344e+00,1.011006236076354980e+00,1.242274093627929688e+01,-2.940073609352111816e-01,3.061663806438446045e-01,6.827765941619873047e+00,1.256405234336853027e+00,-6.704655885696411133e-01,1.311128973960876465e+00,-2.655842781066894531e+00,8.997955322265625000e-01,1.261240100860595703e+01,2.869224548339843750e-01,-1.937761902809143066e-01,-6.901980876922607422e+00,1.266911506652832031e+00,-6.317104101181030273e-01,5.689804553985595703e-01,-2.648939609527587891e+00,7.784748077392578125e-01,1.280206108093261719e+01,0.000000000000000000e+00,0.000000000000000000e+00,0.000000000000000000e+00,9.990047216415405273e-01,-2.767700236290693283e-03,-3.156170621514320374e-02,3.139881417155265808e-02
3.088003158569335938e+00,-8.790308237075805664e-02,-3.875523805618286133e-03,5.269254207611083984e+00,1.239243388175964355e+00,-7.208474278450012207e-01,1.979062557220458984e+00,-2.617993354797363281e+00,1.130305051803588867e+00,1.047872352600097656e+01,8.741861581802368164e-02,-7.363495230674743652e-02,-4.725011825561523438e+00,1.260861515998840332e+00,-6.975942850112915039e-01,5.689804553985595703e-01,-2.633869409561157227e+00,1.083798766136169434e+00,1.180634498596191406e+01,-2.878912985324859619e-01,1.550209522247314453e-01,6.926718711853027344e+00,1.239177346229553223e+00,-7.634781599044799805e-01,1.781156301498413086e+00,-2.634595870971679688e+00,1.055490493774414062e+00,1.247015571594238281e+01,2.808063626289367676e-01,-2.286559045314788818e-01,-6.357738494873046875e+00,1.249925851821899414e+00,-7.130963802337646484e-01,9.400547146797180176e-01,-2.628861665725708008e+00,9.442797899246215820e-01,1.247015571594238281e+01,0.000000000000000000e+00,0.000000000000000000e+00,0.000000000000000000e+00,9.989728927612304688e-01,-3.369159065186977386e-03,-3.241857513785362244e-02,3.147600591182708740e-02
3.093136072158813477e+00,-8.790308237075805664e-02,-3.875523805618286133e-03,5.269254207611083984e+00,1.239243388175964355e+00,-7.208474278450012207e-01,1.979062557220458984e+00,-2.617993354797363281e+00,1.130305051803588867e+00,1.047872352600097656e+01,8.741861581802368164e-02,-7.363495230674743652e-02,-4.725011825561523438e+00,1.260861515998840332e+00,-6.975942850112915039e-01,5.689804553985595703e-01,-2.633869409561157227e+00,1.083798766136169434e+00,1.180634498596191406e+01,-2.878912985324859619e-01,1.550209522247314453e-01,6.926718711853027344e+00,1.239177346229553223e+00,-7.634781599044799805e-01,1.781156301498413086e+00,-2.634595870971679688e+00,1.055490493774414062e+00,1.247015571594238281e+01,2.808063626289367676e-01,-2.286559045314788818e-01,-6.357738494873046875e+00,1.249925851821899414e+00,-7.130963802337646484e-01,9.400547146797180176e-01,-2.628861665725708008e+00,9.442797899246215820e-01,1.247015571594238281e+01,0.000000000000000000e+00,0.000000000000000000e+00,0.000000000000000000e+00,9.989728927612304688e-01,-3.369159065186977386e-03,-3.241857513785362244e-02,3.147600591182708740e-02
3.112175703048706055e+00,-8.505696058273315430e-02,-1.550209522247314453e-02,5.021871089935302734e+00,1.216928839683532715e+00,-8.216110467910766602e-01,1.929585933685302734e+00,-2.580585956573486328e+00,1.425518751144409180e+00,1.028906345367431641e+01,8.333116769790649414e-02,-6.588390469551086426e-02,-4.823965072631835938e+00,1.238849759101867676e+00,-8.216110467910766602e-01,6.679335832595825195e-01,-2.597030878067016602e+00,1.423496723175048828e+00,1.109511947631835938e+01,-2.782630324363708496e-01,3.720502853393554688e-01,6.036140918731689453e+00,1.218921661376953125e+00,-7.130963802337646484e-01,1.385343790054321289e+00,-2.604423761367797852e+00,1.142437100410461426e+00,1.256498527526855469e+01,2.704817056655883789e-01,-4.030544757843017578e-01,-5.788757801055908203e+00,1.231395959854125977e+00,-7.247229814529418945e-01,7.421484589576721191e-01,-2.601422309875488281e+00,1.239493608474731445e+00,1.261240100860595703e+01,0.000000000000000000e+00,0.000000000000000000e+00,0.000000000000000000e+00,9.989243745803833008e-01,-3.495655488222837448e-03,-3.389612212777137756e-02,3.144746646285057068e-02
3.130627632141113281e+00,-8.408808708190917969e-02,1.550209522247314453e-02,5.046609401702880859e+00,1.206210613250732422e+00,-7.983579039573669434e-01,1.781156301498413086e+00,-2.561187267303466797e+00,1.393166661262512207e+00,1.043130874633789062e+01,8.227145671844482422e-02,-4.263076186180114746e-02,-4.725011825561523438e+00,1.227798461914062500e+00,-8.138600587844848633e-01,6.926718950271606445e-01,-2.579148530960083008e+00,1.433606863021850586e+00,1.185375976562500000e+01,-2.722378075122833252e-01,4.301831722259521484e-01,5.566113471984863281e+00,1.209051132202148438e+00,-7.751047611236572266e-01,1.113222718238830566e+00,-2.590190649032592773e+00,1.146481037139892578e+00,1.346587181091308594e+01,2.650317549705505371e-01,-2.519090473651885986e-01,-5.764019489288330078e+00,1.220556616783142090e+00,-7.092208862304687500e-01,3.463359475135803223e-01,-2.585736036300659180e+00,1.110084772109985352e+00,1.384519195556640625e+01,0.000000000000000000e+00,0.000000000000000000e+00,0.000000000000000000e+00,9.989112615585327148e-01,-3.655659267678856850e-03,-3.437594696879386902e-02,3.132426738739013672e-02
3.158256769180297852e+00,-8.408808708190917969e-02,1.550209522247314453e-02,5.046609401702880859e+00,1.206210613250732422e+00,-7.983579039573669434e-01,1.781156301498413086e+00,-2.561187267303466797e+00,1.393166661262512207e+00,1.043130874633789062e+01,8.227145671844482422e-02,-4.263076186180114746e-02,-4.725011825561523438e+00,1.227798461914062500e+00,-8.138600587844848633e-01,6.926718950271606445e-01,-2.579148530960083008e+00,1.433606863021850586e+00,1.185375976562500000e+01,-2.722378075122833252e-01,4.301831722259521484e-01,5.566113471984863281e+00,1.209051132202148438e+00,-7.751047611236572266e-01,1.113222718238830566e+00,-2.590190649032592773e+00,1.146481037139892578e+00,1.346587181091308594e+01,2.650317549705505371e-01,-2.519090473651885986e-01,-5.764019489288330078e+00,1.220556616783142090e+00,-7.092208862304687500e-01,3.463359475135803223e-01,-2.585736036300659180e+00,1.110084772109985352e+00,1.384519195556640625e+01,0.000000000000000000e+00,0.000000000000000000e+00,0.000000000000000000e+00,9.989112615585327148e-01,-3.655659267678856850e-03,-3.437594696879386902e-02,3.132426738739013672e-02
3.171603918075561523e+00,-8.039426803588867188e-02,8.138599991798400879e-02,4.403414249420166016e+00,1.172965884208679199e+00,-8.022334575653076172e-01,1.706941485404968262e+00,-2.502628087997436523e+00,1.522575378417968750e+00,9.435592651367187500e+00,7.833540439605712891e-02,-1.976517289876937866e-01,-4.057078361511230469e+00,1.193584799766540527e+00,-8.332375884056091309e-01,6.926718950271606445e-01,-2.521537065505981445e+00,1.433606863021850586e+00,1.109511947631835938e+01,-2.580982148647308350e-01,3.100419044494628906e-01,5.665066719055175781e+00,1.178773641586303711e+00,-6.820921897888183594e-01,9.895312786102294922e-01,-2.539229631423950195e+00,1.261735796928405762e+00,1.337104129791259766e+01,2.509527206420898438e-01,-3.875523805618286133e-01,-5.145562648773193359e+00,1.190430402755737305e+00,-7.324740290641784668e-01,5.442422032356262207e-01,-2.538502931594848633e+00,1.156591057777404785e+00,1.242274093627929688e+01,0.000000000000000000e+00,0.000000000000000000e+00,0.000000000000000000e+00,9.988731741905212402e-01,-3.928758203983306885e-03,-3.524333611130714417e-02,3.154176473617553711e-02
3.191930055618286133e+00,-7.851701974868774414e-02,3.487971425056457520e-02,4.527105808258056641e+00,1.157917976379394531e+00,-8.952460289001464844e-01,2.226445436477661133e+00,-2.473340511322021484e+00,1.682314395904541016e+00,8.771782875061035156e+00,7.588291168212890625e-02,-4.263076186180114746e-02,-4.378675937652587891e+00,1.177477121353149414e+00,-8.758683800697326660e-01,1.113222718238830566e+00,-2.492233753204345703e+00,1.724776625633239746e+00,1.000457382202148438e+01,-2.509829998016357422e-01,4.069300293922424316e-01,5.343468666076660156e+00,1.165269851684570312e+00,-6.704655885696411133e-01,1.063746094703674316e+00,-2.514254570007324219e+00,1.502355217933654785e+00,1.237532520294189453e+01,2.438980340957641602e-01,-3.914279043674468994e-01,-5.195039272308349609e+00,1.176563382148742676e+00,-6.743411421775817871e-01,6.679335832595825195e-01,-2.513891220092773438e+00,1.387100577354431152e+00,1.308655071258544922e+01,0.000000000000000000e+00,0.000000000000000000e+00,0.000000000000000000e+00,9.988474249839782715e-01,-3.930237609893083572e-03,-3.591060638427734375e-02,3.160590305924415588e-02
3.230641603469848633e+00,-7.591319084167480469e-02,1.278922855854034424e-01,4.230246067047119141e+00,1.137208104133605957e+00,-7.092208862304687500e-01,2.424351692199707031e+00,-2.433042287826538086e+00,1.583235740661621094e+00,8.250217437744140625e+00,7.418733835220336914e-02,-7.751047611236572266e-02,-4.057078361511230469e+00,1.156192064285278320e+00,-8.564907312393188477e-01,1.385343790054321289e+00,-2.451351165771484375e+00,1.415408730506896973e+00,1.019423389434814453e+01,-2.405977845191955566e-01,4.495607614517211914e-01,5.046609401702880859e+00,1.147194147109985352e+00,-6.898432374000549316e-01,1.385343790054321289e+00,-2.478980064392089844e+00,1.304198026657104492e+00,1.256498527526855469e+01,2.345725893974304199e-01,-2.790377140045166016e-01,-4.823965072631835938e+00,1.157821536064147949e+00,-6.433369517326354980e-01,5.195039510726928711e-01,-2.479169607162475586e+00,1.417430758476257324e+00,1.242274093627929688e+01,0.000000000000000000e+00,0.000000000000000000e+00,0.000000000000000000e+00,9.988286495208740234e-01,-4.169098101556301117e-03,-3.654300048947334290e-02,3.144181892275810242e-02
3.232703447341918945e+00,-7.591319084167480469e-02,1.278922855854034424e-01,4.230246067047119141e+00,1.137208104133605957e+00,-7.092208862304687500e-01,2.424351692199707031e+00,-2.433042287826538086e+00,1.583235740661621094e+00,8.250217437744140625e+00,7.418733835220336914e-02,-7.751047611236572266e-02,-4.057078361511230469e+00,1.156192064285278320e+00,-8.564907312393188477e-01,1.385343790054321289e+00,-2.451351165771484375e+00,1.415408730506896973e+00,1.019423389434814453e+01,-2.405977845191955566e-01,4.495607614517211914e-01,5.046609401702880859e+00,1.147194147109985352e+00,-6.898432374000549316e-01,1.385343790054321289e+00,-2.478980064392089844e+00,1.304198026657104492e+00,1.256498527526855469e+01,2.345725893974304199e-01,-2.790377140045166016e-01,-4.823965072631835938e+00,1.157821536064147949e+00,-6.433369517326354980e-01,5.195039510726928711e-01,-2.479169607162475586e+00,1.417430758476257324e+00,1.242274093627929688e+01,0.000000000000000000e+00,0.000000000000000000e+00,0.000000000000000000e+00,9.988286495208740234e-01,-4.169098101556301117e-03,-3.654300048947334290e-02,3.144181892275810242e-02
3.252253770828247070e+00,-7.191652059555053711e-02,-7.751047611236572266e-03,4.180769443511962891e+00,1.113591670989990234e+00,-7.479761242866516113e-01,2.028539180755615234e+00,-2.383582115173339844e+00,1.734886765480041504e+00,7.870896816253662109e+00,7.082653045654296875e-02,-5.038180947303771973e-02,-4.180769443511962891e+00,1.131061792373657227e+00,-8.061089515686035156e-01,1.558511734008789062e+00,-2.400990486145019531e+00,1.801613092422485352e+00,8.487292289733886719e+00,-2.293648272752761841e-01,2.984153330326080322e-01,5.368206977844238281e+00,1.125818252563476562e+00,-7.053453326225280762e-01,1.088484406471252441e+00,-2.434164047241210938e+00,1.611544013023376465e+00,1.166409969329833984e+01,2.229459881782531738e-01,-2.790377140045166016e-01,-4.749750137329101562e+00,1.137081384658813477e+00,-7.363495230674743652e-01,3.463359475135803223e-01,-2.433674335479736328e+00,1.728820681571960449e+00,1.147443962097167969e+01,0.000000000000000000e+00,0.000000000000000000e+00,0.000000000000000000e+00,9.988181591033935547e-01,-4.300187807530164719e-03,-3.699342161417007446e-02,3.123296797275543213e-02
3.271790504455566406e+00,-7.097792625427246094e-02,3.100419044494628906e-02,4.180769443511962891e+00,1.104023933410644531e+00,-7.944824099540710449e-01,1.929585933685302734e+00,-2.363409280776977539e+00,1.641874194145202637e+00,8.582121849060058594e+00,7.009989023208618164e-02,-6.588390469551086426e-02,-4.106554985046386719e+00,1.120252609252929688e+00,-9.029970169067382812e-01,1.484296917915344238e+00,-2.380675554275512695e+00,1.627720117568969727e+00,9.483008384704589844e+00,-2.254287451505661011e-01,4.301831722259521484e-01,4.848703384399414062e+00,1.116765260696411133e+00,-7.906069159507751465e-01,9.400547146797180176e-01,-2.415318012237548828e+00,1.617609858512878418e+00,1.228049564361572266e+01,2.185254693031311035e-01,-3.022908568382263184e-01,-4.675535202026367188e+00,1.128119349479675293e+00,-7.751047611236572266e-01,2.473828196525573730e-01,-2.414891719818115234e+00,1.530663371086120605e+00,1.280206108093261719e+01,0.000000000000000000e+00,0.000000000000000000e+00,0.000000000000000000e+00,9.988284707069396973e-01,-4.310267046093940735e-03,-3.676433861255645752e-02,3.117025829851627350e-02
3.298583745956420898e+00,-7.088708877563476562e-02,5.425733327865600586e-02,4.156031608581542969e+00,1.101843953132629395e+00,-6.278348565101623535e-01,1.781156301498413086e+00,-2.358717679977416992e+00,1.538751482963562012e+00,9.008857727050781250e+00,7.006961107254028320e-02,-1.937761902809143066e-02,-3.982863426208496094e+00,1.117890954017639160e+00,-7.983579039573669434e-01,1.063746094703674316e+00,-2.375715255737304688e+00,1.627720117568969727e+00,9.388177871704101562e+00,-2.249745875597000122e-01,3.798013329505920410e-01,5.046609401702880859e+00,1.114766955375671387e+00,-6.317104101181030273e-01,9.400547146797180176e-01,-2.410847663879394531e+00,1.558971643447875977e+00,1.204341983795166016e+01,2.179805040359497070e-01,-3.410460948944091797e-01,-4.576581954956054688e+00,1.126999020576477051e+00,-7.596026659011840820e-01,2.721211016178131104e-01,-2.412853956222534180e+00,1.510443329811096191e+00,1.261240100860595703e+01,0.000000000000000000e+00,0.000000000000000000e+00,0.000000000000000000e+00,9.988311529159545898e-01,-4.315471276640892029e-03,-3.669715300202369690e-02,3.116299584507942200e-02
3.313337564468383789e+00,-6.822270154953002930e-02,7.751047611236572266e-02,3.883910179138183594e+00,1.071142554283142090e+00,-7.557271122932434082e-01,2.152230501174926758e+00,-2.300237178802490234e+00,1.492245197296142578e+00,8.582121849060058594e+00,6.761711835861206055e-02,-1.201412379741668701e-01,-3.760218858718872070e+00,1.086281299591064453e+00,-7.518516182899475098e-01,1.261652350425720215e+00,-2.316681861877441406e+00,1.449782848358154297e+00,1.024164867401123047e+01,-2.107138633728027344e-01,3.294195234775543213e-01,4.626058578491210938e+00,1.086790561676025391e+00,-6.355859041213989258e-01,1.410082101821899414e+00,-2.354768276214599609e+00,1.445738911628723145e+00,1.147443962097167969e+01,2.043253183364868164e-01,-3.410460948944091797e-01,-4.378675937652587891e+00,1.097902297973632812e+00,-6.355859041213989258e-01,7.668867111206054688e-01,-2.355337142944335938e+00,1.433606863021850586e+00,1.109511947631835938e+01,0.000000000000000000e+00,0.000000000000000000e+00,0.000000000000000000e+00,9.988837242126464844e-01,-4.413772374391555786e-03,-3.516605868935585022e-02,3.122744709253311157e-02
3.330692052841186523e+00,-6.673908233642578125e-02,-1.162657141685485840e-02,3.958125114440917969e+00,1.056669831275939941e+00,-6.549635529518127441e-01,1.979062557220458984e+00,-2.270017623901367188e+00,1.670182228088378906e+00,8.060556411743164062e+00,6.673908233642578125e-02,-4.650628566741943359e-02,-3.958125114440917969e+00,1.071293830871582031e+00,-7.596026659011840820e-01,1.162699222564697266e+00,-2.287189006805419922e+00,1.674226403236389160e+00,8.819197654724121094e+00,-2.051427960395812988e-01,2.596600949764251709e-01,4.922918319702148438e+00,1.072166442871093750e+00,-7.402250170707702637e-01,8.411015868186950684e-01,-2.324785709381103516e+00,1.554927587509155273e+00,1.209083557128906250e+01,1.988148093223571777e-01,-1.937761902809143066e-01,-4.626058578491210938e+00,1.083732485771179199e+00,-7.983579039573669434e-01,5.689804553985595703e-01,-2.327297449111938477e+00,1.603456020355224609e+00,1.199600505828857422e+01,0.000000000000000000e+00,0.000000000000000000e+00,0.000000000000000000e+00,9.989002346992492676e-01,-4.496921319514513016e-03,-3.473661467432975769e-02,3.116785734891891479e-02
3.366585731506347656e+00,-6.622439622879028320e-02,4.263076186180114746e-02,3.809695482254028320e+00,1.051431894302368164e+00,-6.859677433967590332e-01,2.152230501174926758e+00,-2.259212493896484375e+00,1.571103572845458984e+00,8.013141632080078125e+00,6.661796569824218750e-02,-3.875523805618286133e-03,-3.859171867370605469e+00,1.065813660621643066e+00,-7.634781599044799805e-01,1.632726669311523438e+00,-2.276178598403930664e+00,1.676248311996459961e+00,9.056272506713867188e+00,-2.036289274692535400e-01,2.441580146551132202e-01,4.947656631469726562e+00,1.067322015762329102e+00,-6.200838088989257812e-01,1.063746094703674316e+00,-2.314691543579101562e+00,1.548861503601074219e+00,1.175893020629882812e+01,1.969073414802551270e-01,-2.364069521427154541e-01,-4.304461002349853516e+00,1.077586174011230469e+00,-7.130963802337646484e-01,5.689804553985595703e-01,-2.317140102386474609e+00,1.546839475631713867e+00,1.204341983795166016e+01,0.000000000000000000e+00,0.000000000000000000e+00,0.000000000000000000e+00,9.989095330238342285e-01,-4.399276338517665863e-03,-3.449879214167594910e-02,3.114731796085834503e-02
3.371712923049926758e+00,-6.525546312332153320e-02,9.301257133483886719e-02,3.908648490905761719e+00,1.036716938018798828e+00,-7.751047611236572266e-01,2.399613380432128906e+00,-2.230951786041259766e+00,1.492245197296142578e+00,7.823481559753417969e+00,6.558853387832641602e-02,-1.046391502022743225e-01,-3.686003923416137695e+00,1.051159381866455078e+00,-6.937187314033508301e-01,1.360605478286743164e+00,-2.247238397598266602e+00,1.478091120719909668e+00,9.293348312377929688e+00,-1.989056318998336792e-01,2.712866663932800293e-01,4.922918319702148438e+00,1.053999900817871094e+00,-5.968306660652160645e-01,1.063746094703674316e+00,-2.285672426223754883e+00,1.360814332962036133e+00,1.185375976562500000e+01,1.913059949874877930e-01,-2.286559045314788818e-01,-4.403414249420166016e+00,1.063749313354492188e+00,-6.317104101181030273e-01,5.442422032356262207e-01,-2.288705587387084961e+00,1.573125720024108887e+00,1.194859027862548828e+01,0.000000000000000000e+00,0.000000000000000000e+00,0.000000000000000000e+00,9.989262223243713379e-01,-4.133589100092649460e-03,-3.407547250390052795e-02,3.111561015248298645e-02
3.390676975250244141e+00,-6.340855360031127930e-02,7.751047611236572266e-03,3.710742235183715820e+00,1.015098810195922852e+00,-7.983579039573669434e-01,2.300660133361816406e+00,-2.186815023422241211e+00,1.569081664085388184e+00,7.870896816253662109e+00,6.374162435531616211e-02,-4.263076186180114746e-02,-3.686003923416137695e+00,1.028663158416748047e+00,-8.254866003990173340e-01,1.583250045776367188e+00,-2.202185392379760742e+00,1.684336423873901367e+00,8.819197654724121094e+00,-1.907609701156616211e-01,3.371705710887908936e-01,4.527105808258056641e+00,1.033623218536376953e+00,-6.510879993438720703e-01,6.926718950271606445e-01,-2.242372989654541016e+00,1.803635001182556152e+00,1.095287418365478516e+01,1.835246682167053223e-01,-2.209048718214035034e-01,-4.626058578491210938e+00,1.042676091194152832e+00,-7.402250170707702637e-01,5.195039510726928711e-01,-2.244600296020507812e+00,1.496289134025573730e+00,1.223308086395263672e+01,0.000000000000000000e+00,0.000000000000000000e+00,0.000000000000000000e+00,9.989494085311889648e-01,-3.895408706739544868e-03,-3.350864723324775696e-02,3.101761452853679657e-02
3.410765171051025391e+00,-6.280303001403808594e-02,-7.751047611236572266e-03,3.686003923416137695e+00,1.004653096199035645e+00,-7.828558087348937988e-01,2.350136756896972656e+00,-2.166500091552734375e+00,1.579191684722900391e+00,9.008857727050781250e+00,6.362050771713256836e-02,-3.100419044494628906e-02,-3.760218858718872070e+00,1.017944812774658203e+00,-8.952460289001464844e-01,1.706941485404968262e+00,-2.181933879852294922e+00,1.370924472808837891e+00,1.062096881866455078e+01,-1.868551671504974365e-01,3.371705710887908936e-01,4.502367496490478516e+00,1.023843526840209961e+00,-7.983579039573669434e-01,6.926718950271606445e-01,-2.221204996109008789e+00,1.542795419692993164e+00,1.185375976562500000e+01,1.801638603210449219e-01,-1.666475236415863037e-01,-4.601320266723632812e+00,1.032200098037719727e+00,-9.262501597404479980e-01,5.195039510726928711e-01,-2.221378803253173828e+00,1.623675942420959473e+00,1.147443962097167969e+01,0.000000000000000000e+00,0.000000000000000000e+00,0.000000000000000000e+00,9.989699721336364746e-01,-3.910542000085115433e-03,-3.292612358927726746e-02,3.097756579518318176e-02
3.439442873001098633e+00,-6.147080659866333008e-02,7.751047611236572266e-02,3.636527538299560547e+00,9.874857068061828613e-01,-7.751047611236572266e-01,2.251183748245239258e+00,-2.133215904235839844e+00,1.571103572845458984e+00,8.297632217407226562e+00,6.319659948348999023e-02,-2.712866663932800293e-02,-3.686003923416137695e+00,1.001140832901000977e+00,-7.169718742370605469e-01,1.212175846099853516e+00,-2.148602247238159180e+00,1.560993552207946777e+00,9.435592651367187500e+00,-1.813749372959136963e-01,2.596600949764251709e-01,4.749750137329101562e+00,1.007342338562011719e+00,-7.751047611236572266e-01,1.162699222564697266e+00,-2.187952518463134766e+00,1.597389936447143555e+00,1.137961006164550781e+01,1.757736206054687500e-01,-1.743985712528228760e-01,-4.823965072631835938e+00,1.016092419624328613e+00,-8.293620944023132324e-01,7.668867111206054688e-01,-2.189374208450317383e+00,1.700512409210205078e+00,1.109511947631835938e+01,0.000000000000000000e+00,0.000000000000000000e+00,0.000000000000000000e+00,9.990124106407165527e-01,-3.999429754912853241e-03,-3.158442303538322449e-02,3.099513426423072815e-02
3.452174901962280273e+00,-6.044137477874755859e-02,1.937761902809143066e-02,3.488097667694091797e+00,9.711055755615234375e-01,-6.278348565101623535e-01,1.880109429359436035e+00,-2.100610733032226562e+00,1.358792424201965332e+00,8.629537582397460938e+00,6.183415651321411133e-02,-1.317678093910217285e-01,-3.191238403320312500e+00,9.852148294448852539e-01,-7.789802551269531250e-01,1.509035229682922363e+00,-2.115238904953002930e+00,1.617609858512878418e+00,8.866612434387207031e+00,-1.767122000455856323e-01,1.743985712528228760e-01,4.997132778167724609e+00,9.906896352767944336e-01,-6.084572076797485352e-01,7.916250228881835938e-01,-2.155394792556762695e+00,1.593345761299133301e+00,1.128477954864501953e+01,1.708080768585205078e-01,-1.860251426696777344e-01,-4.502367496490478516e+00,9.973204135894775391e-01,-7.712292671203613281e-01,6.431953310966491699e-01,-2.154146909713745117e+00,1.455848932266235352e+00,1.161668491363525391e+01,0.000000000000000000e+00,0.000000000000000000e+00,0.000000000000000000e+00,9.990393519401550293e-01,-3.808544017374515533e-03,-3.053956292569637299e-02,3.119753114879131317e-02
3.473330497741699219e+00,-5.965411663055419922e-02,-1.162657141685485840e-02,3.710742235183715820e+00,9.588734507560729980e-01,-7.324740290641784668e-01,2.300660133361816406e+00,-2.074087619781494141e+00,1.617609858512878418e+00,7.586406707763671875e+00,6.053221225738525391e-02,-6.588390469551086426e-02,-3.562312602996826172e+00,9.721955060958862305e-01,-7.014698386192321777e-01,1.261652350425720215e+00,-2.088352441787719727e+00,1.755106806755065918e+00,8.392461776733398438e+00,-1.734725087881088257e-01,2.325314432382583618e-01,5.368206977844238281e+00,9.781547188758850098e-01,-6.704655885696411133e-01,9.647929668426513672e-01,-2.126960277557373047e+00,1.631764054298400879e+00,1.123736476898193359e+01,1.672353744506835938e-01,-1.666475236415863037e-01,-4.947656631469726562e+00,9.842101931571960449e-01,-6.743411421775817871e-01,6.431953310966491699e-01,-2.127813339233398438e+00,1.629742026329040527e+00,1.100028896331787109e+01,0.000000000000000000e+00,0.000000000000000000e+00,0.000000000000000000e+00,9.990506768226623535e-01,-3.628759412094950676e-03,-3.010269440710544586e-02,3.127885609865188599e-02
3.492100000381469727e+00,-5.941194295883178711e-02,7.363495230674743652e-02,3.661265850067138672e+00,9.516068696975708008e-01,-6.782166957855224609e-01,2.449090003967285156e+00,-2.059333324432373047e+00,1.360814332962036133e+00,7.965726852416992188e+00,6.016886234283447266e-02,-3.100419044494628906e-02,-3.389144659042358398e+00,9.649289250373840332e-01,-6.704655885696411133e-01,1.558511734008789062e+00,-2.073835134506225586e+00,1.437650799751281738e+00,8.676952362060546875e+00,-1.718980818986892700e-01,1.860251426696777344e-01,4.997132778167724609e+00,9.712514877319335938e-01,-6.355859041213989258e-01,8.411015868186950684e-01,-2.113327503204345703e+00,1.498311281204223633e+00,1.104770469665527344e+01,1.652975678443908691e-01,-2.209048718214035034e-01,-4.700273513793945312e+00,9.770041704177856445e-01,-6.975942850112915039e-01,8.905781507492065430e-01,-2.112822055816650391e+00,1.524597406387329102e+00,1.085804462432861328e+01,0.000000000000000000e+00,0.000000000000000000e+00,0.000000000000000000e+00,9.990613460540771484e-01,-3.485421184450387955e-03,-2.975401841104030609e-02,3.128888830542564392e-02
3.517273426055908203e+00,-5.853384733200073242e-02,1.550209522247314453e-02,3.339668035507202148e+00,9.372855424880981445e-01,-5.852040648460388184e-01,2.127492189407348633e+00,-2.033394813537597656e+00,1.459892988204956055e+00,7.823481559753417969e+00,5.935138463973999023e-02,-8.526152372360229492e-02,-3.389144659042358398e+00,9.503654241561889648e-01,-7.363495230674743652e-01,1.509035229682922363e+00,-2.047280311584472656e+00,1.383056521415710449e+00,8.866612434387207031e+00,-1.676895022392272949e-01,2.480335235595703125e-01,4.947656631469726562e+00,9.572026729583740234e-01,-6.627146005630493164e-01,1.187437534332275391e+00,-2.085303783416748047e+00,1.389122605323791504e+00,1.076321411132812500e+01,1.614826321601867676e-01,-1.937761902809143066e-01,-4.725011825561523438e+00,9.636214971542358398e-01,-7.247229814529418945e-01,8.411015868186950684e-01,-2.083423852920532227e+00,1.552905559539794922e+00,1.076321411132812500e+01,0.000000000000000000e+00,0.000000000000000000e+00,0.000000000000000000e+00,9.990842938423156738e-01,-3.458306659013032913e-03,-2.908823452889919281e-02,3.118445910513401031e-02
3.532192945480346680e+00,-5.677777528762817383e-02,7.363495230674743652e-02,3.339668035507202148e+00,9.160610437393188477e-01,-6.937187314033508301e-01,2.201707124710083008e+00,-1.989100098609924316e+00,1.494267225265502930e+00,7.681236743927001953e+00,5.844306945800781250e-02,-6.588390469551086426e-02,-3.339668035507202148e+00,9.288986325263977051e-01,-7.014698386192321777e-01,1.607988357543945312e+00,-2.002480030059814453e+00,1.649962186813354492e+00,8.582121849060058594e+00,-1.615431606769561768e-01,2.325314432382583618e-01,4.700273513793945312e+00,9.357359409332275391e-01,-6.007061600685119629e-01,7.668867111206054688e-01,-2.040692806243896484e+00,1.656028151512145996e+00,1.081062889099121094e+01,1.555784940719604492e-01,-1.860251426696777344e-01,-4.700273513793945312e+00,9.410344362258911133e-01,-7.479761242866516113e-01,6.679335832595825195e-01,-2.040724754333496094e+00,1.609521865844726562e+00,1.100028896331787109e+01,0.000000000000000000e+00,0.000000000000000000e+00,0.000000000000000000e+00,9.991225004196166992e-01,-3.478867700323462486e-03,-2.795140258967876434e-02,3.099874034523963928e-02
3.550651073455810547e+00,-5.596029758453369141e-02,7.751047611236572266e-02,3.438621282577514648e+00,9.048280715942382812e-01,-6.200838088989257812e-01,1.830632925033569336e+00,-1.966336607933044434e+00,1.463937044143676758e+00,8.629537582397460938e+00,5.801916122436523438e-02,-1.937761902809143066e-02,-3.587050914764404297e+00,9.176051616668701172e-01,-6.743411421775817871e-01,1.162699222564697266e+00,-1.978974342346191406e+00,1.619632005691528320e+00,8.961442947387695312e+00,-1.582429111003875732e-01,2.364069521427154541e-01,5.120824337005615234e+00,9.246846437454223633e-01,-6.278348565101623535e-01,6.431953310966491699e-01,-2.016823768615722656e+00,1.619632005691528320e+00,1.109511947631835938e+01,1.527626514434814453e-01,-1.046391502022743225e-01,-5.046609401702880859e+00,9.299225807189941406e-01,-6.937187314033508301e-01,4.205507934093475342e-01,-2.017376661300659180e+00,1.585257768630981445e+00,1.123736476898193359e+01,0.000000000000000000e+00,0.000000000000000000e+00,0.000000000000000000e+00,9.991315603256225586e-01,-3.555953502655029297e-03,-2.763994410634040833e-02,3.097464516758918762e-02
3.577772617340087891e+00,-5.596029758453369141e-02,7.751047611236572266e-02,3.438621282577514648e+00,9.048280715942382812e-01,-6.200838088989257812e-01,1.830632925033569336e+00,-1.966336607933044434e+00,1.463937044143676758e+00,8.629537582397460938e+00,5.801916122436523438e-02,-1.937761902809143066e-02,-3.587050914764404297e+00,9.176051616668701172e-01,-6.743411421775817871e-01,1.162699222564697266e+00,-1.978974342346191406e+00,1.619632005691528320e+00,8.961442947387695312e+00,-1.582429111003875732e-01,2.364069521427154541e-01,5.120824337005615234e+00,9.246846437454223633e-01,-6.278348565101623535e-01,6.431953310966491699e-01,-2.016823768615722656e+00,1.619632005691528320e+00,1.109511947631835938e+01,1.527626514434814453e-01,-1.046391502022743225e-01,-5.046609401702880859e+00,9.299225807189941406e-01,-6.937187314033508301e-01,4.205507934093475342e-01,-2.017376661300659180e+00,1.585257768630981445e+00,1.123736476898193359e+01,0.000000000000000000e+00,0.000000000000000000e+00,0.000000000000000000e+00,9.991315603256225586e-01,-3.555953502655029297e-03,-2.763994410634040833e-02,3.097464516758918762e-02
3.590796709060668945e+00,-5.420416593551635742e-02,4.263076186180114746e-02,3.018070459365844727e+00,8.782746791839599609e-01,-6.007061600685119629e-01,2.399613380432128906e+00,-1.910620689392089844e+00,1.387100577354431152e+00,7.396746158599853516e+00,5.689889192581176758e-02,-7.751047611236572266e-02,-3.191238403320312500e+00,8.895378708839416504e-01,-7.053453326225280762e-01,1.880109429359436035e+00,-1.922800302505493164e+00,1.433606863021850586e+00,7.965726852416992188e+00,-1.526415646076202393e-01,1.201412379741668701e-01,5.442421913146972656e+00,8.970714807510375977e-01,-5.658264756202697754e-01,1.311128973960876465e+00,-1.959891438484191895e+00,1.482135176658630371e+00,9.862328529357910156e+00,1.467071771621704102e-01,-1.860251426696777344e-01,-4.799226760864257812e+00,9.016433954238891602e-01,-6.588390469551086426e-01,9.895312786102294922e-01,-1.960270643234252930e+00,1.546839475631713867e+00,9.483008384704589844e+00,0.000000000000000000e+00,0.000000000000000000e+00,0.000000000000000000e+00,9.991655349731445312e-01,-3.548301989212632179e-03,-2.640824019908905029e-02,3.095623292028903961e-02
3.610630750656127930e+00,-5.338668823242187500e-02,0.000000000000000000e+00,3.389144659042358398e+00,8.626211881637573242e-01,-7.828558087348937988e-01,2.498566389083862305e+00,-1.878726601600646973e+00,1.528641462326049805e+00,7.633821487426757812e+00,5.605113506317138672e-02,-3.487971425056457520e-02,-3.265453338623046875e+00,8.735210299491882324e-01,-6.820921897888183594e-01,1.484296917915344238e+00,-1.891458988189697266e+00,1.805657148361206055e+00,7.301916122436523438e+00,-1.503404676914215088e-01,1.278922855854034424e-01,5.838234424591064453e+00,8.812060952186584473e-01,-8.022334575653076172e-01,1.039007902145385742e+00,-1.928866267204284668e+00,1.736908674240112305e+00,1.024164867401123047e+01,1.430739164352416992e-01,-8.913704752922058105e-02,-5.046609401702880859e+00,8.859596252441406250e-01,-6.704655885696411133e-01,5.937187671661376953e-01,-1.926386117935180664e+00,1.714666604995727539e+00,9.814913749694824219e+00,0.000000000000000000e+00,0.000000000000000000e+00,0.000000000000000000e+00,9.991781711578369141e-01,-3.359072608873248100e-03,-2.612216956913471222e-02,3.081232123076915741e-02
3.630640745162963867e+00,-5.314445495605468750e-02,-1.162657141685485840e-02,3.265453338623046875e+00,8.542040586471557617e-01,-7.208474278450012207e-01,2.028539180755615234e+00,-1.861855506896972656e+00,1.548861503601074219e+00,8.297632217407226562e+00,5.565750598907470703e-02,-6.200838088989257812e-02,-3.117023468017578125e+00,8.651947379112243652e-01,-7.208474278450012207e-01,1.360605478286743164e+00,-1.871855020523071289e+00,1.526619434356689453e+00,8.487292289733886719e+00,-1.494321525096893311e-01,1.240167617797851562e-01,5.937187671661376953e+00,8.738788962364196777e-01,-6.239593029022216797e-01,1.286390662193298340e+00,-1.911931872367858887e+00,1.449782848358154297e+00,1.047872352600097656e+01,1.410756111145019531e-01,-1.782740950584411621e-01,-5.244515895843505859e+00,8.786324858665466309e-01,-7.751047611236572266e-01,9.400547146797180176e-01,-1.908883094787597656e+00,1.526619434356689453e+00,9.767498016357421875e+00,0.000000000000000000e+00,0.000000000000000000e+00,0.000000000000000000e+00,9.991909265518188477e-01,-3.217085730284452438e-03,-2.574272453784942627e-02,3.073386475443840027e-02
3.654520034790039062e+00,-5.253893136978149414e-02,6.975942850112915039e-02,3.141761779785156250e+00,8.405488729476928711e-01,-7.014698386192321777e-01,2.152230501174926758e+00,-1.835111141204833984e+00,1.344638228416442871e+00,7.965726852416992188e+00,5.487030744552612305e-02,-6.200838088989257812e-02,-3.117023468017578125e+00,8.516001105308532715e-01,-6.743411421775817871e-01,1.706941485404968262e+00,-1.843736410140991211e+00,1.455848932266235352e+00,7.776066780090332031e+00,-1.473732739686965942e-01,6.588390469551086426e-02,5.838234424591064453e+00,8.589218258857727051e-01,-7.402250170707702637e-01,1.484296917915344238e+00,-1.881585836410522461e+00,1.508421301841735840e+00,9.862328529357910156e+00,1.377450227737426758e-01,-9.301257133483886719e-02,-5.195039272308349609e+00,8.640992641448974609e-01,-6.278348565101623535e-01,8.658398389816284180e-01,-1.881143569946289062e+00,1.544817566871643066e+00,9.767498016357421875e+00,0.000000000000000000e+00,0.000000000000000000e+00,0.000000000000000000e+00,9.992100000381469727e-01,-2.975391689687967300e-03,-2.524855919182300568e-02,3.054856322705745697e-02
3.670593500137329102e+00,-5.147922039031982422e-02,6.588390469551086426e-02,3.067546844482421875e+00,8.211409449577331543e-01,-7.402250170707702637e-01,2.300660133361816406e+00,-1.795366048812866211e+00,1.530663371086120605e+00,7.207086086273193359e+00,5.359864234924316406e-02,-3.100419044494628906e-02,-3.042808771133422852e+00,8.314655423164367676e-01,-7.402250170707702637e-01,1.459558606147766113e+00,-1.803027629852294922e+00,1.575147747993469238e+00,7.965726852416992188e+00,-1.441941261291503906e-01,1.976517289876937866e-01,5.887711048126220703e+00,8.379697799682617188e-01,-7.673537135124206543e-01,1.360605478286743164e+00,-1.841335177421569824e+00,1.651984214782714844e+00,1.009940338134765625e+01,1.332033872604370117e-01,-2.325314432382583618e-01,-5.244515895843505859e+00,8.445096611976623535e-01,-6.665900945663452148e-01,7.916250228881835938e-01,-1.839518547058105469e+00,1.668160319328308105e+00,9.625253677368164062e+00,0.000000000000000000e+00,0.000000000000000000e+00,0.000000000000000000e+00,9.992362260818481445e-01,-2.695015631616115570e-03,-2.463891170918941498e-02,3.020701557397842407e-02
3.690549612045288086e+00,-5.072230100631713867e-02,2.712866663932800293e-02,2.968593835830688477e+00,8.084244132041931152e-01,-7.014698386192321777e-01,2.078015804290771484e+00,-1.769032478332519531e+00,1.563015699386596680e+00,7.586406707763671875e+00,5.296283960342407227e-02,-5.425733327865600586e-02,-3.166500091552734375e+00,8.185067772865295410e-01,-7.169718742370605469e-01,1.459558606147766113e+00,-1.776409626007080078e+00,1.621654033660888672e+00,7.870896816253662109e+00,-1.419536024332046509e-01,1.666475236415863037e-01,6.357738494873046875e+00,8.249807357788085938e-01,-7.130963802337646484e-01,1.063746094703674316e+00,-1.814038038253784180e+00,1.651984214782714844e+00,9.767498016357421875e+00,1.305692195892333984e-01,-1.550209522247314453e-01,-5.368206977844238281e+00,8.317931294441223145e-01,-7.324740290641784668e-01,5.689804553985595703e-01,-1.813485145568847656e+00,1.639852046966552734e+00,9.672668457031250000e+00,0.000000000000000000e+00,0.000000000000000000e+00,0.000000000000000000e+00,9.992480278015136719e-01,-2.584882313385605812e-03,-2.436328493058681488e-02,3.005034103989601135e-02
3.718322277069091797e+00,-4.939007759094238281e-02,1.550209522247314453e-02,2.943855524063110352e+00,7.879870533943176270e-01,-6.549635529518127441e-01,2.028539180755615234e+00,-1.728007674217224121e+00,1.425518751144409180e+00,7.207086086273193359e+00,5.232697725296020508e-02,-4.263076186180114746e-02,-3.067546844482421875e+00,7.979180812835693359e-01,-6.665900945663452148e-01,1.706941485404968262e+00,-1.734816312789916992e+00,1.538751482963562012e+00,7.491576194763183594e+00,-1.381689012050628662e-01,1.627719998359680176e-01,6.036140918731689453e+00,8.037258982658386230e-01,-6.975942850112915039e-01,1.162699222564697266e+00,-1.772444605827331543e+00,1.504377245903015137e+00,9.862328529357910156e+00,1.271479129791259766e-01,-8.913704752922058105e-02,-5.640328407287597656e+00,8.107502460479736328e-01,-7.479761242866516113e-01,9.647929668426513672e-01,-1.770754337310791016e+00,1.463937044143676758e+00,9.862328529357910156e+00,0.000000000000000000e+00,0.000000000000000000e+00,0.000000000000000000e+00,9.992710947990417480e-01,-2.568693598732352257e-03,-2.360119670629501343e-02,2.989380061626434326e-02
3.730875492095947266e+00,-4.878449440002441406e-02,8.138599991798400879e-02,2.745949268341064453e+00,7.808113098144531250e-01,-5.270712375640869141e-01,2.399613380432128906e+00,-1.712937474250793457e+00,1.413386702537536621e+00,6.638105869293212891e+00,5.199390649795532227e-02,-7.363495230674743652e-02,-2.919117212295532227e+00,7.892889976501464844e-01,-6.743411421775817871e-01,1.459558606147766113e+00,-1.719777584075927734e+00,1.417430758476257324e+00,8.439877510070800781e+00,-1.363219767808914185e-01,2.131538093090057373e-01,6.036140918731689453e+00,7.962776422500610352e-01,-5.541998744010925293e-01,1.311128973960876465e+00,-1.756837129592895508e+00,1.451804995536804199e+00,1.028906345367431641e+01,1.255432367324829102e-01,-1.356433331966400146e-01,-5.640328407287597656e+00,8.034230470657348633e-01,-6.588390469551086426e-01,9.647929668426513672e-01,-1.753504037857055664e+00,1.395188570022583008e+00,1.024164867401123047e+01,0.000000000000000000e+00,0.000000000000000000e+00,0.000000000000000000e+00,9.992783665657043457e-01,-2.561032539233565331e-03,-2.330415695905685425e-02,2.988215908408164978e-02
3.750748634338378906e+00,-4.799729585647583008e-02,1.007636189460754395e-01,2.919117212295532227e+00,7.671258449554443359e-01,-7.518516182899475098e-01,2.226445436477661133e+00,-1.685008406639099121e+00,1.465958952903747559e+00,7.301916122436523438e+00,5.181229114532470703e-02,0.000000000000000000e+00,-3.141761779785156250e+00,7.764210104942321777e-01,-6.782166957855224609e-01,1.459558606147766113e+00,-1.691264033317565918e+00,1.573125720024108887e+00,7.586406707763671875e+00,-1.338694989681243896e-01,8.913704752922058105e-02,6.506168365478515625e+00,7.822893857955932617e-01,-7.751047611236572266e-01,1.088484406471252441e+00,-1.727439045906066895e+00,1.635808110237121582e+00,9.625253677368164062e+00,1.236659288406372070e-01,-6.975942850112915039e-02,-6.159832000732421875e+00,7.894651293754577637e-01,-7.751047611236572266e-01,8.411015868186950684e-01,-1.723789930343627930e+00,1.651984214782714844e+00,9.293348312377929688e+00,0.000000000000000000e+00,0.000000000000000000e+00,0.000000000000000000e+00,9.992830753326416016e-01,-2.577450126409530640e-03,-2.302012220025062561e-02,2.994479984045028687e-02
3.787230730056762695e+00,-4.705870151519775391e-02,-3.875523805618286133e-03,2.745949268341064453e+00,7.476574182510375977e-01,-6.278348565101623535e-01,1.830632925033569336e+00,-1.645326375961303711e+00,1.364858388900756836e+00,7.491576194763183594e+00,5.147922039031982422e-02,-8.138599991798400879e-02,-3.018070459365844727e+00,7.565589547157287598e-01,-6.162083148956298828e-01,1.632726669311523438e+00,-1.651818990707397461e+00,1.476069092750549316e+00,7.586406707763671875e+00,-1.305389702320098877e-01,1.201412379741668701e-01,6.506168365478515625e+00,7.623970508575439453e-01,-6.588390469551086426e-01,1.410082101821899414e+00,-1.686903953552246094e+00,1.554927587509155273e+00,9.103687286376953125e+00,1.213649511337280273e-01,7.751047611236572266e-03,-6.308261871337890625e+00,7.686947584152221680e-01,-6.937187314033508301e-01,8.411015868186950684e-01,-1.685419082641601562e+00,1.534707427024841309e+00,9.008857727050781250e+00,0.000000000000000000e+00,0.000000000000000000e+00,0.000000000000000000e+00,9.993004202842712402e-01,-2.691166708245873451e-03,-2.220887131989002228e-02,2.997073903679847717e-02
3.797900438308715820e+00,-4.648339748382568359e-02,7.363495230674743652e-02,2.745949268341064453e+00,7.411476969718933105e-01,-5.774530172348022461e-01,2.152230501174926758e+00,-1.632293820381164551e+00,1.294088006019592285e+00,7.017426013946533203e+00,5.129754543304443359e-02,-1.123901903629302979e-01,-3.067546844482421875e+00,7.499887347221374512e-01,-6.472124457359313965e-01,1.929585933685302734e+00,-1.639181375503540039e+00,1.381034493446350098e+00,7.396746158599853516e+00,-1.294489800930023193e-01,2.092783004045486450e-01,6.407215118408203125e+00,7.558268308639526367e-01,-6.007061600685119629e-01,1.385343790054321289e+00,-1.673587203025817871e+00,1.463937044143676758e+00,9.008857727050781250e+00,1.206685304641723633e-01,-4.263076186180114746e-02,-6.184570312500000000e+00,7.621245384216308594e-01,-6.239593029022216797e-01,1.162699222564697266e+00,-1.670901775360107422e+00,1.589301824569702148e+00,8.250217437744140625e+00,0.000000000000000000e+00,0.000000000000000000e+00,0.000000000000000000e+00,9.993045926094055176e-01,-2.763877389952540398e-03,-2.201679721474647522e-02,2.996730431914329529e-02
3.810561180114746094e+00,-4.533284902572631836e-02,7.751047611236572266e-03,2.745949268341064453e+00,7.279769778251647949e-01,-5.658264756202697754e-01,2.325398445129394531e+00,-1.604696512222290039e+00,1.498311281204223633e+00,7.586406707763671875e+00,5.057090520858764648e-02,-3.100419044494628906e-02,-2.943855524063110352e+00,7.366060614585876465e-01,-7.208474278450012207e-01,1.212175846099853516e+00,-1.611141800880432129e+00,1.573125720024108887e+00,7.823481559753417969e+00,-1.272084414958953857e-01,1.123901903629302979e-01,7.000933647155761719e+00,7.424441576004028320e-01,-6.859677433967590332e-01,7.916250228881835938e-01,-1.644963026046752930e+00,1.419452667236328125e+00,1.005198860168457031e+01,1.189427375793457031e-01,-6.975942850112915039e-02,-6.283523559570312500e+00,7.488629817962646484e-01,-7.479761242866516113e-01,5.442422032356262207e-01,-1.640034437179565430e+00,1.476069092750549316e+00,9.862328529357910156e+00,0.000000000000000000e+00,0.000000000000000000e+00,0.000000000000000000e+00,9.993075132369995117e-01,-2.795972162857651711e-03,-2.185230143368244171e-02,2.998443320393562317e-02
3.830572366714477539e+00,-4.542368650436401367e-02,-5.425733327865600586e-02,2.869640827178955078e+00,7.167137861251831055e-01,-6.278348565101623535e-01,1.484296917915344238e+00,-1.580843091011047363e+00,1.540773510932922363e+00,7.681236743927001953e+00,5.029839277267456055e-02,-6.200838088989257812e-02,-2.919117212295532227e+00,7.252216935157775879e-01,-5.929551720619201660e-01,1.039007902145385742e+00,-1.587035655975341797e+00,1.484157085418701172e+00,8.107972145080566406e+00,-1.263001263141632080e-01,4.650628566741943359e-02,7.273055076599121094e+00,7.310900688171386719e-01,-6.472124457359313965e-01,7.421484589576721191e-01,-1.620856881141662598e+00,1.662094235420227051e+00,9.814913749694824219e+00,1.173076629638671875e-01,-9.301257133483886719e-02,-6.580382823944091797e+00,7.369638681411743164e-01,-7.247229814529418945e-01,5.442422032356262207e-01,-1.618218898773193359e+00,1.651984214782714844e+00,9.293348312377929688e+00,0.000000000000000000e+00,0.000000000000000000e+00,0.000000000000000000e+00,9.993147850036621094e-01,-2.614669501781463623e-03,-2.149889618158340454e-02,3.001424483954906464e-02
3.856999397277832031e+00,-4.533284902572631836e-02,5.038180947303771973e-02,2.820164203643798828e+00,7.030283212661743164e-01,-7.208474278450012207e-01,1.781156301498413086e+00,-1.554209470748901367e+00,1.522575378417968750e+00,7.681236743927001953e+00,4.984420537948608398e-02,-3.100419044494628906e-02,-2.844902515411376953e+00,7.115665674209594727e-01,-7.441005706787109375e-01,1.484296917915344238e+00,-1.561144351959228516e+00,1.439672946929931641e+00,8.676952362060546875e+00,-1.249981820583343506e-01,1.550209522247314453e-01,6.976195335388183594e+00,7.167385220527648926e-01,-7.130963802337646484e-01,1.385343790054321289e+00,-1.592248558998107910e+00,1.674226403236389160e+00,9.198517799377441406e+00,1.153093576431274414e-01,-1.472699046134948730e-01,-6.555644512176513672e+00,7.226123809814453125e-01,-7.285984754562377930e-01,9.400547146797180176e-01,-1.589547395706176758e+00,1.645918130874633789e+00,9.577837944030761719e+00,0.000000000000000000e+00,0.000000000000000000e+00,0.000000000000000000e+00,9.993323683738708496e-01,-2.537444466724991798e-03,-2.071007899940013885e-02,2.999226748943328857e-02
3.873502969741821289e+00,-4.484844207763671875e-02,-2.712866663932800293e-02,2.671734333038330078e+00,6.844984889030456543e-01,-6.355859041213989258e-01,2.424351692199707031e+00,-1.516486287117004395e+00,1.344638228416442871e+00,5.974295139312744141e+00,4.836064577102661133e-02,-7.751047611236572266e-02,-2.646996259689331055e+00,6.924008727073669434e-01,-6.007061600685119629e-01,1.904847741127014160e+00,-1.523168444633483887e+00,1.366880416870117188e+00,6.638105869293212891e+00,-1.230604201555252075e-01,1.627719998359680176e-01,7.273055076599121094e+00,6.968461871147155762e-01,-5.968306660652160645e-01,1.459558606147766113e+00,-1.552408576011657715e+00,1.482135176658630371e+00,8.107972145080566406e+00,1.121605634689331055e-01,-1.046391502022743225e-01,-6.407215118408203125e+00,7.033255696296691895e-01,-5.735775232315063477e-01,1.162699222564697266e+00,-1.549470424652099609e+00,1.488201141357421875e+00,8.392461776733398438e+00,0.000000000000000000e+00,0.000000000000000000e+00,0.000000000000000000e+00,9.993519186973571777e-01,-2.251192694529891014e-03,-1.991976238787174225e-02,2.989665418863296509e-02
3.890559434890747070e+00,-4.418230056762695312e-02,-7.751047611236572266e-03,2.646996259689331055e+00,6.760207414627075195e-01,-5.425733327865600586e-01,2.523304700851440430e+00,-1.497545719146728516e+00,1.243537664413452148e+00,6.069125175476074219e+00,4.754310846328735352e-02,-2.325314283370971680e-02,-2.646996259689331055e+00,6.837717890739440918e-01,-5.890796184539794922e-01,2.028539180755615234e+00,-1.504212141036987305e+00,1.265779852867126465e+00,6.116540431976318359e+00,-1.223337575793266296e-01,2.712866663932800293e-02,7.495699405670166016e+00,6.883987784385681152e-01,-5.231957435607910156e-01,1.607988357543945312e+00,-1.532994151115417480e+00,1.190965294837951660e+00,8.297632217407226562e+00,1.105557680130004883e-01,-6.200838088989257812e-02,-6.382476806640625000e+00,6.951808929443359375e-01,-4.573118090629577637e-01,1.063746094703674316e+00,-1.530561447143554688e+00,1.251625657081604004e+00,7.776066780090332031e+00,0.000000000000000000e+00,0.000000000000000000e+00,0.000000000000000000e+00,9.993535280227661133e-01,-2.173105487599968910e-03,-1.997663453221321106e-02,2.981276065111160278e-02
3.910526275634765625e+00,-4.390984773635864258e-02,3.875523805618286133e-03,2.745949268341064453e+00,6.711763739585876465e-01,-4.263076186180114746e-01,2.325398445129394531e+00,-1.486329913139343262e+00,1.075710535049438477e+00,5.879465103149414062e+00,4.705870151519775391e-02,-7.363495230674743652e-02,-2.548043012619018555e+00,6.788365244865417480e-01,-5.154446363449096680e-01,1.880109429359436035e+00,-1.492790818214416504e+00,1.235449671745300293e+00,5.642389774322509766e+00,-1.220007091760635376e-01,2.325314283370971680e-02,7.297793388366699219e+00,6.838268637657165527e-01,-4.960670471191406250e-01,1.558511734008789062e+00,-1.521967768669128418e+00,1.162657141685485840e+00,7.823481559753417969e+00,1.096777915954589844e-01,-4.650628566741943359e-02,-6.407215118408203125e+00,6.905181407928466797e-01,-5.658264756202697754e-01,9.895312786102294922e-01,-1.519171833992004395e+00,1.239493608474731445e+00,7.396746158599853516e+00,0.000000000000000000e+00,0.000000000000000000e+00,0.000000000000000000e+00,9.993526935577392578e-01,-2.073238370940089226e-03,-2.009095996618270874e-02,2.977257408201694489e-02
3.936780452728271484e+00,-4.360705614089965820e-02,0.000000000000000000e+00,2.721210956573486328e+00,6.630922555923461914e-01,-3.139174282550811768e-01,2.251183748245239258e+00,-1.466599464416503906e+00,8.856414556503295898e-01,5.594974994659423828e+00,4.651367664337158203e-02,-3.875523805618286133e-02,-2.721210956573486328e+00,6.711460351943969727e-01,-3.991789519786834717e-01,1.880109429359436035e+00,-1.473344802856445312e+00,1.013028264045715332e+00,5.784635066986083984e+00,-1.214557141065597534e-01,7.363495230674743652e-02,7.347269535064697266e+00,6.760455369949340820e-01,-2.984153330326080322e-01,1.360605478286743164e+00,-1.504480600357055664e+00,7.926288843154907227e-01,8.629537582397460938e+00,1.081941127777099609e-01,-6.588390469551086426e-02,-6.506168365478515625e+00,6.829184889793395996e-01,-3.798013329505920410e-01,9.400547146797180176e-01,-1.499962687492370605e+00,8.249810934066772461e-01,8.202801704406738281e+00,0.000000000000000000e+00,0.000000000000000000e+00,0.000000000000000000e+00,9.993556141853332520e-01,-1.956713851541280746e-03,-2.017438970506191254e-02,2.962478995323181152e-02
3.951793670654296875e+00,-4.351621866226196289e-02,0.000000000000000000e+00,2.646996259689331055e+00,6.554320454597473145e-01,-2.015272378921508789e-01,1.904847741127014160e+00,-1.446679472923278809e+00,5.722295045852661133e-01,6.116540431976318359e+00,4.627150297164916992e-02,-2.712866663932800293e-02,-2.770687580108642578e+00,6.630619764328002930e-01,-2.712866663932800293e-01,1.484296917915344238e+00,-1.451402783393859863e+00,6.328899264335632324e-01,6.116540431976318359e+00,-1.212740465998649597e-01,1.937761902809143066e-02,7.545176029205322266e+00,6.680825352668762207e-01,-2.131538093090057373e-01,1.212175846099853516e+00,-1.482633352279663086e+00,6.369339227676391602e-01,8.013141632080078125e+00,1.064077615737915039e-01,-1.550209522247314453e-02,-6.555644512176513672e+00,6.757730245590209961e-01,-2.054027616977691650e-01,8.905781507492065430e-01,-1.480153322219848633e+00,6.672641038894653320e-01,7.870896816253662109e+00,0.000000000000000000e+00,0.000000000000000000e+00,0.000000000000000000e+00,9.993695616722106934e-01,-1.787515589967370033e-03,-1.999861188232898712e-02,2.928134985268115997e-02
3.970623731613159180e+00,-4.348593950271606445e-02,0.000000000000000000e+00,2.770687580108642578e+00,6.527675986289978027e-01,-8.526152372360229492e-02,1.781156301498413086e+00,-1.439918398857116699e+00,4.630408585071563721e-01,6.448445320129394531e+00,4.627150297164916992e-02,-2.712866663932800293e-02,-2.820164203643798828e+00,6.604883670806884766e-01,-2.015272378921508789e-01,1.484296917915344238e+00,-1.443899273872375488e+00,5.055031180381774902e-01,6.495860576629638672e+00,-1.213043257594108582e-01,2.325314283370971680e-02,7.347269535064697266e+00,6.648428440093994141e-01,-1.085146665573120117e-01,1.162699222564697266e+00,-1.473960757255554199e+00,5.237011909484863281e-01,8.107972145080566406e+00,1.057114601135253906e-01,1.550209522247314453e-02,-6.407215118408203125e+00,6.730177402496337891e-01,-2.015272378921508789e-01,7.916250228881835938e-01,-1.471923112869262695e+00,5.277452468872070312e-01,7.870896816253662109e+00,0.000000000000000000e+00,0.000000000000000000e+00,0.000000000000000000e+00,9.993811845779418945e-01,-1.683772425167262554e-03,-1.975728198885917664e-02,2.905623242259025574e-02
3.994046688079833984e+00,-4.330426454544067383e-02,-5.038180947303771973e-02,2.721210956573486328e+00,6.501940488815307617e-01,-7.751047611236572266e-02,1.632726669311523438e+00,-1.432225227355957031e+00,2.851037383079528809e-01,6.685520648956298828e+00,4.627150297164916992e-02,-8.913704752922058105e-02,-2.770687580108642578e+00,6.580661535263061523e-01,-4.263076186180114746e-02,1.311128973960876465e+00,-1.436616897583007812e+00,3.073458969593048096e-01,7.064840793609619141e+00,-1.213346049189567566e-01,6.200838088989257812e-02,7.495699405670166016e+00,6.614214777946472168e-01,-6.975942850112915039e-02,1.212175846099853516e+00,-1.464451074600219727e+00,3.801383376121520996e-01,8.107972145080566406e+00,1.049242019653320312e-01,-2.712866663932800293e-02,-6.407215118408203125e+00,6.703836321830749512e-01,-1.240167617797851562e-01,6.926718950271606445e-01,-1.462666034698486328e+00,4.407986998558044434e-01,8.060556411743164062e+00,0.000000000000000000e+00,0.000000000000000000e+00,0.000000000000000000e+00,9.993973374366760254e-01,-1.643864321522414684e-03,-1.933573000133037567e-02,2.878546901047229767e-02
4.013197898864746094e+00,-4.303175210952758789e-02,2.325314283370971680e-02,2.745949268341064453e+00,6.479535102844238281e-01,-4.650628566741943359e-02,1.509035229682922363e+00,-1.425780057907104492e+00,1.637830138206481934e-01,7.017426013946533203e+00,4.630178213119506836e-02,-5.038180947303771973e-02,-2.919117212295532227e+00,6.558558940887451172e-01,-1.240167617797851562e-01,1.212175846099853516e+00,-1.430155873298645020e+00,2.385974675416946411e-01,7.064840793609619141e+00,-1.212437674403190613e-01,2.712866663932800293e-02,7.495699405670166016e+00,6.578487753868103027e-01,-9.301257133483886719e-02,1.261652350425720215e+00,-1.454562187194824219e+00,3.558741807937622070e-01,7.870896816253662109e+00,1.040158271789550781e-01,3.100419044494628906e-02,-6.382476806640625000e+00,6.672650575637817383e-01,-6.975942850112915039e-02,6.926718950271606445e-01,-1.453172087669372559e+00,3.073458969593048096e-01,8.013141632080078125e+00,0.000000000000000000e+00,0.000000000000000000e+00,0.000000000000000000e+00,9.994165897369384766e-01,-1.610283041372895241e-03,-1.863730140030384064e-02,2.857876010239124298e-02
4.033107280731201172e+00,-4.297125339508056641e-02,-2.325314283370971680e-02,2.721210956573486328e+00,6.472570896148681641e-01,-6.588390469551086426e-02,1.410082101821899414e+00,-1.423094630241394043e+00,8.492452651262283325e-02,7.064840793609619141e+00,4.642283916473388672e-02,-1.937761902809143066e-02,-2.820164203643798828e+00,6.550686955451965332e-01,-4.263076186180114746e-02,1.187437534332275391e+00,-1.426017045974731445e+00,1.738930642604827881e-01,7.112256050109863281e+00,-1.212740465998649597e-01,-3.875523805618286133e-03,7.520437717437744141e+00,6.558504104614257812e-01,-1.123901903629302979e-01,1.261652350425720215e+00,-1.449143767356872559e+00,2.305094301700592041e-01,8.107972145080566406e+00,1.034709215164184570e-01,-1.937761902809143066e-02,-6.407215118408203125e+00,6.659631133079528809e-01,-9.688809514045715332e-02,5.689804553985595703e-01,-1.448306560516357422e+00,2.365754544734954834e-01,8.013141632080078125e+00,0.000000000000000000e+00,0.000000000000000000e+00,0.000000000000000000e+00,9.994274973869323730e-01,-1.635442604310810566e-03,-1.812915317714214325e-02,2.852257899940013885e-02
4.060648918151855469e+00,-4.294097423553466797e-02,0.000000000000000000e+00,2.745949268341064453e+00,6.469240784645080566e-01,-4.263076186180114746e-02,1.385343790054321289e+00,-1.420519709587097168e+00,1.011006161570549011e-01,7.207086086273193359e+00,4.636234045028686523e-02,-3.875523805618286133e-02,-2.770687580108642578e+00,6.545539498329162598e-01,-5.425733327865600586e-02,1.088484406471252441e+00,-1.422889232635498047e+00,1.597389876842498779e-01,7.064840793609619141e+00,-1.213043257594108582e-01,7.363495230674743652e-02,7.495699405670166016e+00,6.545182466506958008e-01,4.650628566741943359e-02,1.187437534332275391e+00,-1.444531083106994629e+00,1.920911818742752075e-01,7.870896816253662109e+00,1.028956174850463867e-01,7.751047611236572266e-03,-6.382476806640625000e+00,6.646006107330322266e-01,-2.325314283370971680e-02,6.926718950271606445e-01,-1.443093657493591309e+00,1.920911818742752075e-01,7.965726852416992188e+00,0.000000000000000000e+00,0.000000000000000000e+00,0.000000000000000000e+00,9.994405508041381836e-01,-1.543256687000393867e-03,-1.759225502610206604e-02,2.840659581124782562e-02
4.070349216461181641e+00,-4.291069507598876953e-02,2.712866663932800293e-02,2.721210956573486328e+00,6.468332409858703613e-01,-3.100419044494628906e-02,1.410082101821899414e+00,-1.419793009757995605e+00,4.246226325631141663e-02,7.207086086273193359e+00,4.636234045028686523e-02,-5.425733327865600586e-02,-2.820164203643798828e+00,6.544328331947326660e-01,-3.875523805618286133e-02,1.039007902145385742e+00,-1.421957254409790039e+00,9.503458440303802490e-02,7.207086086273193359e+00,-1.213648766279220581e-01,7.751047611236572266e-03,7.594652652740478516e+00,6.539126634597778320e-01,1.162657141685485840e-02,1.162699222564697266e+00,-1.442635416984558105e+00,1.536729484796524048e-01,8.107972145080566406e+00,1.026533842086791992e-01,-5.038180947303771973e-02,-6.407215118408203125e+00,6.640858650207519531e-01,-5.425733327865600586e-02,5.689804553985595703e-01,-1.441197991371154785e+00,1.981572210788726807e-01,8.013141632080078125e+00,0.000000000000000000e+00,0.000000000000000000e+00,0.000000000000000000e+00,9.994460344314575195e-01,-1.517997938208281994e-03,-1.738812215626239777e-02,2.834207564592361450e-02
4.093450546264648438e+00,-4.285013675689697266e-02,6.975942850112915039e-02,2.745949268341064453e+00,6.467726826667785645e-01,3.875523805618286133e-02,1.212175846099853516e+00,-1.418181777000427246e+00,7.279244810342788696e-02,7.064840793609619141e+00,4.645311832427978516e-02,3.875523805618286133e-02,-2.745949268341064453e+00,6.543419957160949707e-01,-3.875523805618286133e-02,9.895312786102294922e-01,-1.419998407363891602e+00,9.099055826663970947e-02,7.112256050109863281e+00,-1.213346049189567566e-01,6.975942850112915039e-02,7.594652652740478516e+00,6.529740691184997559e-01,-1.937761902809143066e-02,1.187437534332275391e+00,-1.439476013183593750e+00,8.290250599384307861e-02,8.250217437744140625e+00,1.022597551345825195e-01,6.200838088989257812e-02,-6.456691741943359375e+00,6.634197831153869629e-01,-2.325314283370971680e-02,5.689804553985595703e-01,-1.437991142272949219e+00,1.031226366758346558e-01,8.013141632080078125e+00,0.000000000000000000e+00,0.000000000000000000e+00,0.000000000000000000e+00,9.994548559188842773e-01,-1.471885712817311287e-03,-1.704152114689350128e-02,2.823664434254169464e-02
4.110679626464843750e+00,-4.281985759735107422e-02,1.937761902809143066e-02,2.721210956573486328e+00,6.468029618263244629e-01,8.913704752922058105e-02,1.261652350425720215e+00,-1.417644619941711426e+00,5.863836035132408142e-02,7.064840793609619141e+00,4.645311832427978516e-02,-7.751047611236572266e-03,-2.844902515411376953e+00,6.542814970016479492e-01,-1.085146665573120117e-01,1.039007902145385742e+00,-1.419018983840942383e+00,9.705659747123718262e-02,6.875180721282958984e+00,-1.213346049189567566e-01,5.425733327865600586e-02,7.545176029205322266e+00,6.527318358421325684e-01,2.712866663932800293e-02,1.039007902145385742e+00,-1.438859939575195312e+00,1.819811202585697174e-02,8.392461776733398438e+00,1.021083593368530273e-01,-6.588390469551086426e-02,-6.407215118408203125e+00,6.632078289985656738e-01,-1.550209522247314453e-02,5.689804553985595703e-01,-1.436695814132690430e+00,1.233427524566650391e-01,8.013141632080078125e+00,0.000000000000000000e+00,0.000000000000000000e+00,0.000000000000000000e+00,9.994583725929260254e-01,-1.440574647858738899e-03,-1.692158915102481842e-02,2.818678319454193115e-02
4.140065670013427734e+00,-4.281985759735107422e-02,1.937761902809143066e-02,2.721210956573486328e+00,6.468029618263244629e-01,8.913704752922058105e-02,1.261652350425720215e+00,-1.417644619941711426e+00,5.863836035132408142e-02,7.064840793609619141e+00,4.645311832427978516e-02,-7.751047611236572266e-03,-2.844902515411376953e+00,6.542814970016479492e-01,-1.085146665573120117e-01,1.039007902145385742e+00,-1.419018983840942383e+00,9.705659747123718262e-02,6.875180721282958984e+00,-1.213346049189567566e-01,5.425733327865600586e-02,7.545176029205322266e+00,6.527318358421325684e-01,2.712866663932800293e-02,1.039007902145385742e+00,-1.438859939575195312e+00,1.819811202585697174e-02,8.392461776733398438e+00,1.021083593368530273e-01,-6.588390469551086426e-02,-6.407215118408203125e+00,6.632078289985656738e-01,-1.550209522247314453e-02,5.689804553985595703e-01,-1.436695814132690430e+00,1.233427524566650391e-01,8.013141632080078125e+00,0.000000000000000000e+00,0.000000000000000000e+00,0.000000000000000000e+00,9.994583725929260254e-01,-1.440574647858738899e-03,-1.692158915102481842e-02,2.818678319454193115e-02
4.150365352630615234e+00,-4.281985759735107422e-02,-1.937761902809143066e-02,2.770687580108642578e+00,6.468635201454162598e-01,-1.937761902809143066e-02,1.385343790054321289e+00,-1.416333436965942383e+00,0.000000000000000000e+00,7.207086086273193359e+00,4.648339748382568359e-02,-2.712866663932800293e-02,-2.869640827178955078e+00,6.543419957160949707e-01,-1.550209522247314453e-02,1.039007902145385742e+00,-1.417218208312988281e+00,7.481446117162704468e-02,7.064840793609619141e+00,-1.213648766279220581e-01,1.162657141685485840e-02,7.446222782135009766e+00,6.524290442466735840e-01,-4.650628566741943359e-02,1.039007902145385742e+00,-1.437043309211730957e+00,-4.044024739414453506e-03,8.487292289733886719e+00,1.018964052200317383e-01,3.100419044494628906e-02,-6.456691741943359375e+00,6.628445386886596680e-01,3.487971425056457520e-02,5.442422032356262207e-01,-1.433884024620056152e+00,8.088050037622451782e-02,8.107972145080566406e+00,0.000000000000000000e+00,0.000000000000000000e+00,0.000000000000000000e+00,9.994658231735229492e-01,-1.240998739376664162e-03,-1.675372757017612457e-02,2.803296409547328949e-02
4.170697212219238281e+00,-4.278957843780517578e-02,0.000000000000000000e+00,2.770687580108642578e+00,6.468937993049621582e-01,-4.650628566741943359e-02,1.360605478286743164e+00,-1.416238665580749512e+00,-8.088049478828907013e-03,7.112256050109863281e+00,4.651367664337158203e-02,-1.937761902809143066e-02,-2.721210956573486328e+00,6.541906595230102539e-01,0.000000000000000000e+00,1.063746094703674316e+00,-1.416633725166320801e+00,2.628616243600845337e-02,7.207086086273193359e+00,-1.213951557874679565e-01,3.100419044494628906e-02,7.644129276275634766e+00,6.523987650871276855e-01,-5.038180947303771973e-02,9.895312786102294922e-01,-1.436837911605834961e+00,2.426414936780929565e-02,8.487292289733886719e+00,1.018661260604858398e-01,3.875523805618286133e-02,-6.456691741943359375e+00,6.626931428909301758e-01,0.000000000000000000e+00,5.442422032356262207e-01,-1.433220505714416504e+00,7.077043503522872925e-02,8.107972145080566406e+00,0.000000000000000000e+00,0.000000000000000000e+00,0.000000000000000000e+00,9.994676709175109863e-01,-1.137949875555932522e-03,-1.671996712684631348e-02,2.799418382346630096e-02
4.190659999847412109e+00,-4.275929927825927734e-02,1.550209522247314453e-02,2.671734333038330078e+00,6.468937993049621582e-01,-3.487971425056457520e-02,1.385343790054321289e+00,-1.416222929954528809e+00,-1.011006254702806473e-02,7.254501342773437500e+00,4.651367664337158203e-02,-7.363495230674743652e-02,-2.844902515411376953e+00,6.540998220443725586e-01,-3.100419044494628906e-02,1.039007902145385742e+00,-1.416396737098693848e+00,3.235219791531562805e-02,7.112256050109863281e+00,-1.214254349470138550e-01,1.550209522247314453e-02,7.619390964508056641e+00,6.523987650871276855e-01,-3.875523805618286133e-03,1.039007902145385742e+00,-1.436806321144104004e+00,0.000000000000000000e+00,8.582121849060058594e+00,1.018358469009399414e-01,-7.751047611236572266e-03,-6.654597759246826172e+00,6.626325845718383789e-01,-5.425733327865600586e-02,5.937187671661376953e-01,-1.433015108108520508e+00,1.415408682078123093e-02,8.202801704406738281e+00,0.000000000000000000e+00,0.000000000000000000e+00,0.000000000000000000e+00,9.994679093360900879e-01,-1.080811372958123684e-03,-1.670364290475845337e-02,2.799495123326778412e-02
4.212160587310791016e+00,-4.272902011871337891e-02,4.263076186180114746e-02,2.646996259689331055e+00,6.468937993049621582e-01,3.875523805618286133e-02,1.360605478286743164e+00,-1.416222929954528809e+00,-2.022012509405612946e-02,7.254501342773437500e+00,4.657423496246337891e-02,-3.875523805618286133e-02,-2.869640827178955078e+00,6.540089845657348633e-01,0.000000000000000000e+00,1.187437534332275391e+00,-1.416301965713500977e+00,-8.088049478828907013e-03,7.254501342773437500e+00,-1.214557141065597534e-01,-1.937761902809143066e-02,7.545176029205322266e+00,6.523684859275817871e-01,1.937761902809143066e-02,1.113222718238830566e+00,-1.436790585517883301e+00,8.088049478828907013e-03,8.582121849060058594e+00,1.018661260604858398e-01,6.975942850112915039e-02,-6.407215118408203125e+00,6.625417470932006836e-01,-3.875523805618286133e-03,5.442422032356262207e-01,-1.432904601097106934e+00,2.628616243600845337e-02,8.250217437744140625e+00,0.000000000000000000e+00,0.000000000000000000e+00,0.000000000000000000e+00,9.994683861732482910e-01,-1.050312537699937820e-03,-1.667604781687259674e-02,2.799573913216590881e-02
4.230346202850341797e+00,-4.257762432098388672e-02,0.000000000000000000e+00,2.770687580108642578e+00,6.464093327522277832e-01,-3.875523805618286133e-02,1.509035229682922363e+00,-1.416207075119018555e+00,-2.224213629961013794e-02,7.207086086273193359e+00,4.660451412200927734e-02,-1.550209522247314453e-02,-2.844902515411376953e+00,6.531006097793579102e-01,-1.162657216191291809e-01,1.261652350425720215e+00,-1.415796399116516113e+00,3.033018670976161957e-02,7.207086086273193359e+00,-1.215162649750709534e-01,7.751047611236572266e-03,7.446222782135009766e+00,6.517932415008544922e-01,7.751047611236572266e-03,1.187437534332275391e+00,-1.436806321144104004e+00,-5.257232487201690674e-02,8.487292289733886719e+00,1.018358469009399414e-01,-3.875523805618286133e-03,-6.382476806640625000e+00,6.619058847427368164e-01,-4.263076186180114746e-02,6.679335832595825195e-01,-1.432746529579162598e+00,-6.066037341952323914e-03,8.297632217407226562e+00,0.000000000000000000e+00,0.000000000000000000e+00,0.000000000000000000e+00,9.994691610336303711e-01,-9.455693652853369713e-04,-1.664856448769569397e-02,2.798809297382831573e-02
4.250452041625976562e+00,-4.251706600189208984e-02,1.937761902809143066e-02,2.721210956573486328e+00,6.460459828376770020e-01,3.100419044494628906e-02,1.583250045776367188e+00,-1.416207075119018555e+00,-2.022012509405612946e-02,7.301916122436523438e+00,4.657423496246337891e-02,-6.588390469551086426e-02,-2.721210956573486328e+00,6.526162028312683105e-01,-2.325314283370971680e-02,1.410082101821899414e+00,-1.415543675422668457e+00,4.852829873561859131e-02,7.112256050109863281e+00,-1.215768232941627502e-01,-1.937761902809143066e-02,7.644129276275634766e+00,6.514298915863037109e-01,2.712866663932800293e-02,1.261652350425720215e+00,-1.436774730682373047e+00,0.000000000000000000e+00,8.392461776733398438e+00,1.018964052200317383e-01,6.200838088989257812e-02,-6.506168365478515625e+00,6.615123152732849121e-01,-9.301257133483886719e-02,7.421484589576721191e-01,-1.432730793952941895e+00,2.022012509405612946e-02,8.297632217407226562e+00,0.000000000000000000e+00,0.000000000000000000e+00,0.000000000000000000e+00,9.994695782661437988e-01,-9.293245966546237469e-04,-1.661961153149604797e-02,2.799079008400440216e-02
4.272084712982177734e+00,-4.251706600189208984e-02,-5.038180947303771973e-02,2.721210956573486328e+00,6.452890634536743164e-01,-4.650628566741943359e-02,1.706941485404968262e+00,-1.416207075119018555e+00,-4.044025018811225891e-02,7.207086086273193359e+00,4.657423496246337891e-02,-9.301257133483886719e-02,-2.770687580108642578e+00,6.517684459686279297e-01,-3.875523805618286133e-02,1.410082101821899414e+00,-1.415148735046386719e+00,0.000000000000000000e+00,7.017426013946533203e+00,-1.216373741626739502e-01,0.000000000000000000e+00,7.495699405670166016e+00,6.508243680000305176e-01,-1.550209522247314453e-02,1.187437534332275391e+00,-1.436758995056152344e+00,2.830817364156246185e-02,8.629537582397460938e+00,1.018661260604858398e-01,-1.162657141685485840e-02,-6.481430053710937500e+00,6.607856154441833496e-01,-3.875523805618286133e-02,7.421484589576721191e-01,-1.432730793952941895e+00,1.011006254702806473e-02,8.250217437744140625e+00,0.000000000000000000e+00,0.000000000000000000e+00,0.000000000000000000e+00,9.994685053825378418e-01,-9.122913470491766930e-04,-1.665504463016986847e-02,2.800704911351203918e-02
4.291998386383056641e+00,-4.248678684234619141e-02,-3.875523805618286133e-03,2.721210956573486328e+00,6.447138190269470215e-01,1.937761902809143066e-02,1.682203173637390137e+00,-1.416191339492797852e+00,-4.650628566741943359e-02,7.207086086273193359e+00,4.660451412200927734e-02,-3.875523805618286133e-03,-2.919117212295532227e+00,6.511325836181640625e-01,-2.325314283370971680e-02,1.410082101821899414e+00,-1.414927601814270020e+00,2.224213629961013794e-02,7.112256050109863281e+00,-1.216979324817657471e-01,-1.550209522247314453e-02,7.594652652740478516e+00,6.503399014472961426e-01,-5.425733327865600586e-02,1.212175846099853516e+00,-1.436774730682373047e+00,1.011006254702806473e-02,8.629537582397460938e+00,1.018964052200317383e-01,3.875523805618286133e-02,-6.407215118408203125e+00,6.602406501770019531e-01,-4.263076186180114746e-02,6.926718950271606445e-01,-1.432714939117431641e+00,2.830817364156246185e-02,8.250217437744140625e+00,0.000000000000000000e+00,0.000000000000000000e+00,0.000000000000000000e+00,9.994673132896423340e-01,-8.971467032097280025e-04,-1.671671681106090546e-02,2.801576256752014160e-02
4.313277721405029297e+00,-4.245650768280029297e-02,2.712866663932800293e-02,2.671734333038330078e+00,6.440173983573913574e-01,-1.550209522247314453e-02,1.682203173637390137e+00,-1.416128158569335938e+00,-1.415408682078123093e-02,7.254501342773437500e+00,4.660451412200927734e-02,-3.487971425056457520e-02,-2.820164203643798828e+00,6.505270600318908691e-01,-1.937761902809143066e-02,1.360605478286743164e+00,-1.414816975593566895e+00,6.672640889883041382e-02,7.112256050109863281e+00,-1.216979324817657471e-01,8.526152372360229492e-02,7.594652652740478516e+00,6.497646570205688477e-01,5.425733327865600586e-02,1.311128973960876465e+00,-1.436790585517883301e+00,-2.628616243600845337e-02,8.582121849060058594e+00,1.019266843795776367e-01,3.875523805618286133e-02,-6.456691741943359375e+00,6.596350669860839844e-01,-1.937761902809143066e-02,8.658398389816284180e-01,-1.432730793952941895e+00,0.000000000000000000e+00,8.250217437744140625e+00,0.000000000000000000e+00,0.000000000000000000e+00,0.000000000000000000e+00,9.994655251502990723e-01,-8.835598127916455269e-04,-1.684709265828132629e-02,2.800136432051658630e-02
4.334562301635742188e+00,-4.242622852325439453e-02,7.363495230674743652e-02,2.721210956573486328e+00,6.438660025596618652e-01,-7.751047611236572266e-03,1.731679677963256836e+00,-1.416096568107604980e+00,2.224213629961013794e-02,7.254501342773437500e+00,4.657423496246337891e-02,-3.875523805618286133e-02,-2.844902515411376953e+00,6.503756642341613770e-01,-1.046391502022743225e-01,1.360605478286743164e+00,-1.414816975593566895e+00,5.661634728312492371e-02,7.112256050109863281e+00,-1.217584908008575439e-01,-2.325314283370971680e-02,7.520437717437744141e+00,6.496132612228393555e-01,1.550209522247314453e-02,1.360605478286743164e+00,-1.436790585517883301e+00,-3.033018670976161957e-02,8.487292289733886719e+00,1.019266843795776367e-01,3.875523805618286133e-02,-6.456691741943359375e+00,6.595745086669921875e-01,-1.550209522247314453e-02,8.411015868186950684e-01,-1.432714939117431641e+00,3.639622405171394348e-02,8.250217437744140625e+00,0.000000000000000000e+00,0.000000000000000000e+00,0.000000000000000000e+00,9.994651675224304199e-01,-8.809248101897537708e-04,-1.687157712876796722e-02,2.799831889569759369e-02
4.350680828094482422e+00,-4.245650768280029297e-02,-3.875523805618286133e-03,2.646996259689331055e+00,6.431090831756591797e-01,-1.937761902809143066e-02,1.731679677963256836e+00,-1.416049122810363770e+00,2.426414936780929565e-02,7.112256050109863281e+00,4.660451412200927734e-02,3.875523805618286133e-03,-2.820164203643798828e+00,6.497095823287963867e-01,-5.425733327865600586e-02,1.459558606147766113e+00,-1.414801239967346191e+00,-2.022012369707226753e-03,7.207086086273193359e+00,-1.218190416693687439e-01,-3.875523805618286133e-03,7.545176029205322266e+00,6.487957835197448730e-01,4.650628566741943359e-02,1.311128973960876465e+00,-1.436822175979614258e+00,-7.683647423982620239e-02,8.439877510070800781e+00,1.018964052200317383e-01,3.875523805618286133e-02,-6.407215118408203125e+00,6.589084267616271973e-01,-5.813286080956459045e-02,8.658398389816284180e-01,-1.432714939117431641e+00,3.841823711991310120e-02,8.297632217407226562e+00,0.000000000000000000e+00,0.000000000000000000e+00,0.000000000000000000e+00,9.994646310806274414e-01,-8.686290821060538292e-04,-1.697161793708801270e-02,2.796005085110664368e-02
4.372156143188476562e+00,-4.242622852325439453e-02,0.000000000000000000e+00,2.646996259689331055e+00,6.426548957824707031e-01,3.875523805618286133e-02,1.731679677963256836e+00,-1.416049122810363770e+00,1.011006254702806473e-02,7.254501342773437500e+00,4.657423496246337891e-02,-6.588390469551086426e-02,-2.745949268341064453e+00,6.492553949356079102e-01,-8.913704752922058105e-02,1.459558606147766113e+00,-1.414738059043884277e+00,3.235219791531562805e-02,7.112256050109863281e+00,-1.218493208289146423e-01,1.162657141685485840e-02,7.520437717437744141e+00,6.481296420097351074e-01,-2.325314283370971680e-02,1.311128973960876465e+00,-1.436790585517883301e+00,-3.033018670976161957e-02,8.297632217407226562e+00,1.018358469009399414e-01,-4.650628566741943359e-02,-6.382476806640625000e+00,6.585148572921752930e-01,-6.200838088989257812e-02,8.411015868186950684e-01,-1.432730793952941895e+00,1.213207468390464783e-02,8.297632217407226562e+00,0.000000000000000000e+00,0.000000000000000000e+00,0.000000000000000000e+00,9.994649291038513184e-01,-8.469925378449261189e-04,-1.704265922307968140e-02,2.790541574358940125e-02
4.390451908111572266e+00,-4.239594936370849609e-02,-2.325314283370971680e-02,2.671734333038330078e+00,6.424127221107482910e-01,1.550209522247314453e-02,1.682203173637390137e+00,-1.416049122810363770e+00,-2.628616243600845337e-02,7.112256050109863281e+00,4.663479328155517578e-02,0.000000000000000000e+00,-2.844902515411376953e+00,6.490131616592407227e-01,0.000000000000000000e+00,1.459558606147766113e+00,-1.414722204208374023e+00,2.628616243600845337e-02,7.207086086273193359e+00,-1.218493208289146423e-01,4.650628566741943359e-02,7.446222782135009766e+00,6.478571891784667969e-01,1.162657141685485840e-02,1.360605478286743164e+00,-1.436790585517883301e+00,-3.235219791531562805e-02,8.629537582397460938e+00,1.018055677413940430e-01,6.200838088989257812e-02,-6.382476806640625000e+00,6.583029031753540039e-01,-6.588390469551086426e-02,8.905781507492065430e-01,-1.432714939117431641e+00,3.437421098351478577e-02,8.297632217407226562e+00,0.000000000000000000e+00,0.000000000000000000e+00,0.000000000000000000e+00,9.994661211967468262e-01,-8.224532939493656158e-04,-1.704900711774826050e-02,2.785979583859443665e-02
4.417398929595947266e+00,-4.236567020416259766e-02,-3.875523805618286133e-03,2.646996259689331055e+00,6.420493721961975098e-01,-3.487971425056457520e-02,1.682203173637390137e+00,-1.416033387184143066e+00,-1.415408682078123093e-02,7.254501342773437500e+00,4.663479328155517578e-02,1.162657141685485840e-02,-2.869640827178955078e+00,6.485892534255981445e-01,-2.712866663932800293e-02,1.459558606147766113e+00,-1.414674878120422363e+00,0.000000000000000000e+00,7.112256050109863281e+00,-1.218795999884605408e-01,2.325314283370971680e-02,7.446222782135009766e+00,6.474635601043701172e-01,6.200838088989257812e-02,1.410082101821899414e+00,-1.436774730682373047e+00,0.000000000000000000e+00,8.582121849060058594e+00,1.018358469009399414e-01,1.123901903629302979e-01,-6.456691741943359375e+00,6.579698324203491211e-01,-4.263076186180114746e-02,8.411015868186950684e-01,-1.432746529579162598e+00,-1.819811202585697174e-02,8.250217437744140625e+00,0.000000000000000000e+00,0.000000000000000000e+00,0.000000000000000000e+00,9.994680881500244141e-01,-8.081692503765225410e-04,-1.700166612863540649e-02,2.781956084072589874e-02
4.431538105010986328e+00,-4.233539104461669922e-02,1.162657141685485840e-02,2.646996259689331055e+00,6.419888138771057129e-01,6.200838088989257812e-02,1.682203173637390137e+00,-1.416033387184143066e+00,-2.628616243600845337e-02,7.301916122436523438e+00,4.663479328155517578e-02,-5.038180947303771973e-02,-2.869640827178955078e+00,6.484681963920593262e-01,-8.138599991798400879e-02,1.459558606147766113e+00,-1.414643287658691406e+00,2.022012509405612946e-02,7.112256050109863281e+00,-1.218795999884605408e-01,4.263076186180114746e-02,7.545176029205322266e+00,6.473121643066406250e-01,-2.712866663932800293e-02,1.187437534332275391e+00,-1.436790585517883301e+00,-2.224213629961013794e-02,8.487292289733886719e+00,1.017752885818481445e-01,0.000000000000000000e+00,-6.456691741943359375e+00,6.578487157821655273e-01,-6.200838088989257812e-02,1.039007902145385742e+00,-1.432714939117431641e+00,4.044025018811225891e-02,8.297632217407226562e+00,0.000000000000000000e+00,0.000000000000000000e+00,0.000000000000000000e+00,9.994680285453796387e-01,-8.185353945009410381e-04,-1.698568649590015411e-02,2.783024683594703674e-02
4.453039646148681641e+00,-4.236567020416259766e-02,-5.813286080956459045e-02,2.770687580108642578e+00,6.418374180793762207e-01,-3.875523805618286133e-03,1.682203173637390137e+00,-1.416033387184143066e+00,-3.639622405171394348e-02,7.207086086273193359e+00,4.669535160064697266e-02,5.425733327865600586e-02,-2.919117212295532227e+00,6.483470797538757324e-01,-3.100419044494628906e-02,1.558511734008789062e+00,-1.414643287658691406e+00,-2.022012369707226753e-03,7.207086086273193359e+00,-1.218795999884605408e-01,3.100419044494628906e-02,7.594652652740478516e+00,6.472213268280029297e-01,2.712866663932800293e-02,1.459558606147766113e+00,-1.436790585517883301e+00,-3.033018670976161957e-02,8.629537582397460938e+00,1.018055677413940430e-01,3.875523805618286133e-02,-6.382476806640625000e+00,6.577275991439819336e-01,1.550209522247314453e-02,8.905781507492065430e-01,-1.432714939117431641e+00,3.235219791531562805e-02,8.297632217407226562e+00,0.000000000000000000e+00,0.000000000000000000e+00,0.000000000000000000e+00,9.994679093360900879e-01,-8.163285674527287483e-04,-1.694169081747531891e-02,2.786218561232089996e-02
4.472559928894042969e+00,-4.236567020416259766e-02,1.937761902809143066e-02,2.770687580108642578e+00,6.418374180793762207e-01,1.550209522247314453e-02,1.706941485404968262e+00,-1.416017532348632812e+00,-2.022012369707226753e-03,7.207086086273193359e+00,4.666507244110107422e-02,-7.751047611236572266e-03,-2.919117212295532227e+00,6.482865214347839355e-01,-3.875523805618286133e-02,1.385343790054321289e+00,-1.414627432823181152e+00,2.022012509405612946e-02,7.207086086273193359e+00,-1.218795999884605408e-01,2.325314283370971680e-02,7.520437717437744141e+00,6.471910476684570312e-01,3.875523805618286133e-03,1.410082101821899414e+00,-1.436790585517883301e+00,-3.437421098351478577e-02,8.629537582397460938e+00,1.018055677413940430e-01,3.875523805618286133e-02,-6.456691741943359375e+00,6.576670408248901367e-01,1.937761902809143066e-02,8.411015868186950684e-01,-1.432730793952941895e+00,-6.066037341952323914e-03,8.297632217407226562e+00,0.000000000000000000e+00,0.000000000000000000e+00,0.000000000000000000e+00,9.994681477546691895e-01,-8.309403201565146446e-04,-1.691609062254428864e-02,2.786641195416450500e-02
4.492104053497314453e+00,-4.233539104461669922e-02,3.875523805618286133e-03,2.770687580108642578e+00,6.418374180793762207e-01,3.875523805618286133e-02,1.731679677963256836e+00,-1.416001796722412109e+00,1.819811202585697174e-02,7.112256050109863281e+00,4.666507244110107422e-02,0.000000000000000000e+00,-2.919117212295532227e+00,6.482865214347839355e-01,-1.937761902809143066e-02,1.311128973960876465e+00,-1.414627432823181152e+00,1.213207468390464783e-02,7.254501342773437500e+00,-1.218795999884605408e-01,1.550209522247314453e-02,7.594652652740478516e+00,6.472213268280029297e-01,6.975942850112915039e-02,1.459558606147766113e+00,-1.436790585517883301e+00,-2.224213629961013794e-02,8.629537582397460938e+00,1.017752885818481445e-01,7.751047611236572266e-03,-6.481430053710937500e+00,6.576973199844360352e-01,5.813286080956459045e-02,8.411015868186950684e-01,-1.432714939117431641e+00,2.830817364156246185e-02,8.250217437744140625e+00,0.000000000000000000e+00,0.000000000000000000e+00,0.000000000000000000e+00,9.994682073593139648e-01,-8.303588838316500187e-04,-1.692258939146995544e-02,2.786050923168659210e-02
4.513253688812255859e+00,-4.236567020416259766e-02,-3.487971425056457520e-02,2.770687580108642578e+00,6.417768597602844238e-01,7.363495230674743652e-02,1.682203173637390137e+00,-1.416017532348632812e+00,-1.617609895765781403e-02,7.207086086273193359e+00,4.663479328155517578e-02,-1.937761902809143066e-02,-2.770687580108642578e+00,6.482259631156921387e-01,-4.263076186180114746e-02,1.459558606147766113e+00,-1.414595842361450195e+00,2.022012509405612946e-02,7.112256050109863281e+00,-1.218795999884605408e-01,5.425733327865600586e-02,7.619390964508056641e+00,6.471607685089111328e-01,3.100419044494628906e-02,1.459558606147766113e+00,-1.436806321144104004e+00,-5.863836035132408142e-02,8.629537582397460938e+00,1.018055677413940430e-01,5.425733327865600586e-02,-6.456691741943359375e+00,6.575762033462524414e-01,0.000000000000000000e+00,8.411015868186950684e-01,-1.432714939117431641e+00,2.426414936780929565e-02,8.392461776733398438e+00,0.000000000000000000e+00,0.000000000000000000e+00,0.000000000000000000e+00,9.994673132896423340e-01,-8.872554171830415726e-04,-1.693928427994251251e-02,2.787999249994754791e-02
4.530367374420166016e+00,-4.233539104461669922e-02,7.751047611236572266e-03,2.770687580108642578e+00,6.417768597602844238e-01,7.751047611236572266e-02,1.731679677963256836e+00,-1.416001796722412109e+00,2.830817364156246185e-02,7.254501342773437500e+00,4.663479328155517578e-02,-2.712866663932800293e-02,-2.721210956573486328e+00,6.482259631156921387e-01,-4.263076186180114746e-02,1.459558606147766113e+00,-1.414611697196960449e+00,4.044024739414453506e-03,7.254501342773437500e+00,-1.218493208289146423e-01,5.038180947303771973e-02,7.520437717437744141e+00,6.471607685089111328e-01,3.875523805618286133e-02,1.261652350425720215e+00,-1.436774730682373047e+00,-1.213207468390464783e-02,8.487292289733886719e+00,1.017752885818481445e-01,3.875523805618286133e-03,-6.407215118408203125e+00,6.575762033462524414e-01,-5.425733327865600586e-02,7.916250228881835938e-01,-1.432730793952941895e+00,-1.011006254702806473e-02,8.250217437744140625e+00,0.000000000000000000e+00,0.000000000000000000e+00,0.000000000000000000e+00,9.994669556617736816e-01,-8.774693123996257782e-04,-1.698085479438304901e-02,2.786938287317752838e-02
4.557517528533935547e+00,-4.236567020416259766e-02,-3.487971425056457520e-02,2.770687580108642578e+00,6.417163014411926270e-01,-4.650628566741943359e-02,1.731679677963256836e+00,-1.416017532348632812e+00,-2.426414936780929565e-02,7.254501342773437500e+00,4.663479328155517578e-02,-5.425733327865600586e-02,-2.869640827178955078e+00,6.482562422752380371e-01,7.751047611236572266e-03,1.459558606147766113e+00,-1.414595842361450195e+00,1.415408682078123093e-02,7.207086086273193359e+00,-1.218795999884605408e-01,-1.550209522247314453e-02,7.594652652740478516e+00,6.471607685089111328e-01,5.038180947303771973e-02,1.385343790054321289e+00,-1.436774730682373047e+00,-2.022012369707226753e-03,8.392461776733398438e+00,1.017147302627563477e-01,-5.425733327865600586e-02,-6.456691741943359375e+00,6.575762033462524414e-01,-3.100419044494628906e-02,8.411015868186950684e-01,-1.432730793952941895e+00,-6.066037341952323914e-03,8.250217437744140625e+00,0.000000000000000000e+00,0.000000000000000000e+00,0.000000000000000000e+00,9.994663000106811523e-01,-8.712489507161080837e-04,-1.704944856464862823e-02,2.785159274935722351e-02
4.571708679199218750e+00,-4.236567020416259766e-02,-3.875523805618286133e-02,2.721210956573486328e+00,6.417465806007385254e-01,0.000000000000000000e+00,1.682203173637390137e+00,-1.416001796722412109e+00,-2.022012369707226753e-03,7.301916122436523438e+00,4.663479328155517578e-02,-4.650628566741943359e-02,-2.745949268341064453e+00,6.482865214347839355e-01,7.751047611236572266e-03,1.385343790054321289e+00,-1.414595842361450195e+00,1.011006254702806473e-02,7.207086086273193359e+00,-1.218493208289146423e-01,3.875523805618286133e-02,7.446222782135009766e+00,6.471607685089111328e-01,5.038180947303771973e-02,1.286390662193298340e+00,-1.436758995056152344e+00,2.224213629961013794e-02,8.439877510070800781e+00,1.017752885818481445e-01,4.650628566741943359e-02,-6.555644512176513672e+00,6.575762033462524414e-01,-3.875523805618286133e-02,8.658398389816284180e-01,-1.432714939117431641e+00,2.224213629961013794e-02,8.297632217407226562e+00,0.000000000000000000e+00,0.000000000000000000e+00,0.000000000000000000e+00,9.994662404060363770e-01,-8.622246677987277508e-04,-1.706926897168159485e-02,2.784195356070995331e-02
4.592996120452880859e+00,-4.239594936370849609e-02,-9.301257133483886719e-02,2.646996259689331055e+00,6.417768597602844238e-01,5.813286080956459045e-02,1.682203173637390137e+00,-1.416017532348632812e+00,-2.628616243600845337e-02,7.254501342773437500e+00,4.663479328155517578e-02,-4.650628566741943359e-02,-2.820164203643798828e+00,6.482865214347839355e-01,0.000000000000000000e+00,1.385343790054321289e+00,-1.414595842361450195e+00,1.819811202585697174e-02,7.064840793609619141e+00,-1.218795999884605408e-01,0.000000000000000000e+00,7.619390964508056641e+00,6.471607685089111328e-01,2.712866663932800293e-02,1.385343790054321289e+00,-1.436790585517883301e+00,-3.033018670976161957e-02,8.487292289733886719e+00,1.017450094223022461e-01,1.937761902809143066e-02,-6.506168365478515625e+00,6.575762033462524414e-01,-5.425733327865600586e-02,8.658398389816284180e-01,-1.432730793952941895e+00,-1.617609895765781403e-02,8.297632217407226562e+00,0.000000000000000000e+00,0.000000000000000000e+00,0.000000000000000000e+00,9.994652867317199707e-01,-8.342476794496178627e-04,-1.711430214345455170e-02,2.784880623221397400e-02
4.610488414764404297e+00,-4.236567020416259766e-02,-4.650628566741943359e-02,2.646996259689331055e+00,6.417768597602844238e-01,3.875523805618286133e-02,1.731679677963256836e+00,-1.416001796722412109e+00,-4.044024739414453506e-03,7.207086086273193359e+00,4.663479328155517578e-02,-6.200838088989257812e-02,-2.919117212295532227e+00,6.482865214347839355e-01,0.000000000000000000e+00,1.385343790054321289e+00,-1.414595842361450195e+00,2.022012509405612946e-02,7.207086086273193359e+00,-1.219098716974258423e-01,-6.588390469551086426e-02,7.520437717437744141e+00,6.471607685089111328e-01,3.875523805618286133e-02,1.261652350425720215e+00,-1.436774730682373047e+00,0.000000000000000000e+00,8.439877510070800781e+00,1.017450094223022461e-01,3.875523805618286133e-02,-6.481430053710937500e+00,6.575762033462524414e-01,-4.650628566741943359e-02,8.905781507492065430e-01,-1.432699203491210938e+00,-4.044024739414453506e-03,8.250217437744140625e+00,0.000000000000000000e+00,0.000000000000000000e+00,0.000000000000000000e+00,9.994651079177856445e-01,-8.338594925589859486e-04,-1.712305843830108643e-02,2.784972824156284332e-02
4.646657943725585938e+00,-4.236567020416259766e-02,-3.875523805618286133e-02,2.721210956573486328e+00,6.417465806007385254e-01,-1.550209522247314453e-02,1.706941485404968262e+00,-1.416001796722412109e+00,-8.088049478828907013e-03,7.301916122436523438e+00,4.663479328155517578e-02,-3.875523805618286133e-02,-2.820164203643798828e+00,6.482562422752380371e-01,0.000000000000000000e+00,1.410082101821899414e+00,-1.414595842361450195e+00,1.213207468390464783e-02,7.064840793609619141e+00,-1.218795999884605408e-01,0.000000000000000000e+00,7.545176029205322266e+00,6.471304893493652344e-01,-1.550209522247314453e-02,1.286390662193298340e+00,-1.436774730682373047e+00,-8.088049478828907013e-03,8.582121849060058594e+00,1.017147302627563477e-01,-7.751047611236572266e-03,-6.382476806640625000e+00,6.576064825057983398e-01,-3.875523805618286133e-02,8.905781507492065430e-01,-1.432714939117431641e+00,1.819811202585697174e-02,8.250217437744140625e+00,0.000000000000000000e+00,0.000000000000000000e+00,0.000000000000000000e+00,9.994655251502990723e-01,-8.335034362971782684e-04,-1.710552722215652466e-02,2.784430421888828278e-02
4.650364875793457031e+00,-4.236567020416259766e-02,-4.263076186180114746e-02,2.721210956573486328e+00,6.417465806007385254e-01,0.000000000000000000e+00,1.632726669311523438e+00,-1.416001796722412109e+00,-1.415408682078123093e-02,7.207086086273193359e+00,4.663479328155517578e-02,-5.813286080956459045e-02,-2.919117212295532227e+00,6.482865214347839355e-01,0.000000000000000000e+00,1.410082101821899414e+00,-1.414595842361450195e+00,2.022012369707226753e-03,7.207086086273193359e+00,-1.218493208289146423e-01,0.000000000000000000e+00,7.594652652740478516e+00,6.471304893493652344e-01,-2.712866663932800293e-02,1.410082101821899414e+00,-1.436774730682373047e+00,-2.022012369707226753e-03,8.582121849060058594e+00,1.017450094223022461e-01,3.875523805618286133e-02,-6.382476806640625000e+00,6.576064825057983398e-01,1.162657141685485840e-02,8.411015868186950684e-01,-1.432714939117431641e+00,1.819811202585697174e-02,8.297632217407226562e+00,0.000000000000000000e+00,0.000000000000000000e+00,0.000000000000000000e+00,9.994659423828125000e-01,-7.991120801307260990e-04,-1.709449477493762970e-02,2.783942036330699921e-02
4.670392036437988281e+00,-4.239594936370849609e-02,-1.085146665573120117e-01,2.770687580108642578e+00,6.417465806007385254e-01,3.487971425056457520e-02,1.731679677963256836e+00,-1.415985941886901855e+00,2.426414936780929565e-02,7.207086086273193359e+00,4.663479328155517578e-02,-5.813286080956459045e-02,-2.745949268341064453e+00,6.482259631156921387e-01,-5.425733327865600586e-02,1.385343790054321289e+00,-1.414580106735229492e+00,2.830817364156246185e-02,7.112256050109863281e+00,-1.218493208289146423e-01,-1.937761902809143066e-02,7.520437717437744141e+00,6.471304893493652344e-01,-4.263076186180114746e-02,1.509035229682922363e+00,-1.436790585517883301e+00,-3.235219791531562805e-02,8.392461776733398438e+00,1.017450094223022461e-01,0.000000000000000000e+00,-6.506168365478515625e+00,6.575762033462524414e-01,-5.813286080956459045e-02,7.668867111206054688e-01,-1.432699203491210938e+00,4.448427259922027588e-02,8.297632217407226562e+00,0.000000000000000000e+00,0.000000000000000000e+00,0.000000000000000000e+00,9.994678497314453125e-01,-7.870776462368667126e-04,-1.696091517806053162e-02,2.785272337496280670e-02
4.696282863616943359e+00,-4.233539104461669922e-02,0.000000000000000000e+00,2.671734333038330078e+00,6.417465806007385254e-01,5.038180947303771973e-02,1.731679677963256836e+00,-1.415985941886901855e+00,8.088049478828907013e-03,7.254501342773437500e+00,4.663479328155517578e-02,-4.263076186180114746e-02,-2.844902515411376953e+00,6.481956839561462402e-01,-9.301257133483886719e-02,1.459558606147766113e+00,-1.414580106735229492e+00,2.022012509405612946e-02,7.207086086273193359e+00,-1.218493208289146423e-01,3.875523805618286133e-02,7.594652652740478516e+00,6.471304893493652344e-01,3.100419044494628906e-02,1.360605478286743164e+00,-1.436758995056152344e+00,1.415408682078123093e-02,8.487292289733886719e+00,1.017752885818481445e-01,5.038180947303771973e-02,-6.506168365478515625e+00,6.575762033462524414e-01,1.550209522247314453e-02,7.916250228881835938e-01,-1.432699203491210938e+00,4.852829873561859131e-02,8.250217437744140625e+00,0.000000000000000000e+00,0.000000000000000000e+00,0.000000000000000000e+00,9.994691610336303711e-01,-7.864137296564877033e-04,-1.691610738635063171e-02,2.783135883510112762e-02
4.713269233703613281e+00,-4.233539104461669922e-02,1.162657141685485840e-02,2.721210956573486328e+00,6.417163014411926270e-01,0.000000000000000000e+00,1.632726669311523438e+00,-1.415985941886901855e+00,1.011006254702806473e-02,7.301916122436523438e+00,4.666507244110107422e-02,-6.588390469551086426e-02,-2.869640827178955078e+00,6.482259631156921387e-01,-3.487971425056457520e-02,1.558511734008789062e+00,-1.414580106735229492e+00,2.426414936780929565e-02,7.254501342773437500e+00,-1.218795999884605408e-01,-1.550209522247314453e-02,7.594652652740478516e+00,6.471304893493652344e-01,4.263076186180114746e-02,1.385343790054321289e+00,-1.436774730682373047e+00,-8.088049478828907013e-03,8.487292289733886719e+00,1.017752885818481445e-01,5.425733327865600586e-02,-6.506168365478515625e+00,6.575156450271606445e-01,-1.085146665573120117e-01,7.668867111206054688e-01,-1.432714939117431641e+00,1.415408682078123093e-02,8.297632217407226562e+00,0.000000000000000000e+00,0.000000000000000000e+00,0.000000000000000000e+00,9.994690418243408203e-01,-7.871463312767446041e-04,-1.691157557070255280e-02,2.783874422311782837e-02
4.731971740722656250e+00,-4.236567020416259766e-02,-3.875523805618286133e-02,2.770687580108642578e+00,6.417163014411926270e-01,5.813286080956459045e-02,1.682203173637390137e+00,-1.416033387184143066e+00,-7.683647423982620239e-02,7.254501342773437500e+00,4.663479328155517578e-02,-5.813286080956459045e-02,-2.844902515411376953e+00,6.482562422752380371e-01,-7.751047611236572266e-03,1.385343790054321289e+00,-1.414580106735229492e+00,2.022012509405612946e-02,7.207086086273193359e+00,-1.218190416693687439e-01,9.688809514045715332e-02,7.545176029205322266e+00,6.471002101898193359e-01,-1.937761902809143066e-02,1.360605478286743164e+00,-1.436806321144104004e+00,-6.066037341952323914e-02,8.629537582397460938e+00,1.017752885818481445e-01,4.263076186180114746e-02,-6.481430053710937500e+00,6.575762033462524414e-01,2.325314283370971680e-02,8.905781507492065430e-01,-1.432714939117431641e+00,2.830817364156246185e-02,8.297632217407226562e+00,0.000000000000000000e+00,0.000000000000000000e+00,0.000000000000000000e+00,9.994690418243408203e-01,-7.919229101389646530e-04,-1.692723110318183899e-02,2.782961726188659668e-02
4.756041049957275391e+00,-4.236567020416259766e-02,-3.487971425056457520e-02,2.671734333038330078e+00,6.417465806007385254e-01,5.038180947303771973e-02,1.682203173637390137e+00,-1.416001796722412109e+00,-3.437421098351478577e-02,7.301916122436523438e+00,4.663479328155517578e-02,-5.813286080956459045e-02,-2.844902515411376953e+00,6.482259631156921387e-01,-5.813286080956459045e-02,1.410082101821899414e+00,-1.414580106735229492e+00,2.022012509405612946e-02,7.112256050109863281e+00,-1.218795999884605408e-01,6.588390469551086426e-02,7.520437717437744141e+00,6.471304893493652344e-01,5.813286080956459045e-02,1.385343790054321289e+00,-1.436758995056152344e+00,2.224213629961013794e-02,8.487292289733886719e+00,1.017450094223022461e-01,2.712866663932800293e-02,-6.357738494873046875e+00,6.575459241867065430e-01,0.000000000000000000e+00,7.916250228881835938e-01,-1.432714939117431641e+00,1.617609895765781403e-02,8.250217437744140625e+00,0.000000000000000000e+00,0.000000000000000000e+00,0.000000000000000000e+00,9.994691610336303711e-01,-7.928902632556855679e-04,-1.694224588572978973e-02,2.781583555042743683e-02
4.770624637603759766e+00,-4.236567020416259766e-02,-3.875523805618286133e-02,2.721210956573486328e+00,6.417163014411926270e-01,0.000000000000000000e+00,1.682203173637390137e+00,-1.415970087051391602e+00,3.437421098351478577e-02,7.207086086273193359e+00,4.666507244110107422e-02,3.100419044494628906e-02,-2.820164203643798828e+00,6.482562422752380371e-01,1.937761902809143066e-02,1.558511734008789062e+00,-1.414580106735229492e+00,2.022012509405612946e-02,7.207086086273193359e+00,-1.218795999884605408e-01,-1.550209522247314453e-02,7.545176029205322266e+00,6.471002101898193359e-01,1.162657141685485840e-02,1.410082101821899414e+00,-1.436774730682373047e+00,-8.088049478828907013e-03,8.487292289733886719e+00,1.017147302627563477e-01,-3.875523805618286133e-02,-6.481430053710937500e+00,6.575459241867065430e-01,0.000000000000000000e+00,8.658398389816284180e-01,-1.432714939117431641e+00,2.022012509405612946e-02,8.297632217407226562e+00,0.000000000000000000e+00,0.000000000000000000e+00,0.000000000000000000e+00,9.994693398475646973e-01,-7.955533801577985287e-04,-1.697751134634017944e-02,2.778978459537029266e-02
4.793191432952880859e+00,-4.233539104461669922e-02,1.550209522247314453e-02,2.745949268341064453e+00,6.417768597602844238e-01,5.038180947303771973e-02,1.632726669311523438e+00,-1.416001796722412109e+00,-2.830817364156246185e-02,7.207086086273193359e+00,4.669535160064697266e-02,5.425733327865600586e-02,-2.844902515411376953e+00,6.482865214347839355e-01,1.937761902809143066e-02,1.311128973960876465e+00,-1.414580106735229492e+00,2.022012509405612946e-02,7.254501342773437500e+00,-1.218795999884605408e-01,-3.875523805618286133e-03,7.520437717437744141e+00,6.471002101898193359e-01,-1.937761902809143066e-02,1.286390662193298340e+00,-1.436790585517883301e+00,-3.437421098351478577e-02,8.582121849060058594e+00,1.017147302627563477e-01,4.263076186180114746e-02,-6.605121135711669922e+00,6.575762033462524414e-01,3.875523805618286133e-03,8.658398389816284180e-01,-1.432714939117431641e+00,8.088049478828907013e-03,8.250217437744140625e+00,0.000000000000000000e+00,0.000000000000000000e+00,0.000000000000000000e+00,9.994689226150512695e-01,-7.938159978948533535e-04,-1.701300218701362610e-02,2.778094634413719177e-02
4.810495853424072266e+00,-4.233539104461669922e-02,0.000000000000000000e+00,2.671734333038330078e+00,6.417465806007385254e-01,3.875523805618286133e-02,1.632726669311523438e+00,-1.415985941886901855e+00,-6.066037341952323914e-03,7.207086086273193359e+00,4.660451412200927734e-02,-1.123901903629302979e-01,-2.844902515411376953e+00,6.482562422752380371e-01,-4.650628566741943359e-02,1.459558606147766113e+00,-1.414564251899719238e+00,3.033018670976161957e-02,7.207086086273193359e+00,-1.218795999884605408e-01,-1.937761902809143066e-02,7.520437717437744141e+00,6.470699310302734375e-01,-5.813286080956459045e-02,1.385343790054321289e+00,-1.436790585517883301e+00,-3.235219791531562805e-02,8.582121849060058594e+00,1.017147302627563477e-01,-1.550209522247314453e-02,-6.481430053710937500e+00,6.575762033462524414e-01,-3.875523805618286133e-03,9.400547146797180176e-01,-1.432730793952941895e+00,-1.011006254702806473e-02,8.297632217407226562e+00,0.000000000000000000e+00,0.000000000000000000e+00,0.000000000000000000e+00,9.994684457778930664e-01,-7.842662744224071503e-04,-1.705313473939895630e-02,2.777614444494247437e-02
4.832228660583496094e+00,-4.233539104461669922e-02,0.000000000000000000e+00,2.671734333038330078e+00,6.417465806007385254e-01,3.875523805618286133e-02,1.632726669311523438e+00,-1.415985941886901855e+00,-6.066037341952323914e-03,7.207086086273193359e+00,4.660451412200927734e-02,-1.123901903629302979e-01,-2.844902515411376953e+00,6.482562422752380371e-01,-4.650628566741943359e-02,1.459558606147766113e+00,-1.414564251899719238e+00,3.033018670976161957e-02,7.207086086273193359e+00,-1.218795999884605408e-01,-1.937761902809143066e-02,7.520437717437744141e+00,6.470699310302734375e-01,-5.813286080956459045e-02,1.385343790054321289e+00,-1.436790585517883301e+00,-3.235219791531562805e-02,8.582121849060058594e+00,1.017147302627563477e-01,-1.550209522247314453e-02,-6.481430053710937500e+00,6.575762033462524414e-01,-3.875523805618286133e-03,9.400547146797180176e-01,-1.432730793952941895e+00,-1.011006254702806473e-02,8.297632217407226562e+00,0.000000000000000000e+00,0.000000000000000000e+00,0.000000000000000000e+00,9.994684457778930664e-01,-7.842662744224071503e-04,-1.705313473939895630e-02,2.777614444494247437e-02
4.850585937500000000e+00,-4.236567020416259766e-02,-3.875523805618286133e-02,2.646996259689331055e+00,6.417163014411926270e-01,-7.751047611236572266e-03,1.731679677963256836e+00,-1.415985941886901855e+00,-2.022012369707226753e-03,7.112256050109863281e+00,4.666507244110107422e-02,0.000000000000000000e+00,-2.869640827178955078e+00,6.482865214347839355e-01,-7.751047611236572266e-02,1.484296917915344238e+00,-1.414595842361450195e+00,2.224213629961013794e-02,7.112256050109863281e+00,-1.218795999884605408e-01,-1.550209522247314453e-02,7.545176029205322266e+00,6.471304893493652344e-01,3.875523805618286133e-02,1.286390662193298340e+00,-1.436790585517883301e+00,-6.066037341952323914e-03,8.629537582397460938e+00,1.017147302627563477e-01,-7.751047611236572266e-03,-6.357738494873046875e+00,6.575762033462524414e-01,0.000000000000000000e+00,7.916250228881835938e-01,-1.432714939117431641e+00,-2.022012369707226753e-03,8.250217437744140625e+00,0.000000000000000000e+00,0.000000000000000000e+00,0.000000000000000000e+00,9.994687438011169434e-01,-7.091961451806128025e-04,-1.709676906466484070e-02,2.774071693420410156e-02
4.871721267700195312e+00,-4.236567020416259766e-02,-2.325314283370971680e-02,2.721210956573486328e+00,6.417163014411926270e-01,-3.875523805618286133e-03,1.607988357543945312e+00,-1.415985941886901855e+00,-1.011006254702806473e-02,7.207086086273193359e+00,4.666507244110107422e-02,0.000000000000000000e+00,-2.820164203643798828e+00,6.482562422752380371e-01,-3.875523805618286133e-03,1.410082101821899414e+00,-1.414595842361450195e+00,-1.011006254702806473e-02,7.112256050109863281e+00,-1.218795999884605408e-01,-6.588390469551086426e-02,7.545176029205322266e+00,6.471304893493652344e-01,5.425733327865600586e-02,1.311128973960876465e+00,-1.436790585517883301e+00,-3.639622405171394348e-02,8.487292289733886719e+00,1.017450094223022461e-01,3.100419044494628906e-02,-6.555644512176513672e+00,6.575762033462524414e-01,3.875523805618286133e-03,8.658398389816284180e-01,-1.432714939117431641e+00,1.213207468390464783e-02,8.250217437744140625e+00,0.000000000000000000e+00,0.000000000000000000e+00,0.000000000000000000e+00,9.994688630104064941e-01,-7.080179639160633087e-04,-1.708214730024337769e-02,2.774453163146972656e-02
4.905715942382812500e+00,-4.233539104461669922e-02,1.937761902809143066e-02,2.721210956573486328e+00,6.416860222816467285e-01,-5.813286080956459045e-02,1.632726669311523438e+00,-1.415985941886901855e+00,-4.044024739414453506e-03,7.207086086273193359e+00,4.666507244110107422e-02,0.000000000000000000e+00,-2.869640827178955078e+00,6.482562422752380371e-01,0.000000000000000000e+00,1.385343790054321289e+00,-1.414595842361450195e+00,-8.088049478828907013e-03,7.207086086273193359e+00,-1.218795999884605408e-01,-7.751047611236572266e-03,7.520437717437744141e+00,6.471304893493652344e-01,4.650628566741943359e-02,1.286390662193298340e+00,-1.436774730682373047e+00,0.000000000000000000e+00,8.392461776733398438e+00,1.017450094223022461e-01,4.650628566741943359e-02,-6.456691741943359375e+00,6.575459241867065430e-01,-5.038180947303771973e-02,7.916250228881835938e-01,-1.432714939117431641e+00,6.066037341952323914e-03,8.250217437744140625e+00,0.000000000000000000e+00,0.000000000000000000e+00,0.000000000000000000e+00,9.994693994522094727e-01,-7.162007968872785568e-04,-1.704785786569118500e-02,2.774582803249359131e-02
4.912017822265625000e+00,-4.233539104461669922e-02,3.875523805618286133e-03,2.721210956573486328e+00,6.417163014411926270e-01,1.550209522247314453e-02,1.731679677963256836e+00,-1.415985941886901855e+00,-4.044024739414453506e-03,7.112256050109863281e+00,4.663479328155517578e-02,-4.263076186180114746e-02,-2.844902515411376953e+00,6.482259631156921387e-01,-5.813286080956459045e-02,1.385343790054321289e+00,-1.414580106735229492e+00,8.088049478828907013e-03,7.112256050109863281e+00,-1.218795999884605408e-01,-1.937761902809143066e-02,7.520437717437744141e+00,6.471607685089111328e-01,1.007636189460754395e-01,1.311128973960876465e+00,-1.436774730682373047e+00,-4.044024739414453506e-03,8.582121849060058594e+00,1.017450094223022461e-01,6.200838088989257812e-02,-6.456691741943359375e+00,6.575762033462524414e-01,-3.875523805618286133e-03,7.668867111206054688e-01,-1.432714939117431641e+00,2.022012509405612946e-02,8.392461776733398438e+00,0.000000000000000000e+00,0.000000000000000000e+00,0.000000000000000000e+00,9.994704723358154297e-01,-7.351682870648801327e-04,-1.698759756982326508e-02,2.774450182914733887e-02
4.930465221405029297e+00,-4.230511188507080078e-02,7.751047611236572266e-02,2.671734333038330078e+00,6.416860222816467285e-01,-3.487971425056457520e-02,1.682203173637390137e+00,-1.415985941886901855e+00,-2.022012369707226753e-03,7.112256050109863281e+00,4.666507244110107422e-02,-1.162657141685485840e-02,-2.869640827178955078e+00,6.482259631156921387e-01,-5.813286080956459045e-02,1.385343790054321289e+00,-1.414580106735229492e+00,8.088049478828907013e-03,7.112256050109863281e+00,-1.218493208289146423e-01,5.038180947303771973e-02,7.520437717437744141e+00,6.471304893493652344e-01,0.000000000000000000e+00,1.311128973960876465e+00,-1.436758995056152344e+00,2.022012509405612946e-02,8.487292289733886719e+00,1.017450094223022461e-01,3.875523805618286133e-02,-6.407215118408203125e+00,6.575156450271606445e-01,-7.751047611236572266e-02,9.647929668426513672e-01,-1.432714939117431641e+00,6.066037341952323914e-03,8.250217437744140625e+00,0.000000000000000000e+00,0.000000000000000000e+00,0.000000000000000000e+00,9.994712471961975098e-01,-7.352230022661387920e-04,-1.693953201174736023e-02,2.774391509592533112e-02
4.950329780578613281e+00,-4.236567020416259766e-02,-3.100419044494628906e-02,2.721210956573486328e+00,6.416860222816467285e-01,0.000000000000000000e+00,1.682203173637390137e+00,-1.416001796722412109e+00,-3.841823711991310120e-02,7.254501342773437500e+00,4.666507244110107422e-02,0.000000000000000000e+00,-2.844902515411376953e+00,6.482259631156921387e-01,-3.875523805618286133e-02,1.286390662193298340e+00,-1.414580106735229492e+00,1.213207468390464783e-02,7.207086086273193359e+00,-1.218795999884605408e-01,3.875523805618286133e-03,7.594652652740478516e+00,6.471002101898193359e-01,2.712866663932800293e-02,1.385343790054321289e+00,-1.436790585517883301e+00,-3.639622405171394348e-02,8.629537582397460938e+00,1.017450094223022461e-01,1.550209522247314453e-02,-6.506168365478515625e+00,6.575459241867065430e-01,-1.162657141685485840e-02,8.658398389816284180e-01,-1.432714939117431641e+00,8.088049478828907013e-03,8.250217437744140625e+00,0.000000000000000000e+00,0.000000000000000000e+00,0.000000000000000000e+00,9.994714260101318359e-01,-7.165800197981297970e-04,-1.693292520940303802e-02,2.774251811206340790e-02
4.974344253540039062e+00,-4.236567020416259766e-02,-3.487971425056457520e-02,2.869640827178955078e+00,6.416860222816467285e-01,-3.875523805618286133e-03,1.682203173637390137e+00,-1.415985941886901855e+00,-1.617609895765781403e-02,7.207086086273193359e+00,4.666507244110107422e-02,-1.162657141685485840e-02,-2.869640827178955078e+00,6.482259631156921387e-01,7.751047611236572266e-03,1.410082101821899414e+00,-1.414564251899719238e+00,3.437421098351478577e-02,7.112256050109863281e+00,-1.218795999884605408e-01,-6.200838088989257812e-02,7.644129276275634766e+00,6.470396518707275391e-01,-9.301257133483886719e-02,1.385343790054321289e+00,-1.436758995056152344e+00,3.235219791531562805e-02,8.487292289733886719e+00,1.017450094223022461e-01,4.263076186180114746e-02,-6.308261871337890625e+00,6.574853658676147461e-01,-9.688809514045715332e-02,8.411015868186950684e-01,-1.432714939117431641e+00,4.044024739414453506e-03,8.107972145080566406e+00,0.000000000000000000e+00,0.000000000000000000e+00,0.000000000000000000e+00,9.994711279869079590e-01,-7.049890118651092052e-04,-1.694118045270442963e-02,2.774939499795436859e-02
4.990333557128906250e+00,-4.233539104461669922e-02,7.751047611236572266e-03,2.646996259689331055e+00,6.417465806007385254e-01,9.301257133483886719e-02,1.706941485404968262e+00,-1.415954351425170898e+00,3.841823711991310120e-02,7.254501342773437500e+00,4.666507244110107422e-02,-1.937761902809143066e-02,-2.968593835830688477e+00,6.482562422752380371e-01,1.937761902809143066e-02,1.385343790054321289e+00,-1.414580106735229492e+00,6.066037341952323914e-03,7.112256050109863281e+00,-1.218795999884605408e-01,-1.550209522247314453e-02,7.594652652740478516e+00,6.471002101898193359e-01,2.712866663932800293e-02,1.311128973960876465e+00,-1.436774730682373047e+00,-8.088049478828907013e-03,8.629537582397460938e+00,1.017450094223022461e-01,5.813286080956459045e-02,-6.407215118408203125e+00,6.575156450271606445e-01,-5.813286080956459045e-02,7.916250228881835938e-01,-1.432714939117431641e+00,1.213207468390464783e-02,8.250217437744140625e+00,0.000000000000000000e+00,0.000000000000000000e+00,0.000000000000000000e+00,9.994717240333557129e-01,-7.212487980723381042e-04,-1.693470589816570282e-02,2.773094177246093750e-02
5.010603904724121094e+00,-4.233539104461669922e-02,1.550209522247314453e-02,2.721210956573486328e+00,6.416557431221008301e-01,-6.975942850112915039e-02,1.632726669311523438e+00,-1.416001796722412109e+00,-3.639622405171394348e-02,7.254501342773437500e+00,4.669535160064697266e-02,5.425733327865600586e-02,-2.919117212295532227e+00,6.482259631156921387e-01,-3.100419044494628906e-02,1.558511734008789062e+00,-1.414580106735229492e+00,4.044024739414453506e-03,7.207086086273193359e+00,-1.218493208289146423e-01,3.487971425056457520e-02,7.520437717437744141e+00,6.470699310302734375e-01,-2.325314283370971680e-02,1.385343790054321289e+00,-1.436758995056152344e+00,2.224213629961013794e-02,8.392461776733398438e+00,1.017450094223022461e-01,3.487971425056457520e-02,-6.407215118408203125e+00,6.575156450271606445e-01,-5.038180947303771973e-02,8.411015868186950684e-01,-1.432730793952941895e+00,-4.044024739414453506e-03,8.297632217407226562e+00,0.000000000000000000e+00,0.000000000000000000e+00,0.000000000000000000e+00,9.994705915451049805e-01,-6.996198208071291447e-04,-1.699079945683479309e-02,2.773885801434516907e-02
5.050607681274414062e+00,-4.239594936370849609e-02,7.751047611236572266e-03,2.770687580108642578e+00,6.416860222816467285e-01,-3.875523805618286133e-03,1.781156301498413086e+00,-1.415970087051391602e+00,1.213207468390464783e-02,7.207086086273193359e+00,4.663479328155517578e-02,-5.425733327865600586e-02,-2.919117212295532227e+00,6.482562422752380371e-01,3.875523805618286133e-03,1.410082101821899414e+00,-1.414580106735229492e+00,4.044024739414453506e-03,7.207086086273193359e+00,-1.218493208289146423e-01,4.650628566741943359e-02,7.619390964508056641e+00,6.470699310302734375e-01,-1.937761902809143066e-02,1.385343790054321289e+00,-1.436790585517883301e+00,-3.235219791531562805e-02,8.392461776733398438e+00,1.017450094223022461e-01,4.263076186180114746e-02,-6.456691741943359375e+00,6.575459241867065430e-01,0.000000000000000000e+00,7.916250228881835938e-01,-1.432730793952941895e+00,-2.224213629961013794e-02,8.392461776733398438e+00,0.000000000000000000e+00,0.000000000000000000e+00,0.000000000000000000e+00,9.994701743125915527e-01,-6.843454902991652489e-04,-1.702581346035003662e-02,2.773308753967285156e-02
5.052593231201171875e+00,-4.239594936370849609e-02,7.751047611236572266e-03,2.770687580108642578e+00,6.416860222816467285e-01,-3.875523805618286133e-03,1.781156301498413086e+00,-1.415970087051391602e+00,1.213207468390464783e-02,7.207086086273193359e+00,4.663479328155517578e-02,-5.425733327865600586e-02,-2.919117212295532227e+00,6.482562422752380371e-01,3.875523805618286133e-03,1.410082101821899414e+00,-1.414580106735229492e+00,4.044024739414453506e-03,7.207086086273193359e+00,-1.218493208289146423e-01,4.650628566741943359e-02,7.619390964508056641e+00,6.470699310302734375e-01,-1.937761902809143066e-02,1.385343790054321289e+00,-1.436790585517883301e+00,-3.235219791531562805e-02,8.392461776733398438e+00,1.017450094223022461e-01,4.263076186180114746e-02,-6.456691741943359375e+00,6.575459241867065430e-01,0.000000000000000000e+00,7.916250228881835938e-01,-1.432730793952941895e+00,-2.224213629961013794e-02,8.392461776733398438e+00,0.000000000000000000e+00,0.000000000000000000e+00,0.000000000000000000e+00,9.994701743125915527e-01,-6.843454902991652489e-04,-1.702581346035003662e-02,2.773308753967285156e-02
5.070506095886230469e+00,-4.239594936370849609e-02,-3.487971425056457520e-02,2.721210956573486328e+00,6.417465806007385254e-01,9.301257133483886719e-02,1.682203173637390137e+00,-1.415985941886901855e+00,-1.819811202585697174e-02,7.254501342773437500e+00,4.666507244110107422e-02,-7.751047611236572266e-03,-2.919117212295532227e+00,6.482259631156921387e-01,-3.875523805618286133e-02,1.410082101821899414e+00,-1.414580106735229492e+00,8.088049478828907013e-03,7.254501342773437500e+00,-1.218493208289146423e-01,6.200838088989257812e-02,7.520437717437744141e+00,6.470699310302734375e-01,0.000000000000000000e+00,1.360605478286743164e+00,-1.436774730682373047e+00,-1.213207468390464783e-02,8.487292289733886719e+00,1.017450094223022461e-01,3.487971425056457520e-02,-6.555644512176513672e+00,6.575156450271606445e-01,-4.650628566741943359e-02,8.905781507492065430e-01,-1.432714939117431641e+00,1.415408682078123093e-02,8.297632217407226562e+00,0.000000000000000000e+00,0.000000000000000000e+00,0.000000000000000000e+00,9.994691610336303711e-01,-7.062294753268361092e-04,-1.708319038152694702e-02,2.773437462747097015e-02
5.090700149536132812e+00,-4.233539104461669922e-02,0.000000000000000000e+00,2.622257947921752930e+00,6.417163014411926270e-01,5.813286080956459045e-02,1.682203173637390137e+00,-1.415970087051391602e+00,1.011006254702806473e-02,7.254501342773437500e+00,4.663479328155517578e-02,-5.813286080956459045e-02,-2.844902515411376953e+00,6.482259631156921387e-01,-2.325314283370971680e-02,1.459558606147766113e+00,-1.414580106735229492e+00,2.022012369707226753e-03,7.207086086273193359e+00,-1.218795999884605408e-01,0.000000000000000000e+00,7.545176029205322266e+00,6.470699310302734375e-01,-7.751047611236572266e-03,1.410082101821899414e+00,-1.436774730682373047e+00,0.000000000000000000e+00,8.487292289733886719e+00,1.017450094223022461e-01,3.487971425056457520e-02,-6.481430053710937500e+00,6.575156450271606445e-01,-4.650628566741943359e-02,8.411015868186950684e-01,-1.432714939117431641e+00,4.044024739414453506e-03,8.297632217407226562e+00,0.000000000000000000e+00,0.000000000000000000e+00,0.000000000000000000e+00,9.994691014289855957e-01,-6.929846713319420815e-04,-1.708262413740158081e-02,2.773636765778064728e-02
5.118424892425537109e+00,-4.233539104461669922e-02,0.000000000000000000e+00,2.622257947921752930e+00,6.417163014411926270e-01,5.813286080956459045e-02,1.682203173637390137e+00,-1.415970087051391602e+00,1.011006254702806473e-02,7.254501342773437500e+00,4.663479328155517578e-02,-5.813286080956459045e-02,-2.844902515411376953e+00,6.482259631156921387e-01,-2.325314283370971680e-02,1.459558606147766113e+00,-1.414580106735229492e+00,2.022012369707226753e-03,7.207086086273193359e+00,-1.218795999884605408e-01,0.000000000000000000e+00,7.545176029205322266e+00,6.470699310302734375e-01,-7.751047611236572266e-03,1.410082101821899414e+00,-1.436774730682373047e+00,0.000000000000000000e+00,8.487292289733886719e+00,1.017450094223022461e-01,3.487971425056457520e-02,-6.481430053710937500e+00,6.575156450271606445e-01,-4.650628566741943359e-02,8.411015868186950684e-01,-1.432714939117431641e+00,4.044024739414453506e-03,8.297632217407226562e+00,0.000000000000000000e+00,0.000000000000000000e+00,0.000000000000000000e+00,9.994691014289855957e-01,-6.929846713319420815e-04,-1.708262413740158081e-02,2.773636765778064728e-02
5.133483886718750000e+00,-4.236567020416259766e-02,-3.875523805618286133e-02,2.671734333038330078e+00,6.416557431221008301e-01,-5.425733327865600586e-02,1.706941485404968262e+00,-1.415985941886901855e+00,-2.022012509405612946e-02,7.254501342773437500e+00,4.666507244110107422e-02,-7.751047611236572266e-03,-2.919117212295532227e+00,6.482562422752380371e-01,1.937761902809143066e-02,1.410082101821899414e+00,-1.414580106735229492e+00,-1.011006254702806473e-02,7.112256050109863281e+00,-1.218795999884605408e-01,1.162657141685485840e-02,7.644129276275634766e+00,6.470699310302734375e-01,5.425733327865600586e-02,1.385343790054321289e+00,-1.436758995056152344e+00,2.022012509405612946e-02,8.487292289733886719e+00,1.017147302627563477e-01,-1.937761902809143066e-02,-6.456691741943359375e+00,6.575156450271606445e-01,-2.712866663932800293e-02,9.647929668426513672e-01,-1.432699203491210938e+00,3.235219791531562805e-02,8.297632217407226562e+00,0.000000000000000000e+00,0.000000000000000000e+00,0.000000000000000000e+00,9.994707703590393066e-01,-7.507348782382905483e-04,-1.695775426924228668e-02,2.775081619620323181e-02
5.151934146881103516e+00,-4.233539104461669922e-02,-3.875523805618286133e-03,2.721210956573486328e+00,6.417163014411926270e-01,5.425733327865600586e-02,1.632726669311523438e+00,-1.415970087051391602e+00,6.066037341952323914e-03,7.207086086273193359e+00,4.666507244110107422e-02,7.751047611236572266e-03,-2.844902515411376953e+00,6.482259631156921387e-01,-4.263076186180114746e-02,1.459558606147766113e+00,-1.414564251899719238e+00,2.022012509405612946e-02,7.207086086273193359e+00,-1.218795999884605408e-01,3.875523805618286133e-03,7.718343734741210938e+00,6.470699310302734375e-01,3.875523805618286133e-03,1.410082101821899414e+00,-1.436774730682373047e+00,-8.088049478828907013e-03,8.629537582397460938e+00,1.017752885818481445e-01,1.123901903629302979e-01,-6.456691741943359375e+00,6.575459241867065430e-01,-3.875523805618286133e-02,9.647929668426513672e-01,-1.432730793952941895e+00,-2.830817364156246185e-02,8.250217437744140625e+00,0.000000000000000000e+00,0.000000000000000000e+00,0.000000000000000000e+00,9.994714856147766113e-01,-7.598550291731953621e-04,-1.691998727619647980e-02,2.774709835648536682e-02
5.171251296997070312e+00,-4.233539104461669922e-02,1.550209522247314453e-02,2.721210956573486328e+00,6.416860222816467285e-01,3.875523805618286133e-03,1.632726669311523438e+00,-1.415985941886901855e+00,2.022012369707226753e-03,7.254501342773437500e+00,4.663479328155517578e-02,-4.263076186180114746e-02,-2.820164203643798828e+00,6.482562422752380371e-01,3.100419044494628906e-02,1.484296917915344238e+00,-1.414580106735229492e+00,0.000000000000000000e+00,7.207086086273193359e+00,-1.218795999884605408e-01,5.813286080956459045e-02,7.545176029205322266e+00,6.470699310302734375e-01,0.000000000000000000e+00,1.261652350425720215e+00,-1.436758995056152344e+00,1.415408682078123093e-02,8.487292289733886719e+00,1.017752885818481445e-01,6.588390469551086426e-02,-6.506168365478515625e+00,6.574853658676147461e-01,-8.138599991798400879e-02,8.905781507492065430e-01,-1.432730793952941895e+00,-2.628616243600845337e-02,8.297632217407226562e+00,0.000000000000000000e+00,0.000000000000000000e+00,0.000000000000000000e+00,9.994713068008422852e-01,-7.562750251963734627e-04,-1.690655201673507690e-02,2.776258438825607300e-02
5.200309753417968750e+00,-4.233539104461669922e-02,1.550209522247314453e-02,2.721210956573486328e+00,6.416860222816467285e-01,3.875523805618286133e-03,1.632726669311523438e+00,-1.415985941886901855e+00,2.022012369707226753e-03,7.254501342773437500e+00,4.663479328155517578e-02,-4.263076186180114746e-02,-2.820164203643798828e+00,6.482562422752380371e-01,3.100419044494628906e-02,1.484296917915344238e+00,-1.414580106735229492e+00,0.000000000000000000e+00,7.207086086273193359e+00,-1.218795999884605408e-01,5.813286080956459045e-02,7.545176029205322266e+00,6.470699310302734375e-01,0.000000000000000000e+00,1.261652350425720215e+00,-1.436758995056152344e+00,1.415408682078123093e-02,8.487292289733886719e+00,1.017752885818481445e-01,6.588390469551086426e-02,-6.506168365478515625e+00,6.574853658676147461e-01,-8.138599991798400879e-02,8.905781507492065430e-01,-1.432730793952941895e+00,-2.628616243600845337e-02,8.297632217407226562e+00,0.000000000000000000e+00,0.000000000000000000e+00,0.000000000000000000e+00,9.994713068008422852e-01,-7.562750251963734627e-04,-1.690655201673507690e-02,2.776258438825607300e-02
5.214917182922363281e+00,-4.236567020416259766e-02,-3.875523805618286133e-02,2.770687580108642578e+00,6.416860222816467285e-01,-3.875523805618286133e-03,1.682203173637390137e+00,-1.415985941886901855e+00,-2.426414936780929565e-02,7.207086086273193359e+00,4.666507244110107422e-02,-2.325314283370971680e-02,-2.770687580108642578e+00,6.482562422752380371e-01,3.875523805618286133e-03,1.410082101821899414e+00,-1.414564251899719238e+00,2.628616243600845337e-02,7.112256050109863281e+00,-1.218795999884605408e-01,0.000000000000000000e+00,7.594652652740478516e+00,6.470699310302734375e-01,1.550209522247314453e-02,1.410082101821899414e+00,-1.436774730682373047e+00,-8.088049478828907013e-03,8.582121849060058594e+00,1.017147302627563477e-01,-3.875523805618286133e-03,-6.407215118408203125e+00,6.575156450271606445e-01,-4.263076186180114746e-02,8.411015868186950684e-01,-1.432683348655700684e+00,6.874842196702957153e-02,8.297632217407226562e+00,0.000000000000000000e+00,0.000000000000000000e+00,0.000000000000000000e+00,9.994695186614990234e-01,-7.554513867944478989e-04,-1.703612692654132843e-02,2.774631977081298828e-02
5.230963230133056641e+00,-4.233539104461669922e-02,7.751047611236572266e-03,2.671734333038330078e+00,6.416860222816467285e-01,0.000000000000000000e+00,1.706941485404968262e+00,-1.415985941886901855e+00,-2.022012509405612946e-02,7.207086086273193359e+00,4.666507244110107422e-02,-2.712866663932800293e-02,-2.770687580108642578e+00,6.482259631156921387e-01,-5.425733327865600586e-02,1.410082101821899414e+00,-1.414564251899719238e+00,2.224213629961013794e-02,7.254501342773437500e+00,-1.218190416693687439e-01,8.526152372360229492e-02,7.396746158599853516e+00,6.470699310302734375e-01,-7.751047611236572266e-03,1.311128973960876465e+00,-1.436774730682373047e+00,-1.213207468390464783e-02,8.487292289733886719e+00,1.017450094223022461e-01,3.875523805618286133e-02,-6.555644512176513672e+00,6.575459241867065430e-01,1.550209522247314453e-02,8.658398389816284180e-01,-1.432730793952941895e+00,-2.628616243600845337e-02,8.250217437744140625e+00,0.000000000000000000e+00,0.000000000000000000e+00,0.000000000000000000e+00,9.994687438011169434e-01,-7.510036230087280273e-04,-1.706324517726898193e-02,2.775922417640686035e-02
5.250938415527343750e+00,-4.233539104461669922e-02,1.937761902809143066e-02,2.671734333038330078e+00,6.416557431221008301e-01,-4.263076186180114746e-02,1.682203173637390137e+00,-1.415970087051391602e+00,1.011006254702806473e-02,7.254501342773437500e+00,4.669535160064697266e-02,0.000000000000000000e+00,-2.820164203643798828e+00,6.482562422752380371e-01,1.550209522247314453e-02,1.558511734008789062e+00,-1.414564251899719238e+00,3.639622405171394348e-02,7.207086086273193359e+00,-1.218795999884605408e-01,0.000000000000000000e+00,7.619390964508056641e+00,6.471002101898193359e-01,5.425733327865600586e-02,1.311128973960876465e+00,-1.436790585517883301e+00,-3.841823711991310120e-02,8.439877510070800781e+00,1.017147302627563477e-01,0.000000000000000000e+00,-6.357738494873046875e+00,6.575459241867065430e-01,1.162657141685485840e-02,8.905781507492065430e-01,-1.432714939117431641e+00,8.088049478828907013e-03,8.250217437744140625e+00,0.000000000000000000e+00,0.000000000000000000e+00,0.000000000000000000e+00,9.994682669639587402e-01,-7.266025641001760960e-04,-1.711559854447841644e-02,2.774538658559322357e-02
5.277364730834960938e+00,-4.236567020416259766e-02,-3.875523805618286133e-02,2.721210956573486328e+00,6.416860222816467285e-01,7.751047611236572266e-03,1.805894613265991211e+00,-1.415970087051391602e+00,4.044024739414453506e-03,7.254501342773437500e+00,4.666507244110107422e-02,-5.038180947303771973e-02,-2.919117212295532227e+00,6.482562422752380371e-01,-3.875523805618286133e-03,1.385343790054321289e+00,-1.414580106735229492e+00,-6.066037341952323914e-03,7.207086086273193359e+00,-1.218493208289146423e-01,3.487971425056457520e-02,7.520437717437744141e+00,6.470396518707275391e-01,-4.650628566741943359e-02,1.385343790054321289e+00,-1.436790585517883301e+00,-5.055030807852745056e-02,8.487292289733886719e+00,1.017450094223022461e-01,3.100419044494628906e-02,-6.506168365478515625e+00,6.575156450271606445e-01,-3.875523805618286133e-02,8.905781507492065430e-01,-1.432730793952941895e+00,-2.628616243600845337e-02,8.297632217407226562e+00,0.000000000000000000e+00,0.000000000000000000e+00,0.000000000000000000e+00,9.994680881500244141e-01,-7.076743058860301971e-04,-1.713636517524719238e-02,2.773743309080600739e-02
5.295287609100341797e+00,-4.236567020416259766e-02,-4.650628566741943359e-02,2.646996259689331055e+00,6.416860222816467285e-01,2.712866663932800293e-02,1.682203173637390137e+00,-1.415985941886901855e+00,-2.022012509405612946e-02,7.207086086273193359e+00,4.666507244110107422e-02,-3.875523805618286133e-02,-2.919117212295532227e+00,6.482259631156921387e-01,-5.813286080956459045e-02,1.410082101821899414e+00,-1.414564251899719238e+00,8.088049478828907013e-03,7.207086086273193359e+00,-1.218795999884605408e-01,-7.751047611236572266e-03,7.545176029205322266e+00,6.471002101898193359e-01,6.975942850112915039e-02,1.385343790054321289e+00,-1.436774730682373047e+00,0.000000000000000000e+00,8.582121849060058594e+00,1.017450094223022461e-01,2.712866663932800293e-02,-6.555644512176513672e+00,6.575156450271606445e-01,-3.100419044494628906e-02,8.658398389816284180e-01,-1.432714939117431641e+00,4.044024739414453506e-03,8.250217437744140625e+00,0.000000000000000000e+00,0.000000000000000000e+00,0.000000000000000000e+00,9.994684457778930664e-01,-7.097001653164625168e-04,-1.712557300925254822e-02,2.773156762123107910e-02
5.333485126495361328e+00,-4.236567020416259766e-02,-5.038180947303771973e-02,2.721210956573486328e+00,6.416860222816467285e-01,0.000000000000000000e+00,1.706941485404968262e+00,-1.415985941886901855e+00,-2.022012509405612946e-02,7.112256050109863281e+00,4.669535160064697266e-02,1.937761902809143066e-02,-2.869640827178955078e+00,6.482562422752380371e-01,1.550209522247314453e-02,1.410082101821899414e+00,-1.414564251899719238e+00,1.011006254702806473e-02,7.064840793609619141e+00,-1.219098716974258423e-01,-7.363495230674743652e-02,7.520437717437744141e+00,6.470699310302734375e-01,6.975942850112915039e-02,1.063746094703674316e+00,-1.436774730682373047e+00,-1.011006254702806473e-02,8.487292289733886719e+00,1.017450094223022461e-01,4.263076186180114746e-02,-6.407215118408203125e+00,6.574853658676147461e-01,6.975942850112915039e-02,8.905781507492065430e-01,-1.432714939117431641e+00,-8.088049478828907013e-03,8.250217437744140625e+00,0.000000000000000000e+00,0.000000000000000000e+00,0.000000000000000000e+00,9.994689226150512695e-01,-7.355937268584966660e-04,-1.708973944187164307e-02,2.773856557905673981e-02
5.340170860290527344e+00,-4.236567020416259766e-02,-4.263076186180114746e-02,2.671734333038330078e+00,6.417163014411926270e-01,6.200838088989257812e-02,1.632726669311523438e+00,-1.415970087051391602e+00,0.000000000000000000e+00,7.207086086273193359e+00,4.669535160064697266e-02,-3.875523805618286133e-03,-2.919117212295532227e+00,6.482865214347839355e-01,6.200838088989257812e-02,1.410082101821899414e+00,-1.414580106735229492e+00,-2.426414936780929565e-02,7.112256050109863281e+00,-1.218795999884605408e-01,3.875523805618286133e-02,7.520437717437744141e+00,6.470699310302734375e-01,3.875523805618286133e-02,1.311128973960876465e+00,-1.436774730682373047e+00,-8.088049478828907013e-03,8.487292289733886719e+00,1.017450094223022461e-01,5.038180947303771973e-02,-6.456691741943359375e+00,6.575156450271606445e-01,-3.875523805618286133e-02,8.905781507492065430e-01,-1.432683348655700684e+00,5.459433421492576599e-02,8.250217437744140625e+00,0.000000000000000000e+00,0.000000000000000000e+00,0.000000000000000000e+00,9.994693994522094727e-01,-7.322850287891924381e-04,-1.707977801561355591e-02,2.772775478661060333e-02
5.353194236755371094e+00,-4.236567020416259766e-02,-3.875523805618286133e-02,2.745949268341064453e+00,6.416557431221008301e-01,-4.263076186180114746e-02,1.706941485404968262e+00,-1.415970087051391602e+00,1.011006254702806473e-02,7.254501342773437500e+00,4.669535160064697266e-02,1.937761902809143066e-02,-2.745949268341064453e+00,6.482259631156921387e-01,-4.263076186180114746e-02,1.558511734008789062e+00,-1.414564251899719238e+00,6.066037341952323914e-03,7.112256050109863281e+00,-1.219098716974258423e-01,-6.588390469551086426e-02,7.520437717437744141e+00,6.470699310302734375e-01,3.487971425056457520e-02,1.385343790054321289e+00,-1.436758995056152344e+00,1.617609895765781403e-02,8.392461776733398438e+00,1.017450094223022461e-01,2.325314283370971680e-02,-6.407215118408203125e+00,6.575156450271606445e-01,-5.813286080956459045e-02,8.905781507492065430e-01,-1.432714939117431641e+00,4.044024739414453506e-03,8.250217437744140625e+00,0.000000000000000000e+00,0.000000000000000000e+00,0.000000000000000000e+00,9.994704127311706543e-01,-7.464281516149640083e-04,-1.702840253710746765e-02,2.771940082311630249e-02
5.370645523071289062e+00,-4.236567020416259766e-02,-3.875523805618286133e-02,2.820164203643798828e+00,6.416860222816467285e-01,1.550209522247314453e-02,1.706941485404968262e+00,-1.416001796722412109e+00,-4.448427259922027588e-02,7.254501342773437500e+00,4.666507244110107422e-02,-5.038180947303771973e-02,-3.018070459365844727e+00,6.482259631156921387e-01,-3.875523805618286133e-03,1.385343790054321289e+00,-1.414564251899719238e+00,6.672640889883041382e-02,7.207086086273193359e+00,-1.218493208289146423e-01,6.200838088989257812e-02,7.545176029205322266e+00,6.470699310302734375e-01,5.038180947303771973e-02,1.311128973960876465e+00,-1.436790585517883301e+00,-5.055030807852745056e-02,8.487292289733886719e+00,1.017450094223022461e-01,7.751047611236572266e-03,-6.456691741943359375e+00,6.575156450271606445e-01,-2.712866663932800293e-02,9.400547146797180176e-01,-1.432714939117431641e+00,2.022012369707226753e-03,8.297632217407226562e+00,0.000000000000000000e+00,0.000000000000000000e+00,0.000000000000000000e+00,9.994717836380004883e-01,-7.422912167385220528e-04,-1.696172915399074554e-02,2.771367691457271576e-02
5.401276111602783203e+00,-4.233539104461669922e-02,1.162657141685485840e-02,2.671734333038330078e+00,6.416860222816467285e-01,0.000000000000000000e+00,1.632726669311523438e+00,-1.415970087051391602e+00,1.011006254702806473e-02,7.207086086273193359e+00,4.666507244110107422e-02,-1.937761902809143066e-02,-2.770687580108642578e+00,6.482562422752380371e-01,-7.751047611236572266e-03,1.385343790054321289e+00,-1.414548516273498535e+00,3.235219791531562805e-02,7.064840793609619141e+00,-1.218795999884605408e-01,3.875523805618286133e-03,7.619390964508056641e+00,6.470699310302734375e-01,5.038180947303771973e-02,1.385343790054321289e+00,-1.436758995056152344e+00,2.022012509405612946e-02,8.582121849060058594e+00,1.017450094223022461e-01,1.937761902809143066e-02,-6.506168365478515625e+00,6.575156450271606445e-01,-5.038180947303771973e-02,8.905781507492065430e-01,-1.432714939117431641e+00,-2.022012369707226753e-03,8.250217437744140625e+00,0.000000000000000000e+00,0.000000000000000000e+00,0.000000000000000000e+00,9.994723796844482422e-01,-7.284927414730191231e-04,-1.695131324231624603e-02,2.769680134952068329e-02
5.411568641662597656e+00,-4.233539104461669922e-02,0.000000000000000000e+00,2.770687580108642578e+00,6.416860222816467285e-01,3.875523805618286133e-03,1.731679677963256836e+00,-1.415985941886901855e+00,-2.426414936780929565e-02,7.301916122436523438e+00,4.666507244110107422e-02,-3.875523805618286133e-02,-2.770687580108642578e+00,6.482259631156921387e-01,-5.425733327865600586e-02,1.410082101821899414e+00,-1.414548516273498535e+00,2.830817364156246185e-02,7.064840793609619141e+00,-1.218493208289146423e-01,4.263076186180114746e-02,7.520437717437744141e+00,6.470699310302734375e-01,5.813286080956459045e-02,1.385343790054321289e+00,-1.436758995056152344e+00,2.224213629961013794e-02,8.629537582397460938e+00,1.017147302627563477e-01,-1.550209522247314453e-02,-6.481430053710937500e+00,6.575156450271606445e-01,-4.263076186180114746e-02,8.658398389816284180e-01,-1.432699203491210938e+00,3.033018670976161957e-02,8.250217437744140625e+00,0.000000000000000000e+00,0.000000000000000000e+00,0.000000000000000000e+00,9.994722604751586914e-01,-7.183929556049406528e-04,-1.693172752857208252e-02,2.771280519664287567e-02
5.433115959167480469e+00,-4.236567020416259766e-02,-4.263076186180114746e-02,2.671734333038330078e+00,6.416860222816467285e-01,1.937761902809143066e-02,1.682203173637390137e+00,-1.415970087051391602e+00,8.088049478828907013e-03,7.207086086273193359e+00,4.666507244110107422e-02,-5.813286080956459045e-02,-2.745949268341064453e+00,6.482562422752380371e-01,2.325314283370971680e-02,1.558511734008789062e+00,-1.414548516273498535e+00,3.033018670976161957e-02,7.112256050109863281e+00,-1.218190416693687439e-01,9.688809514045715332e-02,7.495699405670166016e+00,6.470699310302734375e-01,5.038180947303771973e-02,1.385343790054321289e+00,-1.436790585517883301e+00,-3.841823711991310120e-02,8.582121849060058594e+00,1.017450094223022461e-01,4.650628566741943359e-02,-6.456691741943359375e+00,6.575459241867065430e-01,1.550209522247314453e-02,8.905781507492065430e-01,-1.432699203491210938e+00,2.830817364156246185e-02,8.297632217407226562e+00,0.000000000000000000e+00,0.000000000000000000e+00,0.000000000000000000e+00,9.994727373123168945e-01,-7.227282621897757053e-04,-1.690759882330894470e-02,2.771097421646118164e-02
5.450656414031982422e+00,-4.236567020416259766e-02,-3.875523805618286133e-02,2.745949268341064453e+00,6.416557431221008301e-01,-2.325314283370971680e-02,1.731679677963256836e+00,-1.415954351425170898e+00,4.650628566741943359e-02,7.254501342773437500e+00,4.669535160064697266e-02,-3.875523805618286133e-03,-2.919117212295532227e+00,6.482259631156921387e-01,-3.875523805618286133e-02,1.558511734008789062e+00,-1.414564251899719238e+00,-4.044024739414453506e-03,7.112256050109863281e+00,-1.218795999884605408e-01,-7.751047611236572266e-03,7.520437717437744141e+00,6.470396518707275391e-01,0.000000000000000000e+00,1.410082101821899414e+00,-1.436758995056152344e+00,1.213207468390464783e-02,8.487292289733886719e+00,1.017450094223022461e-01,3.487971425056457520e-02,-6.481430053710937500e+00,6.575156450271606445e-01,-3.875523805618286133e-02,9.400547146797180176e-01,-1.432714939117431641e+00,6.066037341952323914e-03,8.250217437744140625e+00,0.000000000000000000e+00,0.000000000000000000e+00,0.000000000000000000e+00,9.994720220565795898e-01,-7.064237142913043499e-04,-1.693401299417018890e-02,2.772307023406028748e-02
5.473763465881347656e+00,-4.233539104461669922e-02,1.937761902809143066e-02,2.646996259689331055e+00,6.416860222816467285e-01,1.937761902809143066e-02,1.607988357543945312e+00,-1.416001796722412109e+00,-5.459433421492576599e-02,7.254501342773437500e+00,4.666507244110107422e-02,-3.875523805618286133e-02,-2.770687580108642578e+00,6.482562422752380371e-01,0.000000000000000000e+00,1.484296917915344238e+00,-1.414548516273498535e+00,2.628616243600845337e-02,7.207086086273193359e+00,-1.218493208289146423e-01,3.875523805618286133e-02,7.594652652740478516e+00,6.470699310302734375e-01,6.200838088989257812e-02,1.385343790054321289e+00,-1.436790585517883301e+00,-3.841823711991310120e-02,8.487292289733886719e+00,1.017450094223022461e-01,4.650628566741943359e-02,-6.382476806640625000e+00,6.575459241867065430e-01,1.550209522247314453e-02,9.400547146797180176e-01,-1.432699203491210938e+00,3.235219791531562805e-02,8.297632217407226562e+00,0.000000000000000000e+00,0.000000000000000000e+00,0.000000000000000000e+00,9.994699954986572266e-01,-7.025987724773585796e-04,-1.700738258659839630e-02,2.774866670370101929e-02
5.490371227264404297e+00,-4.233539104461669922e-02,1.550209522247314453e-02,2.671734333038330078e+00,6.416860222816467285e-01,1.550209522247314453e-02,1.805894613265991211e+00,-1.415970087051391602e+00,6.066037341952323914e-03,7.254501342773437500e+00,4.666507244110107422e-02,-3.875523805618286133e-02,-2.869640827178955078e+00,6.482562422752380371e-01,-7.751047611236572266e-03,1.385343790054321289e+00,-1.414564251899719238e+00,0.000000000000000000e+00,7.112256050109863281e+00,-1.218493208289146423e-01,0.000000000000000000e+00,7.495699405670166016e+00,6.470396518707275391e-01,7.751047611236572266e-03,1.410082101821899414e+00,-1.436790585517883301e+00,-4.044025018811225891e-02,8.582121849060058594e+00,1.017147302627563477e-01,-1.937761902809143066e-02,-6.407215118408203125e+00,6.575762033462524414e-01,6.588390469551086426e-02,8.411015868186950684e-01,-1.432714939117431641e+00,2.022012369707226753e-03,8.297632217407226562e+00,0.000000000000000000e+00,0.000000000000000000e+00,0.000000000000000000e+00,9.994690418243408203e-01,-7.072321022860705853e-04,-1.705048978328704834e-02,2.775640785694122314e-02
5.510393142700195312e+00,-4.236567020416259766e-02,-3.875523805618286133e-02,2.721210956573486328e+00,6.416860222816467285e-01,2.712866663932800293e-02,1.805894613265991211e+00,-1.415985941886901855e+00,-2.830817364156246185e-02,7.207086086273193359e+00,4.666507244110107422e-02,-3.100419044494628906e-02,-2.844902515411376953e+00,6.482562422752380371e-01,1.937761902809143066e-02,1.410082101821899414e+00,-1.414548516273498535e+00,3.235219791531562805e-02,7.207086086273193359e+00,-1.218493208289146423e-01,3.875523805618286133e-02,7.594652652740478516e+00,6.470396518707275391e-01,-1.550209522247314453e-02,1.385343790054321289e+00,-1.436774730682373047e+00,-8.088049478828907013e-03,8.487292289733886719e+00,1.017147302627563477e-01,-3.875523805618286133e-03,-6.456691741943359375e+00,6.575156450271606445e-01,-3.875523805618286133e-02,9.400547146797180176e-01,-1.432714939117431641e+00,4.044024739414453506e-03,8.297632217407226562e+00,0.000000000000000000e+00,0.000000000000000000e+00,0.000000000000000000e+00,9.994696378707885742e-01,-7.101079099811613560e-04,-1.705777086317539215e-02,2.773302607238292694e-02
5.538511753082275391e+00,-4.236567020416259766e-02,-4.650628566741943359e-02,2.646996259689331055e+00,6.416860222816467285e-01,7.751047611236572266e-03,1.731679677963256836e+00,-1.415985941886901855e+00,-2.022012509405612946e-02,7.301916122436523438e+00,4.666507244110107422e-02,-2.325314283370971680e-02,-2.919117212295532227e+00,6.482562422752380371e-01,7.751047611236572266e-03,1.459558606147766113e+00,-1.414564251899719238e+00,2.022012369707226753e-03,7.112256050109863281e+00,-1.218493208289146423e-01,4.650628566741943359e-02,7.545176029205322266e+00,6.470699310302734375e-01,3.875523805618286133e-02,1.286390662193298340e+00,-1.436774730682373047e+00,-1.213207468390464783e-02,8.582121849060058594e+00,1.017147302627563477e-01,3.875523805618286133e-03,-6.382476806640625000e+00,6.575156450271606445e-01,-5.038180947303771973e-02,9.400547146797180176e-01,-1.432699203491210938e+00,3.437421098351478577e-02,8.297632217407226562e+00,0.000000000000000000e+00,0.000000000000000000e+00,0.000000000000000000e+00,9.994693994522094727e-01,-7.174201309680938721e-04,-1.705042459070682526e-02,2.774368226528167725e-02
5.553015232086181641e+00,-4.236567020416259766e-02,-3.875523805618286133e-02,2.646996259689331055e+00,6.416860222816467285e-01,-7.751047611236572266e-03,1.706941485404968262e+00,-1.416001796722412109e+00,-5.055030807852745056e-02,7.254501342773437500e+00,4.666507244110107422e-02,-5.038180947303771973e-02,-2.721210956573486328e+00,6.482562422752380371e-01,0.000000000000000000e+00,1.385343790054321289e+00,-1.414548516273498535e+00,3.235219791531562805e-02,7.112256050109863281e+00,-1.219098716974258423e-01,-7.363495230674743652e-02,7.520437717437744141e+00,6.470699310302734375e-01,5.425733327865600586e-02,1.385343790054321289e+00,-1.436790585517883301e+00,-3.841823711991310120e-02,8.629537582397460938e+00,1.017147302627563477e-01,0.000000000000000000e+00,-6.407215118408203125e+00,6.575459241867065430e-01,1.937761902809143066e-02,8.658398389816284180e-01,-1.432699203491210938e+00,2.022012509405612946e-02,8.297632217407226562e+00,0.000000000000000000e+00,0.000000000000000000e+00,0.000000000000000000e+00,9.994696378707885742e-01,-7.263164152391254902e-04,-1.702853664755821228e-02,2.774865552783012390e-02
5.573567867279052734e+00,-4.233539104461669922e-02,3.100419044494628906e-02,2.770687580108642578e+00,6.417163014411926270e-01,7.751047611236572266e-02,1.731679677963256836e+00,-1.415970087051391602e+00,-1.011006254702806473e-02,7.017426013946533203e+00,4.672563076019287109e-02,4.650628566741943359e-02,-2.844902515411376953e+00,6.482259631156921387e-01,-4.650628566741943359e-02,1.311128973960876465e+00,-1.414548516273498535e+00,2.224213629961013794e-02,7.112256050109863281e+00,-1.218493208289146423e-01,5.425733327865600586e-02,7.619390964508056641e+00,6.470396518707275391e-01,0.000000000000000000e+00,1.410082101821899414e+00,-1.436790585517883301e+00,-4.246226325631141663e-02,8.582121849060058594e+00,1.017147302627563477e-01,0.000000000000000000e+00,-6.407215118408203125e+00,6.575156450271606445e-01,-5.038180947303771973e-02,7.916250228881835938e-01,-1.432683348655700684e+00,6.672640889883041382e-02,8.297632217407226562e+00,0.000000000000000000e+00,0.000000000000000000e+00,0.000000000000000000e+00,9.994703531265258789e-01,-7.398565066978335381e-04,-1.697330363094806671e-02,2.775696292519569397e-02
5.607622146606445312e+00,-4.236567020416259766e-02,-5.813286080956459045e-02,2.646996259689331055e+00,6.417163014411926270e-01,5.038180947303771973e-02,1.607988357543945312e+00,-1.415970087051391602e+00,0.000000000000000000e+00,7.207086086273193359e+00,4.669535160064697266e-02,0.000000000000000000e+00,-2.844902515411376953e+00,6.482562422752380371e-01,0.000000000000000000e+00,1.410082101821899414e+00,-1.414564251899719238e+00,2.426414936780929565e-02,7.112256050109863281e+00,-1.218795999884605408e-01,-1.937761902809143066e-02,7.446222782135009766e+00,6.470699310302734375e-01,4.650628566741943359e-02,1.360605478286743164e+00,-1.436774730682373047e+00,-1.415408682078123093e-02,8.487292289733886719e+00,1.017450094223022461e-01,3.875523805618286133e-02,-6.407215118408203125e+00,6.575459241867065430e-01,1.937761902809143066e-02,9.895312786102294922e-01,-1.432714939117431641e+00,6.066037341952323914e-03,8.250217437744140625e+00,0.000000000000000000e+00,0.000000000000000000e+00,0.000000000000000000e+00,9.994713664054870605e-01,-7.373908883891999722e-04,-1.692537218332290649e-02,2.775103785097599030e-02
5.615236759185791016e+00,-4.233539104461669922e-02,1.937761902809143066e-02,2.721210956573486328e+00,6.416860222816467285e-01,1.550209522247314453e-02,1.682203173637390137e+00,-1.415954351425170898e+00,3.437421098351478577e-02,7.112256050109863281e+00,4.666507244110107422e-02,-5.813286080956459045e-02,-2.820164203643798828e+00,6.482562422752380371e-01,0.000000000000000000e+00,1.459558606147766113e+00,-1.414564251899719238e+00,-4.044024739414453506e-03,7.254501342773437500e+00,-1.219098716974258423e-01,5.038180947303771973e-02,7.495699405670166016e+00,6.470396518707275391e-01,7.751047611236572266e-03,1.311128973960876465e+00,-1.436774730682373047e+00,-1.617609895765781403e-02,8.487292289733886719e+00,1.017450094223022461e-01,3.100419044494628906e-02,-6.555644512176513672e+00,6.575156450271606445e-01,-3.875523805618286133e-02,8.411015868186950684e-01,-1.432714939117431641e+00,2.022012369707226753e-03,8.297632217407226562e+00,0.000000000000000000e+00,0.000000000000000000e+00,0.000000000000000000e+00,9.994721412658691406e-01,-7.430671248584985733e-04,-1.689298078417778015e-02,2.774448134005069733e-02
5.633255481719970703e+00,-4.236567020416259766e-02,-4.650628566741943359e-02,2.770687580108642578e+00,6.416860222816467285e-01,-1.550209522247314453e-02,1.682203173637390137e+00,-1.415970087051391602e+00,2.628616243600845337e-02,7.254501342773437500e+00,4.669535160064697266e-02,7.751047611236572266e-03,-2.770687580108642578e+00,6.482259631156921387e-01,-3.875523805618286133e-02,1.459558606147766113e+00,-1.414564251899719238e+00,-4.044024739414453506e-03,7.254501342773437500e+00,-1.218493208289146423e-01,3.875523805618286133e-02,7.520437717437744141e+00,6.470396518707275391e-01,3.875523805618286133e-03,1.311128973960876465e+00,-1.436774730682373047e+00,-1.617609895765781403e-02,8.487292289733886719e+00,1.017450094223022461e-01,1.937761902809143066e-02,-6.456691741943359375e+00,6.574853658676147461e-01,-1.162657216191291809e-01,7.916250228881835938e-01,-1.432714939117431641e+00,2.022012369707226753e-03,8.250217437744140625e+00,0.000000000000000000e+00,0.000000000000000000e+00,0.000000000000000000e+00,9.994720816612243652e-01,-7.533954340033233166e-04,-1.685102656483650208e-02,2.776958420872688293e-02
5.650400638580322266e+00,-4.233539104461669922e-02,1.937761902809143066e-02,2.646996259689331055e+00,6.417163014411926270e-01,5.038180947303771973e-02,1.632726669311523438e+00,-1.415985941886901855e+00,-3.033018670976161957e-02,7.207086086273193359e+00,4.669535160064697266e-02,-5.813286080956459045e-02,-2.968593835830688477e+00,6.482259631156921387e-01,-5.425733327865600586e-02,1.385343790054321289e+00,-1.414564251899719238e+00,8.088049478828907013e-03,7.112256050109863281e+00,-1.218190416693687439e-01,8.913704752922058105e-02,7.545176029205322266e+00,6.470396518707275391e-01,0.000000000000000000e+00,1.385343790054321289e+00,-1.436774730682373047e+00,-1.213207468390464783e-02,8.629537582397460938e+00,1.017450094223022461e-01,5.813286080956459045e-02,-6.382476806640625000e+00,6.575156450271606445e-01,-2.712866663932800293e-02,9.400547146797180176e-01,-1.432683348655700684e+00,5.863836035132408142e-02,8.297632217407226562e+00,0.000000000000000000e+00,0.000000000000000000e+00,0.000000000000000000e+00,9.994727969169616699e-01,-7.589099695906043053e-04,-1.680777221918106079e-02,2.777173183858394623e-02
5.670691967010498047e+00,-4.236567020416259766e-02,-3.875523805618286133e-02,2.721210956573486328e+00,6.416557431221008301e-01,-4.650628566741943359e-02,1.706941485404968262e+00,-1.415970087051391602e+00,0.000000000000000000e+00,7.254501342773437500e+00,4.669535160064697266e-02,-2.325314283370971680e-02,-2.919117212295532227e+00,6.482562422752380371e-01,1.162657141685485840e-02,1.410082101821899414e+00,-1.414548516273498535e+00,2.022012509405612946e-02,7.112256050109863281e+00,-1.218493208289146423e-01,4.263076186180114746e-02,7.594652652740478516e+00,6.470396518707275391e-01,3.875523805618286133e-03,1.385343790054321289e+00,-1.436758995056152344e+00,1.617609895765781403e-02,8.582121849060058594e+00,1.017147302627563477e-01,-1.937761902809143066e-02,-6.456691741943359375e+00,6.575459241867065430e-01,2.325314283370971680e-02,9.647929668426513672e-01,-1.432714939117431641e+00,2.022012369707226753e-03,8.297632217407226562e+00,0.000000000000000000e+00,0.000000000000000000e+00,0.000000000000000000e+00,9.994727969169616699e-01,-7.526277331635355949e-04,-1.683505438268184662e-02,2.775304205715656281e-02
5.693140029907226562e+00,-4.236567020416259766e-02,-4.263076186180114746e-02,2.671734333038330078e+00,6.416860222816467285e-01,-3.487971425056457520e-02,1.781156301498413086e+00,-1.415970087051391602e+00,-4.044024739414453506e-03,7.254501342773437500e+00,4.672563076019287109e-02,5.425733327865600586e-02,-2.943855524063110352e+00,6.482562422752380371e-01,1.937761902809143066e-02,1.558511734008789062e+00,-1.414548516273498535e+00,3.841823711991310120e-02,7.254501342773437500e+00,-1.218795999884605408e-01,0.000000000000000000e+00,7.520437717437744141e+00,6.470396518707275391e-01,-3.875523805618286133e-03,1.385343790054321289e+00,-1.436758995056152344e+00,2.224213629961013794e-02,8.487292289733886719e+00,1.017147302627563477e-01,-3.875523805618286133e-03,-6.407215118408203125e+00,6.575459241867065430e-01,1.162657141685485840e-02,8.411015868186950684e-01,-1.432714939117431641e+00,-4.044024739414453506e-03,8.297632217407226562e+00,0.000000000000000000e+00,0.000000000000000000e+00,0.000000000000000000e+00,9.994711875915527344e-01,-7.441256893798708916e-04,-1.688572950661182404e-02,2.777967788279056549e-02
5.713133811950683594e+00,-4.236567020416259766e-02,-3.875523805618286133e-02,2.671734333038330078e+00,6.417163014411926270e-01,3.875523805618286133e-02,1.731679677963256836e+00,-1.415985941886901855e+00,-2.830817364156246185e-02,7.396746158599853516e+00,4.669535160064697266e-02,-5.813286080956459045e-02,-2.844902515411376953e+00,6.482562422752380371e-01,1.937761902809143066e-02,1.410082101821899414e+00,-1.414564251899719238e+00,2.022012369707226753e-03,7.207086086273193359e+00,-1.219098716974258423e-01,-7.751047611236572266e-02,7.520437717437744141e+00,6.470396518707275391e-01,6.200838088989257812e-02,1.410082101821899414e+00,-1.436758995056152344e+00,1.011006254702806473e-02,8.629537582397460938e+00,1.017450094223022461e-01,3.100419044494628906e-02,-6.481430053710937500e+00,6.575459241867065430e-01,1.162657141685485840e-02,7.916250228881835938e-01,-1.432699203491210938e+00,2.628616243600845337e-02,8.297632217407226562e+00,0.000000000000000000e+00,0.000000000000000000e+00,0.000000000000000000e+00,9.994711875915527344e-01,-7.595852948725223541e-04,-1.690098457038402557e-02,2.777155861258506775e-02
5.730435848236083984e+00,-4.236567020416259766e-02,-3.875523805618286133e-02,2.671734333038330078e+00,6.416860222816467285e-01,-7.751047611236572266e-03,1.682203173637390137e+00,-1.415985941886901855e+00,-3.033018670976161957e-02,7.207086086273193359e+00,4.672563076019287109e-02,5.813286080956459045e-02,-2.919117212295532227e+00,6.482259631156921387e-01,-5.425733327865600586e-02,1.410082101821899414e+00,-1.414564251899719238e+00,-4.044024739414453506e-03,7.207086086273193359e+00,-1.218493208289146423e-01,6.975942850112915039e-02,7.619390964508056641e+00,6.470396518707275391e-01,3.100419044494628906e-02,1.385343790054321289e+00,-1.436774730682373047e+00,-1.819811202585697174e-02,8.487292289733886719e+00,1.017450094223022461e-01,5.813286080956459045e-02,-6.382476806640625000e+00,6.575156450271606445e-01,-3.100419044494628906e-02,8.905781507492065430e-01,-1.432714939117431641e+00,4.044024739414453506e-03,8.250217437744140625e+00,0.000000000000000000e+00,0.000000000000000000e+00,0.000000000000000000e+00,9.994704723358154297e-01,-7.739348220638930798e-04,-1.692070439457893372e-02,2.778327465057373047e-02
5.754929542541503906e+00,-4.233539104461669922e-02,1.937761902809143066e-02,2.646996259689331055e+00,6.416860222816467285e-01,1.937761902809143066e-02,1.731679677963256836e+00,-1.415970087051391602e+00,-1.011006254702806473e-02,7.254501342773437500e+00,4.669535160064697266e-02,3.875523805618286133e-03,-2.844902515411376953e+00,6.482865214347839355e-01,4.650628566741943359e-02,1.286390662193298340e+00,-1.414548516273498535e+00,2.022012509405612946e-02,7.112256050109863281e+00,-1.218795999884605408e-01,-1.162657141685485840e-02,7.619390964508056641e+00,6.470093727111816406e-01,-5.038180947303771973e-02,1.459558606147766113e+00,-1.436774730682373047e+00,-8.088049478828907013e-03,8.676952362060546875e+00,1.017450094223022461e-01,6.200838088989257812e-02,-6.382476806640625000e+00,6.575459241867065430e-01,2.325314283370971680e-02,8.411015868186950684e-01,-1.432699203491210938e+00,3.033018670976161957e-02,8.297632217407226562e+00,0.000000000000000000e+00,0.000000000000000000e+00,0.000000000000000000e+00,9.994690418243408203e-01,-7.766229100525379181e-04,-1.699418574571609497e-02,2.779070101678371429e-02
5.773178100585937500e+00,-4.236567020416259766e-02,-2.325314283370971680e-02,2.721210956573486328e+00,6.417163014411926270e-01,5.813286080956459045e-02,1.682203173637390137e+00,-1.415954351425170898e+00,-4.044024739414453506e-03,7.301916122436523438e+00,4.666507244110107422e-02,-4.650628566741943359e-02,-2.869640827178955078e+00,6.482562422752380371e-01,1.550209522247314453e-02,1.459558606147766113e+00,-1.414564251899719238e+00,0.000000000000000000e+00,7.112256050109863281e+00,-1.218795999884605408e-01,3.875523805618286133e-03,7.594652652740478516e+00,6.470699310302734375e-01,6.200838088989257812e-02,1.385343790054321289e+00,-1.436758995056152344e+00,1.617609895765781403e-02,8.487292289733886719e+00,1.017147302627563477e-01,7.751047611236572266e-03,-6.555644512176513672e+00,6.575156450271606445e-01,-3.100419044494628906e-02,8.905781507492065430e-01,-1.432714939117431641e+00,0.000000000000000000e+00,8.250217437744140625e+00,0.000000000000000000e+00,0.000000000000000000e+00,0.000000000000000000e+00,9.994688630104064941e-01,-7.902309298515319824e-04,-1.700833067297935486e-02,2.778852917253971100e-02
5.790420055389404297e+00,-4.233539104461669922e-02,0.000000000000000000e+00,2.721210956573486328e+00,6.417163014411926270e-01,5.813286080956459045e-02,1.731679677963256836e+00,-1.415970087051391602e+00,-6.066037341952323914e-03,7.301916122436523438e+00,4.666507244110107422e-02,-3.875523805618286133e-02,-2.770687580108642578e+00,6.482259631156921387e-01,-3.875523805618286133e-02,1.459558606147766113e+00,-1.414580106735229492e+00,-2.830817364156246185e-02,7.207086086273193359e+00,-1.218795999884605408e-01,0.000000000000000000e+00,7.520437717437744141e+00,6.470396518707275391e-01,0.000000000000000000e+00,1.311128973960876465e+00,-1.436758995056152344e+00,-3.841823711991310120e-02,8.392461776733398438e+00,1.017450094223022461e-01,4.650628566741943359e-02,-6.382476806640625000e+00,6.575156450271606445e-01,-2.325314283370971680e-02,9.895312786102294922e-01,-1.432714939117431641e+00,6.066037341952323914e-03,8.250217437744140625e+00,0.000000000000000000e+00,0.000000000000000000e+00,0.000000000000000000e+00,9.994687438011169434e-01,-7.942264783196151257e-04,-1.701227203011512756e-02,2.778871171176433563e-02
5.810531616210937500e+00,-4.236567020416259766e-02,-5.038180947303771973e-02,2.671734333038330078e+00,6.416557431221008301e-01,-2.325314283370971680e-02,1.632726669311523438e+00,-1.415970087051391602e+00,-6.066037341952323914e-03,7.207086086273193359e+00,4.669535160064697266e-02,-1.162657141685485840e-02,-2.943855524063110352e+00,6.482562422752380371e-01,1.550209522247314453e-02,1.459558606147766113e+00,-1.414548516273498535e+00,1.415408682078123093e-02,7.207086086273193359e+00,-1.218795999884605408e-01,-1.937761902809143066e-02,7.520437717437744141e+00,6.470396518707275391e-01,1.162657141685485840e-02,1.311128973960876465e+00,-1.436774730682373047e+00,-1.415408682078123093e-02,8.676952362060546875e+00,1.017147302627563477e-01,0.000000000000000000e+00,-6.308261871337890625e+00,6.574853658676147461e-01,-3.875523805618286133e-02,8.658398389816284180e-01,-1.432730793952941895e+00,-2.628616243600845337e-02,8.297632217407226562e+00,0.000000000000000000e+00,0.000000000000000000e+00,0.000000000000000000e+00,9.994692802429199219e-01,-8.312893332913517952e-04,-1.697149127721786499e-02,2.779598347842693329e-02
5.832607269287109375e+00,-4.233539104461669922e-02,1.937761902809143066e-02,2.770687580108642578e+00,6.416557431221008301e-01,3.875523805618286133e-03,1.731679677963256836e+00,-1.415985941886901855e+00,-3.639622405171394348e-02,7.254501342773437500e+00,4.669535160064697266e-02,2.712866663932800293e-02,-2.869640827178955078e+00,6.482562422752380371e-01,1.550209522247314453e-02,1.459558606147766113e+00,-1.414548516273498535e+00,2.022012509405612946e-02,7.207086086273193359e+00,-1.218795999884605408e-01,1.550209522247314453e-02,7.545176029205322266e+00,6.470396518707275391e-01,3.875523805618286133e-02,1.286390662193298340e+00,-1.436774730682373047e+00,-6.066037341952323914e-03,8.629537582397460938e+00,1.017147302627563477e-01,-7.751047611236572266e-03,-6.456691741943359375e+00,6.575156450271606445e-01,7.751047611236572266e-03,8.411015868186950684e-01,-1.432699203491210938e+00,0.000000000000000000e+00,8.297632217407226562e+00,0.000000000000000000e+00,0.000000000000000000e+00,0.000000000000000000e+00,9.994693398475646973e-01,-8.184215985238552094e-04,-1.696992106735706329e-02,2.779443934559822083e-02
5.850451946258544922e+00,-4.469704627990722656e-02,-6.162083148956298828e-01,2.943855524063110352e+00,6.350855231285095215e-01,-1.232416629791259766e+00,-6.679335832595825195e-01,-1.425969600677490234e+00,-2.003814220428466797e+00,-1.327621102333068848e+00,3.776347637176513672e-02,-1.406815171241760254e+00,-5.986664295196533203e+00,6.470148563385009766e-01,-3.875523805618286133e-02,4.452890753746032715e-01,-1.421846628189086914e+00,-1.296110033988952637e+00,1.043130874633789062e+00,-1.284195482730865479e-01,-9.727564454078674316e-01,4.922918319702148438e+00,6.434669494628906250e-01,-6.510879993438720703e-01,-7.421484589576721191e-02,-1.436758995056152344e+00,0.000000000000000000e+00,8.060556411743164062e+00,9.977698326110839844e-02,-6.162083148956298828e-01,-5.714543342590332031e+00,6.409538388252258301e-01,-2.798128128051757812e+00,-2.300660133361816406e+00,-1.432873010635375977e+00,3.235219791531562805e-02,7.207086086273193359e+00,0.000000000000000000e+00,0.000000000000000000e+00,0.000000000000000000e+00,9.994675517082214355e-01,2.386089618084952235e-04,-1.702933385968208313e-02,2.783051878213882446e-02
5.872760295867919922e+00,-4.999560117721557617e-02,2.984153330326080322e-01,4.749750137329101562e+00,6.293025016784667969e-01,4.883160293102264404e-01,4.700273573398590088e-01,-1.471607089042663574e+00,-4.820477485656738281e+00,-4.646674156188964844e+00,1.435893774032592773e-02,-1.825371742248535156e+00,-3.265453338623046875e+00,6.476507186889648438e-01,-1.821496188640594482e-01,6.926718950271606445e-01,-1.447216629981994629e+00,-2.434503078460693359e+00,-1.896601676940917969e+00,-1.431344151496887207e-01,-1.685852885246276855e+00,3.958125114440917969e+00,6.447688341140747070e-01,1.042515873908996582e+00,4.329199314117431641e+00,-1.430692911148071289e+00,1.500333189964294434e+00,1.346587181091308594e+01,8.394181728363037109e-02,-8.254866003990173340e-01,-5.516636848449707031e+00,6.270262002944946289e-01,-1.623844504356384277e+00,-2.003800868988037109e+00,-1.418213367462158203e+00,2.699386596679687500e+00,1.185375976562500000e+01,0.000000000000000000e+00,0.000000000000000000e+00,0.000000000000000000e+00,9.994798898696899414e-01,7.525539491325616837e-03,-1.346081309020519257e-02,2.832264639437198639e-02
5.890660762786865234e+00,-7.274031639099121094e-03,3.391083240509033203e+00,1.904847741127014160e+00,6.453799009323120117e-01,5.541998744010925293e-01,1.830632925033569336e+00,-1.632009506225585938e+00,-9.665219306945800781e+00,-3.650958061218261719e+00,-4.592359066009521484e-02,-3.177929639816284180e+00,-5.937187671661376953e-01,6.333899497985839844e-01,-2.809754610061645508e+00,-8.658398389816284180e-01,-1.532915234565734863e+00,-5.447301864624023438e+00,-3.508713006973266602e+00,-1.758947074413299561e-01,-1.306051492691040039e+00,2.523304700851440430e+00,6.109185814857482910e-01,-2.170293331146240234e+00,7.693605899810791016e+00,-1.399904608726501465e+00,1.631764054298400879e+00,1.536247348785400391e+01,6.220257282257080078e-02,-1.441694855690002441e+00,-2.869640827178955078e+00,5.750094056129455566e-01,-2.007521390914916992e+00,3.710742294788360596e-01,-1.357553005218505859e+00,2.098849058151245117e+00,1.100028896331787109e+01,0.000000000000000000e+00,0.000000000000000000e+00,0.000000000000000000e+00,9.993196129798889160e-01,2.130754478275775909e-02,9.511443786323070526e-04,3.008961118757724762e-02
5.910396099090576172e+00,5.107080936431884766e-02,3.383332490921020508e+00,-6.234046936035156250e+00,6.711158156394958496e-01,2.073405265808105469e+00,3.438621282577514648e+00,-1.818461179733276367e+00,-9.432688713073730469e+00,2.370752096176147461e-01,-9.227848052978515625e-02,-2.557845830917358398e+00,2.201707124710083008e+00,6.129525899887084961e-01,-5.813286080956459045e-02,1.236914098262786865e-01,-1.655041575431823730e+00,-7.683647632598876953e+00,-1.896601676940917969e+00,-1.943942755460739136e-01,-1.321553707122802734e+00,3.908648490905761719e+00,5.503938198089599609e-01,-3.941407918930053711e+00,5.838234424591064453e+00,-1.356999993324279785e+00,2.826773405075073242e+00,1.465124702453613281e+01,3.837418556213378906e-02,-1.023138284683227539e+00,-2.028539180755615234e+00,5.210548639297485352e-01,-4.185565948486328125e+00,2.251183748245239258e+00,-1.313147664070129395e+00,2.580087900161743164e+00,6.258785247802734375e+00,0.000000000000000000e+00,0.000000000000000000e+00,0.000000000000000000e+00,9.987102746963500977e-01,3.214884549379348755e-02,2.144964411854743958e-02,3.292720764875411987e-02
5.930191516876220703e+00,7.411199808120727539e-02,9.688809514045715332e-02,-7.693605899810791016e+00,7.081149220466613770e-01,3.363954782485961914e+00,3.339668035507202148e+00,-1.936527729034423828e+00,-7.356081485748291016e+00,4.267353534698486328e+00,-1.198613047599792480e-01,-1.197536826133728027e+00,1.731679677963256836e+00,5.977835655212402344e-01,-1.561836004257202148e+00,1.805894613265991211e+00,-1.743994235992431641e+00,-7.774637699127197266e+00,-9.957158565521240234e-01,-2.064144611358642578e-01,-7.712292671203613281e-01,4.527105808258056641e+00,4.976806640625000000e-01,-5.228081703186035156e+00,2.102753877639770508e+00,-1.324742674827575684e+00,2.280829906463623047e+00,1.640560340881347656e+01,2.626311779022216797e-02,-8.409886956214904785e-01,-1.088484406471252441e+00,4.732768833637237549e-01,-3.135298728942871094e+00,5.096086025238037109e+00,-1.278347015380859375e+00,2.305094242095947266e+00,1.422451257705688477e+00,0.000000000000000000e+00,0.000000000000000000e+00,0.000000000000000000e+00,9.979435801506042480e-01,3.814456984400749207e-02,3.777131438255310059e-02,3.503019362688064575e-02
5.950545787811279297e+00,8.591413497924804688e-03,-4.511109828948974609e+00,-3.438621282577514648e+00,8.011577725410461426e-01,4.015042781829833984e+00,1.311128973960876465e+00,-2.022036790847778320e+00,5.014591217041015625e-01,5.642389774322509766e+00,-1.253718137741088867e-01,1.232416629791259766e+00,-2.028539180755615234e+00,5.877617597579956055e-01,3.798013329505920410e-01,2.003800868988037109e+00,-1.917634606361389160e+00,-5.550424098968505859e+00,2.892317533493041992e+00,-2.067172378301620483e-01,8.099844455718994141e-01,5.887711048126220703e+00,3.911643028259277344e-01,-4.720387935638427734e+00,8.658398389816284180e-01,-1.257384300231933594e+00,2.733760833740234375e+00,1.327621173858642578e+01,5.553364753723144531e-03,-1.278922855854034424e-01,7.421484589576721191e-02,4.410918653011322021e-01,9.882586002349853516e-01,3.809695482254028320e+00,-1.257874131202697754e+00,-5.297672748565673828e-01,-1.517281293869018555e+00,0.000000000000000000e+00,0.000000000000000000e+00,0.000000000000000000e+00,9.953110814094543457e-01,3.950671479105949402e-02,8.011080324649810791e-02,3.711167350411415100e-02
5.971882343292236328e+00,-7.621592283248901367e-02,-2.743870973587036133e+00,7.421484589576721191e-01,8.514184951782226562e-01,2.147040128707885742e+00,-2.869640827178955078e+00,-1.947380304336547852e+00,5.600974082946777344e+00,2.418167114257812500e+00,-1.034206151962280273e-01,7.751047611236572266e-01,-3.141761779785156250e+00,5.881250500679016113e-01,-2.557845711708068848e-01,-1.830632925033569336e+00,-1.975577950477600098e+00,1.079754710197448730e+00,7.444161415100097656e+00,-1.731697320938110352e-01,2.499712944030761719e+00,5.739281654357910156e+00,3.085974454879760742e-01,-3.143049955368041992e+00,3.166500091552734375e+00,-1.221272468566894531e+00,-5.115691423416137695e-01,1.991431713104248047e+00,3.464221954345703125e-03,3.371705710887908936e-01,3.463359475135803223e-01,4.690380394458770752e-01,5.735775232315063477e-01,-6.679335832595825195e-01,-1.282691121101379395e+00,-1.773305058479309082e+00,-7.112256288528442383e-01,0.000000000000000000e+00,0.000000000000000000e+00,0.000000000000000000e+00,9.920318126678466797e-01,2.242719754576683044e-02,1.182942464947700500e-01,3.710247576236724854e-02
5.990502357482910156e+00,-1.221469640731811523e-01,-1.523080825805664062e+00,2.721211016178131104e-01,8.551728725433349609e-01,-1.034764885902404785e+00,-2.102753877639770508e+00,-1.930019378662109375e+00,-5.536270141601562500e+00,9.625253677368164062e+00,-6.178903579711914062e-02,4.639001846313476562e+00,-5.937187671661376953e+00,5.575144886970520020e-01,-2.108284950256347656e+00,-3.488097667694091797e+00,-2.003965139389038086e+00,-7.534018516540527344e+00,2.313854026794433594e+01,-1.036828011274337769e-01,5.011052131652832031e+00,3.958125114440917969e+00,2.724763154983520508e-01,-3.100419044494628906e-02,1.558511734008789062e+00,-1.233578205108642578e+00,-1.666138291358947754e+00,-2.512997150421142578e+00,7.642507553100585938e-03,-1.588964760303497314e-01,-2.226445376873016357e-01,4.954097568988800049e-01,1.755612373352050781e+00,-3.686003923416137695e+00,-1.305312395095825195e+00,-1.154569149017333984e+00,-9.008857607841491699e-01,0.000000000000000000e+00,0.000000000000000000e+00,0.000000000000000000e+00,9.881390929222106934e-01,-2.252090955153107643e-03,1.480843573808670044e-01,4.058590903878211975e-02
6.009883403778076172e+00,-1.112470626831054688e-01,2.371820688247680664e+00,-1.558511734008789062e+00,8.592603802680969238e-01,1.309927105903625488e+00,-3.265453338623046875e+00,-1.979353308677673340e+00,-6.314744949340820312e+00,8.060556411743164062e+00,-3.983783721923828125e-02,9.998852014541625977e-01,-3.661265850067138672e+00,5.576658248901367188e-01,3.642992377281188965e-01,-4.007601737976074219e+00,-2.061465978622436523e+00,-6.998185157775878906e+00,2.000914764404296875e+01,-7.046835124492645264e-02,4.763018608093261719e+00,3.587050914764404297e+00,2.827404737472534180e-01,1.639346599578857422e+00,7.916250228881835938e-01,-1.249122619628906250e+00,-2.654902458190917969e+00,-2.086261749267578125e+00,9.761929512023925781e-03,6.278348565101623535e-01,-7.421484589576721191e-01,5.033425092697143555e-01,3.914279043674468994e-01,-2.943855524063110352e+00,-1.310825586318969727e+00,-7.097263336181640625e-01,-9.008857607841491699e-01,0.000000000000000000e+00,0.000000000000000000e+00,0.000000000000000000e+00,9.866493940353393555e-01,-1.156202610582113266e-02,1.560828387737274170e-01,4.502661898732185364e-02
6.031387329101562500e+00,-9.707719087600708008e-02,-3.526726663112640381e-01,3.389144659042358398e+00,8.641350269317626953e-01,2.480335235595703125e-01,-7.273055076599121094e+00,-2.015749454498291016e+00,-1.354748457670211792e-01,1.379777717590332031e+01,-2.866542339324951172e-02,6.123327612876892090e-01,9.895312786102294922e-01,5.624799728393554688e-01,4.883160293102264404e-01,2.622257947921752930e+00,-2.125870227813720703e+00,-1.633785963058471680e+00,2.650500679016113281e+01,8.385621011257171631e-02,5.824912071228027344e+00,1.979062557220458984e+00,2.858287096023559570e-01,-3.022908568382263184e-01,-1.261652350425720215e+00,-1.396160721778869629e+00,-4.852829933166503906e+00,-6.163955330848693848e-01,-7.982933521270751953e-02,-4.049922466278076172e+00,-3.117023468017578125e+00,5.150598883628845215e-01,1.402939677238464355e+00,1.236914098262786865e-01,-1.342198371887207031e+00,-1.376990437507629395e+00,-1.327621102333068848e+00,0.000000000000000000e+00,0.000000000000000000e+00,0.000000000000000000e+00,9.834990501403808594e-01,-2.476553060114383698e-02,1.703424155712127686e-01,5.567738041281700134e-02
6.050469398498535156e+00,-8.012175559997558594e-02,1.193661332130432129e+00,2.102753877639770508e+00,8.795160055160522461e-01,1.092897772789001465e+00,-5.318730831146240234e+00,-2.006334543228149414e+00,1.391144514083862305e+00,1.185375976562500000e+01,-3.923225402832031250e-02,-1.825371742248535156e+00,-5.937187671661376953e-01,5.787087678909301758e-01,1.437819361686706543e+00,1.063746094703674316e+00,-2.129266738891601562e+00,5.863836035132408142e-02,2.242731475830078125e+01,1.777165681123733521e-01,4.452977180480957031e+00,-8.905781507492065430e-01,2.820440530776977539e-01,5.038180947303771973e-02,2.473828196525573730e-02,-1.464846014976501465e+00,-2.834861516952514648e+00,2.133676767349243164e+00,-1.237317323684692383e-01,-5.038180947303771973e-02,-1.088484406471252441e+00,5.585384368896484375e-01,3.608112573623657227e+00,-1.311128973960876465e+00,-1.385924339294433594e+00,-3.459663391113281250e+00,3.461297988891601562e+00,0.000000000000000000e+00,0.000000000000000000e+00,0.000000000000000000e+00,9.849134683609008789e-01,-3.112748824059963226e-02,1.603837758302688599e-01,5.704072490334510803e-02
6.070040702819824219e+00,-8.457255363464355469e-02,-1.216914415359497070e+00,2.646996259689331055e+00,8.924142718315124512e-01,9.572544097900390625e-01,-4.081816673278808594e+00,-1.973603248596191406e+00,2.236345767974853516e+00,9.672668457031250000e+00,-6.436258554458618164e-02,-2.158666849136352539e+00,-1.632726669311523438e+00,5.984497070312500000e-01,5.929551720619201660e-01,2.473828196525573730e-01,-2.118192911148071289e+00,1.573125720024108887e+00,1.858669662475585938e+01,2.445390671491622925e-01,3.577108383178710938e+00,-2.102753877639770508e+00,2.968497276306152344e-01,2.957024812698364258e+00,4.626058578491210938e+00,-1.483944535255432129e+00,2.446634918451309204e-01,3.319052934646606445e+00,-1.149512529373168945e-01,-1.356433331966400146e-01,-5.937187671661376953e-01,6.119480133056640625e-01,3.887150287628173828e+00,-2.523304700851440430e+00,-1.436980128288269043e+00,-2.252521991729736328e+00,7.586406707763671875e+00,0.000000000000000000e+00,0.000000000000000000e+00,0.000000000000000000e+00,9.875736236572265625e-01,-2.934511937201023102e-02,1.436233520507812500e-01,5.665339156985282898e-02
6.092068195343017578e+00,-1.033446192741394043e-01,-4.766894578933715820e-01,4.700273513793945312e+00,9.063419103622436523e-01,-2.325314283370971680e-02,-2.770687580108642578e+00,-1.934568881988525391e+00,1.110084772109985352e+00,6.211370468139648438e+00,-9.179407358169555664e-02,-3.526726663112640381e-01,-3.141761779785156250e+00,6.231561899185180664e-01,1.484325647354125977e+00,1.236914098262786865e-01,-2.056126594543457031e+00,2.917763948440551758e+00,1.446158695220947266e+01,2.405121475458145142e-01,-3.573232889175415039e+00,0.000000000000000000e+00,3.462021350860595703e-01,3.150800943374633789e+00,5.219777584075927734e+00,-1.513342618942260742e+00,-2.511339426040649414e+00,1.000457382202148438e+01,-1.412018537521362305e-01,-1.337055683135986328e+00,3.463359475135803223e-01,6.729874610900878906e-01,2.085031747817993164e+00,-2.548043012619018555e+00,-1.472381234169006348e+00,-1.882493615150451660e+00,1.161668491363525391e+01,0.000000000000000000e+00,0.000000000000000000e+00,0.000000000000000000e+00,9.912579655647277832e-01,-1.537804491817951202e-02,1.193718835711479187e-01,5.404986068606376648e-02
6.110317230224609375e+00,-1.193009018898010254e-01,-9.146236181259155273e-01,4.576581954956054688e+00,8.970769643783569336e-01,-8.099844455718994141e-01,-3.265453338623046875e+00,-1.905439257621765137e+00,1.577169656753540039e+00,2.228506803512573242e+00,-1.154710650444030762e-01,-1.945512890815734863e+00,-2.770687580108642578e+00,6.262444853782653809e-01,-3.526726663112640381e-01,1.113222718238830566e+00,-2.005371093750000000e+00,1.967418193817138672e+00,7.681236743927001953e+00,1.963675171136856079e-01,-8.061089515686035156e-01,-1.607988357543945312e+00,3.721196651458740234e-01,1.046391502022743225e-01,5.516636848449707031e+00,-1.520230174064636230e+00,1.253647804260253906e+00,1.436675739288330078e+01,-1.644246578216552734e-01,-1.174283742904663086e+00,1.805894613265991211e+00,7.055358290672302246e-01,1.414566278457641602e+00,2.473828196525573730e-02,-1.486187696456909180e+00,6.470439583063125610e-02,1.028906345367431641e+01,0.000000000000000000e+00,0.000000000000000000e+00,0.000000000000000000e+00,9.931140542030334473e-01,-2.373957075178623199e-03,1.048732399940490723e-01,5.215960741043090820e-02
6.130288600921630859e+00,-1.128214597702026367e-01,1.426192760467529297e+00,3.809695482254028320e+00,8.712805509567260742e-01,-1.557960510253906250e+00,-2.251183748245239258e+00,-1.894065499305725098e+00,-1.275889873504638672e+00,-2.797487497329711914e+00,-1.398747563362121582e-01,-9.029970169067382812e-01,-3.859171867370605469e+00,6.111056804656982422e-01,-1.147155046463012695e+00,2.473828196525573730e-01,-1.973350524902343750e+00,1.290043950080871582e+00,2.892317533493041992e+00,1.752943545579910278e-01,-7.402250170707702637e-01,-2.127492189407348633e+00,3.715444803237915039e-01,-2.441580146551132202e-01,7.743082046508789062e+00,-1.501558184623718262e+00,1.211185455322265625e+00,1.607369804382324219e+01,-1.768385171890258789e-01,7.751047611236572266e-03,2.943855524063110352e+00,7.106527090072631836e-01,-6.084572076797485352e-01,1.731679737567901611e-01,-1.481227517127990723e+00,9.463018178939819336e-01,9.577837944030761719e+00,0.000000000000000000e+00,0.000000000000000000e+00,0.000000000000000000e+00,9.939548373222351074e-01,4.228509031236171722e-03,9.727223217487335205e-02,5.073481053113937378e-02
6.150145530700683594e+00,-9.329247474670410156e-02,2.972526788711547852e+00,2.597519636154174805e+00,8.578373193740844727e-01,-2.534592628479003906e+00,-1.360605478286743164e+00,-1.906387090682983398e+00,-2.499207258224487305e+00,-2.275921821594238281e+00,-1.505022048950195312e-01,-1.755612373352050781e+00,-3.117023468017578125e+00,6.050804853439331055e-01,-8.177355527877807617e-01,1.484296917915344238e-01,-1.964393615722656250e+00,1.518531322479248047e+00,2.465582132339477539e+00,1.725996583700180054e-01,5.038180947303771973e-02,-2.498566389083862305e+00,3.663972616195678711e-01,-6.975942850112915039e-01,7.940988540649414062e+00,-1.488557219505310059e+00,2.060430765151977539e+00,1.545730304718017578e+01,-1.768990755081176758e-01,6.975942850112915039e-02,2.919117212295532227e+00,7.065047025680541992e-01,-5.890796184539794922e-01,2.473828196525573730e-01,-1.472870945930480957e+00,1.542795419692993164e+00,9.198517799377441406e+00,0.000000000000000000e+00,0.000000000000000000e+00,0.000000000000000000e+00,9.941536188125610352e-01,4.834737163037061691e-03,9.524524211883544922e-02,5.063191056251525879e-02
6.170395851135253906e+00,-2.853512763977050781e-03,2.422202348709106445e+00,-2.201707124710083008e+00,7.952234148979187012e-01,-2.201297521591186523e+00,2.003800868988037109e+00,-2.029998302459716797e+00,-5.204659938812255859e+00,-1.043130874633789062e+00,-2.178091406822204590e-01,-2.743870973587036133e+00,1.063746094703674316e+00,5.349577069282531738e-01,-3.224435806274414062e+00,-5.937187671661376953e-01,-1.959844112396240234e+00,-1.611544013023376465e+00,-2.086261749267578125e+00,1.562497764825820923e-01,-8.913704752922058105e-01,-4.180769443511962891e+00,3.232820034027099609e-01,-2.007521390914916992e+00,9.202640533447265625e+00,-1.418260693550109863e+00,2.992578268051147461e+00,1.607369804382324219e+01,-1.797149181365966797e-01,-5.464488863945007324e-01,2.548043012619018555e+00,6.426494121551513672e-01,-2.426077842712402344e+00,-1.187437534332275391e+00,-1.411025762557983398e+00,2.476965427398681641e+00,8.297632217407226562e+00,0.000000000000000000e+00,0.000000000000000000e+00,0.000000000000000000e+00,9.939582347869873047e-01,8.030951954424381256e-03,9.678108245134353638e-02,5.114608258008956909e-02
6.190717697143554688e+00,2.188324928283691406e-02,5.464488863945007324e-01,-4.601320266723632812e+00,7.690030336380004883e-01,-6.937187314033508301e-01,3.686003923416137695e+00,-2.116676330566406250e+00,-4.476735591888427734e+00,8.534707427024841309e-01,-2.552927136421203613e-01,-1.922259807586669922e+00,2.251183748245239258e+00,4.846667349338531494e-01,-2.755497455596923828e+00,1.484296917915344238e+00,-1.995940208435058594e+00,-2.169619321823120117e+00,-1.280206084251403809e+00,1.430184990167617798e-01,-8.448641896247863770e-01,-3.240715026855468750e+00,2.714772224426269531e-01,-3.096543550491333008e+00,6.407215118408203125e+00,-1.363508343696594238e+00,3.111877202987670898e+00,1.583662319183349609e+01,-1.884348392486572266e-01,-5.231957435607910156e-01,2.622257947921752930e+00,5.919951200485229492e-01,-2.918269395828247070e+00,-1.731679737567901611e-01,-1.360980987548828125e+00,3.091656923294067383e+00,5.073409557342529297e+00,0.000000000000000000e+00,0.000000000000000000e+00,0.000000000000000000e+00,9.928492307662963867e-01,1.360544655472040176e-02,1.063630953431129456e-01,5.246185138821601868e-02
6.210027217864990234e+00,4.836976528167724609e-03,-2.329189777374267578e+00,-3.389144659042358398e+00,7.777835130691528320e-01,1.817620635032653809e+00,3.364406347274780273e+00,-2.167621612548828125e+00,-2.737804889678955078e+00,2.512997150421142578e+00,-2.733381092548370361e-01,-6.355859041213989258e-01,8.658398389816284180e-01,4.450031816959381104e-01,-2.108284950256347656e+00,2.003800868988037109e+00,-2.029366493225097656e+00,-2.440569162368774414e+00,-4.267353713512420654e-01,1.312405616044998169e-01,-1.046391502022743225e-01,-1.781156301498413086e+00,2.218825817108154297e-01,-4.677757263183593750e+00,4.576581954956054688e+00,-1.317207455635070801e+00,3.312056303024291992e+00,1.583662319183349609e+01,-1.958224773406982422e-01,-1.395188570022583008e-01,3.042808771133422852e+00,5.494248867034912109e-01,-2.821381330490112305e+00,1.979062557220458984e+00,-1.313511013984680176e+00,2.903609991073608398e+00,1.327621102333068848e+00,0.000000000000000000e+00,0.000000000000000000e+00,0.000000000000000000e+00,9.911537766456604004e-01,1.814547739923000336e-02,1.199758648872375488e-01,5.376713722944259644e-02
6.231738567352294922e+00,-6.752628087997436523e-02,-2.724493265151977539e+00,-4.452890753746032715e-01,8.486026525497436523e-01,3.127547740936279297e+00,7.668867111206054688e-01,-2.174935579299926758e+00,1.757128715515136719e+00,2.655242204666137695e+00,-2.612876594066619873e-01,1.011511802673339844e+00,-1.706941485404968262e+00,4.211444854736328125e-01,3.487971425056457520e-02,1.162699222564697266e+00,-2.077152490615844727e+00,-7.562326788902282715e-01,1.327621102333068848e+00,1.392338126897811890e-01,1.154906034469604492e+00,-8.411015868186950684e-01,1.191812753677368164e-01,-3.057788372039794922e+00,3.018070459365844727e+00,-1.236469030380249023e+00,2.155465364456176758e+00,1.095287418365478516e+01,-1.720243692398071289e-01,1.992019176483154297e+00,2.003800868988037109e+00,4.935931265354156494e-01,-6.394614577293395996e-01,2.869640827178955078e+00,-1.269342660903930664e+00,3.983364403247833252e-01,-1.517281293869018555e+00,0.000000000000000000e+00,0.000000000000000000e+00,0.000000000000000000e+00,9.869622588157653809e-01,1.357830874621868134e-02,1.498846858739852905e-01,5.705966800451278687e-02
6.250407695770263672e+00,-9.295940399169921875e-02,-3.991789519786834717e-01,2.251183748245239258e+00,8.837851285934448242e-01,1.926135301589965820e+00,-5.244515895843505859e+00,-2.130767345428466797e+00,3.223088026046752930e+00,2.038846731185913086e+00,-2.550504803657531738e-01,1.588964760303497314e-01,-1.929585933685302734e+00,4.238694608211517334e-01,-5.115691423416137695e-01,4.452890753746032715e-01,-2.079601049423217773e+00,-5.722295045852661133e-01,8.582121849060058594e+00,1.666955500841140747e-01,1.844749331474304199e+00,-7.421484589576721191e-02,7.609629631042480469e-02,-2.584974527359008789e+00,4.279722690582275391e+00,-1.213516235351562500e+00,-5.499873757362365723e-01,1.327621102333068848e+00,-1.350858211517333984e-01,1.809869647026062012e+00,0.000000000000000000e+00,4.910195171833038330e-01,-6.937187314033508301e-01,-4.452890753746032715e-01,-1.280084609985351562e+00,-1.488201141357421875e+00,-1.517281293869018555e+00,0.000000000000000000e+00,0.000000000000000000e+00,0.000000000000000000e+00,9.835075736045837402e-01,2.354118274524807930e-03,1.706321835517883301e-01,5.993312969803810120e-02
6.270610809326171875e+00,-1.022546291351318359e-01,-2.712866663932800293e-02,2.646996259689331055e+00,8.704327344894409180e-01,-3.069414854049682617e+00,-4.675535202026367188e+00,-2.061387062072753906e+00,4.021782875061035156e+00,7.112256288528442383e-01,-2.531732916831970215e-01,-8.797438740730285645e-01,-8.905781507492065430e-01,3.796037137508392334e-01,-7.983579039573669434e-01,8.411015868186950684e-01,-2.131241321563720703e+00,-2.665012359619140625e+00,1.574179363250732422e+01,1.943692117929458618e-01,8.138600587844848633e-01,1.039007902145385742e+00,5.696094036102294922e-02,2.712866663932800293e-01,2.548043012619018555e+00,-1.246437072753906250e+00,-2.851037502288818359e+00,-2.323337078094482422e+00,-1.082296371459960938e-01,1.007636189460754395e+00,-1.187437534332275391e+00,4.912011921405792236e-01,3.875523805618286133e-02,-2.003800868988037109e+00,-1.311425805091857910e+00,-1.761172890663146973e+00,-6.163955330848693848e-01,0.000000000000000000e+00,0.000000000000000000e+00,0.000000000000000000e+00,9.798444509506225586e-01,-6.764866877347230911e-03,1.894402652978897095e-01,6.301940977573394775e-02
6.290114879608154297e+00,-9.822773933410644531e-02,-4.263076186180114746e-01,3.166500091552734375e+00,8.488751649856567383e-01,-1.399064064025878906e+00,-5.566113471984863281e+00,-2.034816503524780273e+00,1.712644577026367188e+00,4.694088935852050781e+00,-2.617115378379821777e-01,-9.456278085708618164e-01,-8.658398389816284180e-01,3.698240518569946289e-01,-1.623844504356384277e+00,1.682203173637390137e+00,-2.149407863616943359e+00,-2.309138298034667969e+00,1.640560340881347656e+01,1.992136090993881226e-01,6.007061600685119629e-01,8.658398389816284180e-01,6.362199783325195312e-02,1.193661332130432129e+00,1.979062557220458984e+00,-1.270401000976562500e+00,-3.536499738693237305e+00,-1.896601676940917969e+00,-1.016896963119506836e-01,5.619509220123291016e-01,-1.113222718238830566e+00,4.895662069320678711e-01,-2.596600949764251709e-01,-2.003800868988037109e+00,-1.323226213455200195e+00,-1.504377245903015137e+00,-6.163955330848693848e-01,0.000000000000000000e+00,0.000000000000000000e+00,0.000000000000000000e+00,9.786976575851440430e-01,-8.005450479686260223e-03,1.949769854545593262e-01,6.380380690097808838e-02
6.310636520385742188e+00,-8.856916427612304688e-02,1.588964819908142090e+00,3.339668035507202148e+00,8.643772602081298828e-01,4.728139042854309082e-01,-3.760218858718872070e+00,-2.084782361984252930e+00,8.876634836196899414e-01,8.582121849060058594e+00,-2.642245888710021973e-01,2.906642854213714600e-01,-9.895312786102294922e-01,3.605288863182067871e-01,7.751047611236572266e-01,4.329199314117431641e+00,-2.181838989257812500e+00,-3.700282871723175049e-01,1.958241081237792969e+01,2.503221035003662109e-01,1.461072564125061035e+00,5.195039510726928711e-01,1.193022727966308594e-01,2.236177206039428711e+00,-1.484296917915344238e+00,-1.387819886207580566e+00,-4.325084686279296875e+00,-6.163955330848693848e-01,-1.103490591049194336e-01,-1.499827742576599121e+00,-1.904847741127014160e+00,4.856301248073577881e-01,-1.007636189460754395e-01,-1.484296917915344238e-01,-1.347837805747985840e+00,-8.290250599384307861e-02,9.483008086681365967e-02,0.000000000000000000e+00,0.000000000000000000e+00,0.000000000000000000e+00,9.777126908302307129e-01,-1.611850969493389130e-02,1.986316442489624023e-01,6.605648994445800781e-02
6.330324172973632812e+00,-9.398883581161499023e-02,-3.759258091449737549e-01,3.562312602996826172e+00,8.764580488204956055e-01,1.003760695457458496e+00,-4.403414249420166016e+00,-2.068922042846679688e+00,1.259713768959045410e+00,1.057355403900146484e+01,-2.613784968852996826e-01,4.650628566741943359e-02,-2.127492189407348633e+00,3.853564560413360596e-01,2.166417837142944336e+00,4.799226760864257812e+00,-2.183592319488525391e+00,5.257232487201690674e-02,1.806513023376464844e+01,2.700630426406860352e-01,5.386977791786193848e-01,-2.721211016178131104e-01,1.653242111206054688e-01,4.232071876525878906e+00,7.916250228881835938e-01,-1.456078648567199707e+00,-2.824751377105712891e+00,1.090545892715454102e+00,-1.465306282043457031e-01,-1.774989962577819824e+00,-1.731679737567901611e-01,4.913525879383087158e-01,1.085146665573120117e+00,3.215976655483245850e-01,-1.343304157257080078e+00,8.573333024978637695e-01,1.517281293869018555e+00,0.000000000000000000e+00,0.000000000000000000e+00,0.000000000000000000e+00,9.803412556648254395e-01,-1.716871187090873718e-02,1.857390850782394409e-01,6.432198733091354370e-02
6.349868774414062500e+00,-8.641946315765380859e-02,8.642418384552001953e-01,2.919117212295532227e+00,8.928078413009643555e-01,1.693603873252868652e+00,-4.007601737976074219e+00,-2.045416355133056641e+00,1.520553350448608398e+00,9.008857727050781250e+00,-2.614693343639373779e-01,-1.472699046134948730e-01,-3.587050914764404297e+00,4.191764295101165771e-01,2.988028764724731445e+00,3.166500091552734375e+00,-2.178189754486083984e+00,1.112106800079345703e+00,1.759098052978515625e+01,2.809932231903076172e-01,1.027013778686523438e+00,-2.226445376873016357e-01,2.151609659194946289e-01,4.786271572113037109e+00,3.809695482254028320e+00,-1.481022119522094727e+00,-9.988741874694824219e-01,3.508713006973266602e+00,-1.649999618530273438e-01,-1.937761902809143066e-01,5.442422032356262207e-01,5.180270671844482422e-01,4.243698596954345703e+00,-1.682203173637390137e+00,-1.328565597534179688e+00,5.297672748565673828e-01,6.448445320129394531e+00,0.000000000000000000e+00,0.000000000000000000e+00,0.000000000000000000e+00,9.834168553352355957e-01,-1.827509514987468719e-02,1.690713167190551758e-01,6.302661448717117310e-02
6.371613979339599609e+00,-1.114892959594726562e-01,-5.890796184539794922e-01,4.700273513793945312e+00,9.208145737648010254e-01,2.829132378101348877e-01,-4.106554985046386719e+00,-2.014880657196044922e+00,1.443716883659362793e+00,6.638105869293212891e+00,-2.655870616436004639e-01,6.627146005630493164e-01,-3.067546844482421875e+00,4.629880189895629883e-01,1.007636189460754395e+00,1.360605478286743164e+00,-2.109646797180175781e+00,2.632660150527954102e+00,1.706941413879394531e+01,2.745441198348999023e-01,-1.178159236907958984e+00,8.411015868186950684e-01,3.013913631439208984e-01,1.108399748802185059e+00,5.838234424591064453e+00,-1.491574406623840332e+00,-2.772179126739501953e+00,8.961442947387695312e+00,-1.817737817764282227e-01,-2.794252634048461914e+00,2.251183748245239258e+00,6.204559803009033203e-01,2.867887496948242188e+00,-3.562312602996826172e+00,-1.438686251640319824e+00,-3.936858415603637695e+00,9.198517799377441406e+00,0.000000000000000000e+00,0.000000000000000000e+00,0.000000000000000000e+00,9.882128834724426270e-01,-2.533131046220660210e-03,1.398529112339019775e-01,6.221000850200653076e-02
6.390650272369384766e+00,-1.144564747810363770e-01,-2.325314432382583618e-01,4.156031608581542969e+00,9.197548627853393555e-01,-2.286559045314788818e-01,-3.883910179138183594e+00,-1.984282016754150391e+00,1.975506186485290527e+00,4.030278205871582031e+00,-2.564735412597656250e-01,-2.015272378921508789e-01,-5.689804553985595703e-01,4.789443016052246094e-01,7.169718742370605469e-01,5.442421913146972656e+00,-2.076710224151611328e+00,1.269823789596557617e+00,1.218566513061523438e+01,2.536223530769348145e-01,-7.867313027381896973e-01,-2.622257947921752930e+00,3.355747461318969727e-01,7.053453326225280762e-01,6.234046936035156250e+00,-1.521620273590087891e+00,-6.066037341952323914e-02,1.204341983795166016e+01,-1.801689863204956055e-01,1.375810980796813965e+00,4.452890753746032715e-01,6.558806896209716797e-01,1.992019176483154297e+00,-8.658398389816284180e-01,-1.464719653129577637e+00,2.224213629961013794e-02,1.009940338134765625e+01,0.000000000000000000e+00,0.000000000000000000e+00,0.000000000000000000e+00,9.900400042533874512e-01,-2.758518094196915627e-04,1.256161630153656006e-01,6.357294321060180664e-02
6.410123825073242188e+00,-1.115801334381103516e-01,5.076935887336730957e-01,4.898180007934570312e+00,9.068263769149780273e-01,-1.007636189460754395e+00,-3.958125114440917969e+00,-1.951013565063476562e+00,1.130305051803588867e+00,1.469866275787353516e+00,-2.545660436153411865e-01,2.286559045314788818e-01,-1.212175846099853516e+00,4.840611815452575684e-01,-4.224320948123931885e-01,4.403414249420166016e+00,-2.039681911468505859e+00,2.497185230255126953e+00,8.202801704406738281e+00,2.492623478174209595e-01,1.201412379741668701e-01,-3.166500091552734375e+00,3.448396921157836914e-01,0.000000000000000000e+00,7.273055076599121094e+00,-1.515506863594055176e+00,4.589968323707580566e-01,1.484090805053710938e+01,-1.845895051956176758e-01,-3.991789519786834717e-01,5.195039510726928711e-01,6.682338714599609375e-01,1.278922855854034424e-01,-5.937187671661376953e-01,-1.472681283950805664e+00,-5.257232189178466797e-01,1.009940338134765625e+01,0.000000000000000000e+00,0.000000000000000000e+00,0.000000000000000000e+00,9.914012551307678223e-01,1.181579311378300190e-03,1.141811981797218323e-01,6.391360610723495483e-02
6.431985855102539062e+00,-1.011646389961242676e-01,1.081271171569824219e+00,3.067546844482421875e+00,8.879634737968444824e-01,-1.592840313911437988e+00,-2.003800868988037109e+00,-1.944631576538085938e+00,-3.680062592029571533e-01,-2.228506803512573242e+00,-2.542027235031127930e-01,-1.201412379741668701e-01,-2.226445436477661133e+00,4.757651388645172119e-01,-1.263420820236206055e+00,2.943855524063110352e+00,-2.013079881668090820e+00,1.757128715515136719e+00,4.788918972015380859e+00,2.446601837873458862e-01,-7.247229814529418945e-01,-3.587050914764404297e+00,3.402980566024780273e-01,-1.201412379741668701e-01,8.658398628234863281e+00,-1.503580093383789062e+00,1.641874194145202637e+00,1.507798290252685547e+01,-1.824700832366943359e-01,9.766320586204528809e-01,2.523304700851440430e+00,6.662961244583129883e-01,-5.348222851753234863e-01,-5.195039510726928711e-01,-1.470074772834777832e+00,6.834402084350585938e-01,1.062096881866455078e+01,0.000000000000000000e+00,0.000000000000000000e+00,0.000000000000000000e+00,9.918782711029052734e-01,2.616873476654291153e-03,1.101732477545738220e-01,6.350262463092803955e-02
6.450497627258300781e+00,-5.153977870941162109e-02,2.499712944030761719e+00,5.689804553985595703e-01,8.377330303192138672e-01,-2.061778545379638672e+00,1.731679737567901611e-01,-1.988468170166015625e+00,-3.077502965927124023e+00,-3.034562587738037109e+00,-2.630740404129028320e-01,-5.580754280090332031e-01,-8.411015868186950684e-01,4.620191454887390137e-01,-6.045817136764526367e-01,8.411015868186950684e-01,-1.982670783996582031e+00,4.488867521286010742e-01,9.008857607841491699e-01,2.345172017812728882e-01,-2.092783004045486450e-01,-3.908648490905761719e+00,3.206479549407958984e-01,-9.843829870223999023e-01,1.031586360931396484e+01,-1.456663131713867188e+00,1.943154096603393555e+00,1.597886848449707031e+01,-1.817435026168823242e-01,-2.325314283370971680e-02,3.141761779785156250e+00,6.462523937225341797e-01,-1.519205331802368164e+00,-3.710742294788360596e-01,-1.435258269309997559e+00,1.627720117568969727e+00,9.672668457031250000e+00,0.000000000000000000e+00,0.000000000000000000e+00,0.000000000000000000e+00,9.922633171081542969e-01,5.261504556983709335e-03,1.067849919199943542e-01,6.311026215553283691e-02
6.470151424407958984e+00,-3.882944583892822266e-03,2.150915861129760742e+00,-3.339668035507202148e+00,8.039433360099792480e-01,-2.054027557373046875e+00,2.152230501174926758e+00,-2.057959079742431641e+00,-3.882263898849487305e+00,-5.215654373168945312e-01,-2.767291963100433350e-01,-7.324740290641784668e-01,6.679335832595825195e-01,4.493328630924224854e-01,-9.340012669563293457e-01,4.947656393051147461e-02,-1.982054710388183594e+00,-3.801383376121520996e-01,-8.060556650161743164e-01,2.251008898019790649e-01,-1.011511802673339844e+00,-3.883910179138183594e+00,2.868884801864624023e-01,-2.143164634704589844e+00,8.262586593627929688e+00,-1.414216637611389160e+00,3.144229173660278320e+00,1.664267921447753906e+01,-1.839537620544433594e-01,-3.449216187000274658e-01,3.290191411972045898e+00,6.089504957199096680e-01,-2.584974527359008789e+00,-2.473828196525573730e-01,-1.397598266601562500e+00,2.476965427398681641e+00,7.681236743927001953e+00,0.000000000000000000e+00,0.000000000000000000e+00,0.000000000000000000e+00,9.918044209480285645e-01,8.766845799982547760e-03,1.104183867573738098e-01,6.367998570203781128e-02
6.490162372589111328e+00,3.232300281524658203e-03,-5.038180947303771973e-01,-4.428152561187744141e+00,7.836270928382873535e-01,-8.797438740730285645e-01,3.141761779785156250e+00,-2.102506637573242188e+00,-3.324188470840454102e+00,9.483008086681365967e-02,-2.893549501895904541e-01,-8.758683800697326660e-01,6.431953310966491699e-01,4.376457333564758301e-01,-1.170408129692077637e+00,4.205507934093475342e-01,-1.990948438644409180e+00,-1.051446437835693359e+00,-1.469866275787353516e+00,2.123540490865707397e-01,-5.774530172348022461e-01,-3.339668035507202148e+00,2.503737211227416992e-01,-3.910403490066528320e+00,5.244515895843505859e+00,-1.377378106117248535e+00,2.931917905807495117e+00,1.839703559875488281e+01,-1.902211904525756836e-01,-4.069300293922424316e-01,3.265453338623046875e+00,5.811254978179931641e-01,-1.728483676910400391e+00,6.679335832595825195e-01,-1.362323641777038574e+00,2.483031272888183594e+00,4.457013607025146484e+00,0.000000000000000000e+00,0.000000000000000000e+00,0.000000000000000000e+00,9.910237789154052734e-01,1.295123808085918427e-02,1.164774671196937561e-01,6.432101875543594360e-02
6.510215282440185547e+00,-4.836064577102661133e-02,-2.759372949600219727e+00,-2.078015804290771484e+00,7.958289384841918945e-01,1.833122730255126953e+00,2.745949268341064453e+00,-2.159154415130615234e+00,-1.140414953231811523e+00,9.957158565521240234e-01,-2.985593080520629883e-01,2.867887616157531738e-01,-4.700273573398590088e-01,4.084582030773162842e-01,-8.719928860664367676e-01,1.088484406471252441e+00,-2.030709266662597656e+00,-1.740952610969543457e+00,-4.267353713512420654e-01,2.024230211973190308e-01,3.061663806438446045e-01,-2.127492189407348633e+00,1.687757968902587891e-01,-3.631365776062011719e+00,3.809695482254028320e+00,-1.300810098648071289e+00,3.186691522598266602e+00,1.673750877380371094e+01,-1.923406124114990234e-01,1.189785838127136230e+00,2.721210956573486328e+00,5.234165191650390625e-01,-1.709106087684631348e+00,2.745949268341064453e+00,-1.307713508605957031e+00,2.509317398071289062e+00,3.319052755832672119e-01,0.000000000000000000e+00,0.000000000000000000e+00,0.000000000000000000e+00,9.879487752914428711e-01,1.957787573337554932e-02,1.383489966392517090e-01,6.658533960580825806e-02
6.530855655670166016e+00,-9.141528606414794922e-02,-1.697479486465454102e+00,2.473828196525573730e-01,8.430316448211669922e-01,2.612102985382080078e+00,3.215976655483245850e-01,-2.158901691436767578e+00,1.049424529075622559e+00,2.133676767349243164e+00,-2.933818399906158447e-01,1.782740950584411621e-01,-1.187437534332275391e+00,3.968013525009155273e-01,-6.239593029022216797e-01,1.410082101821899414e+00,-2.064514875411987305e+00,-2.068518877029418945e+00,2.655242204666137695e+00,2.157451361417770386e-01,1.054142475128173828e+00,-1.706941485404968262e+00,1.029827594757080078e-01,-3.208933830261230469e+00,3.240715026855468750e+00,-1.254161834716796875e+00,1.548861503601074219e+00,1.024164867401123047e+01,-1.557652950286865234e-01,2.491961956024169922e+00,8.411015868186950684e-01,5.093979835510253906e-01,1.821496188640594482e-01,1.830632925033569336e+00,-1.275866866111755371e+00,4.589968323707580566e-01,-1.612111330032348633e+00,0.000000000000000000e+00,0.000000000000000000e+00,0.000000000000000000e+00,9.846774339675903320e-01,1.451419666409492493e-02,1.592776626348495483e-01,6.950035691261291504e-02
6.550348281860351562e+00,-1.124278903007507324e-01,-4.263076186180114746e-02,2.424351692199707031e+00,8.740055561065673828e-01,1.519205331802368164e+00,-4.626058578491210938e+00,-2.124890804290771484e+00,3.035040616989135742e+00,2.512997150421142578e+00,-2.971968054771423340e-01,-5.774530172348022461e-01,-8.905781507492065430e-01,3.573497533798217773e-01,-2.197422027587890625e+00,2.350136756896972656e+00,-2.112521886825561523e+00,-1.916867733001708984e+00,7.965726852416992188e+00,2.395735532045364380e-01,1.449445962905883789e+00,-1.063746094703674316e+00,6.283473968505859375e-02,-1.689728379249572754e+00,4.576581954956054688e+00,-1.238980770111083984e+00,-1.245559573173522949e+00,8.060556650161743164e-01,-1.219756603240966797e-01,8.526152372360229492e-01,-3.710742294788360596e-01,5.123046636581420898e-01,-1.406815171241760254e+00,-1.113222718238830566e+00,-1.288536071777343750e+00,-1.360814332962036133e+00,-1.232791066169738770e+00,0.000000000000000000e+00,0.000000000000000000e+00,0.000000000000000000e+00,9.810942411422729492e-01,6.371744908392429352e-03,1.793262809514999390e-01,7.249689847230911255e-02
6.571371078491210938e+00,-1.051309704780578613e-01,9.495033025741577148e-01,3.067546844482421875e+00,8.642864227294921875e-01,-2.445455312728881836e+00,-4.947656631469726562e+00,-2.078684806823730469e+00,4.147147178649902344e+00,2.228506803512573242e+00,-3.068856298923492432e-01,-1.182034730911254883e+00,-8.411015868186950684e-01,3.319469094276428223e-01,-1.333180189132690430e+00,3.686003923416137695e+00,-2.138097286224365234e+00,-1.777348995208740234e+00,1.365553188323974609e+01,2.558023333549499512e-01,1.100648760795593262e+00,-4.700273573398590088e-01,5.042099952697753906e-02,-7.324740290641784668e-01,2.028539180755615234e+00,-1.260275125503540039e+00,-2.189839363098144531e+00,-2.797487497329711914e+00,-1.047173738479614258e-01,5.038180947303771973e-01,-1.509035229682922363e+00,5.182693004608154297e-01,3.681747615337371826e-01,-2.424351692199707031e+00,-1.304996490478515625e+00,-1.326440095901489258e+00,-9.957158565521240234e-01,0.000000000000000000e+00,0.000000000000000000e+00,0.000000000000000000e+00,9.788233041763305664e-01,1.734003191813826561e-03,1.908372193574905396e-01,7.404827326536178589e-02
6.590507507324218750e+00,-1.062815189361572266e-01,1.333180189132690430e+00,3.661265850067138672e+00,8.623789548873901367e-01,9.921340942382812500e-01,-5.566113471984863281e+00,-2.108951568603515625e+00,-2.650858402252197266e+00,6.875180721282958984e+00,-3.138797283172607422e-01,-1.356433331966400146e-01,-1.261652350425720215e+00,3.093598484992980957e-01,-1.201412379741668701e-01,4.106554985046386719e+00,-2.176073074340820312e+00,-5.398773550987243652e-01,1.626335906982421875e+01,2.707594037055969238e-01,1.015387177467346191e+00,2.473828196525573730e-01,7.400715351104736328e-02,1.585089206695556641e+00,2.473828196525573730e-02,-1.345405101776123047e+00,-4.689046859741210938e+00,-1.896601676940917969e+00,-9.866189956665039062e-02,-4.069300293922424316e-01,-2.597519636154174805e+00,5.090043544769287109e-01,-8.526152372360229492e-01,-2.028539180755615234e+00,-1.336069107055664062e+00,-9.281036853790283203e-01,-2.844902276992797852e-01,0.000000000000000000e+00,0.000000000000000000e+00,0.000000000000000000e+00,9.767151474952697754e-01,-3.776318160817027092e-03,2.008833587169647217e-01,7.522745430469512939e-02
6.610169887542724609e+00,-8.578366041183471680e-02,-6.123327612876892090e-01,4.477629184722900391e+00,8.691308498382568359e-01,6.898432374000549316e-01,-5.640328407287597656e+00,-2.108525276184082031e+00,1.146481037139892578e+00,1.218566513061523438e+01,-3.094894886016845703e-01,6.045817136764526367e-01,-1.632726669311523438e+00,3.231663703918457031e-01,1.286673903465270996e+00,6.926718711853027344e+00,-2.178695440292358398e+00,-7.885848730802536011e-02,1.702199935913085938e+01,2.680344581604003906e-01,-1.383561968803405762e+00,-2.721211016178131104e-01,1.199381351470947266e-01,3.681747436523437500e+00,4.700273573398590088e-01,-1.434010267257690430e+00,-4.369568824768066406e+00,1.422451138496398926e-01,-1.232169866561889648e-01,-1.875753521919250488e+00,-1.311128973960876465e+00,4.904139637947082520e-01,-2.015272378921508789e-01,2.226445376873016357e-01,-1.344094038009643555e+00,1.678270399570465088e-01,7.112256288528442383e-01,0.000000000000000000e+00,0.000000000000000000e+00,0.000000000000000000e+00,9.775744676589965820e-01,-4.286599811166524887e-03,1.967773288488388062e-01,7.488946616649627686e-02
6.630384922027587891e+00,-9.674412012100219727e-02,8.138600587844848633e-01,3.191238403320312500e+00,8.854807019233703613e-01,1.569587111473083496e+00,-4.922918319702148438e+00,-2.096803665161132812e+00,1.182877302169799805e+00,1.123736476898193359e+01,-2.964398860931396484e-01,5.076935887336730957e-01,-2.745949268341064453e+00,3.499014377593994141e-01,2.488086223602294922e+00,5.838234424591064453e+00,-2.178142547607421875e+00,1.637830138206481934e-01,1.654784965515136719e+01,2.620697617530822754e-01,1.550209522247314453e-01,7.421484589576721191e-02,1.755882501602172852e-01,4.441350460052490234e+00,2.300660133361816406e+00,-1.487309217453002930e+00,-2.410238742828369141e+00,2.892317533493041992e+00,-1.508907079696655273e-01,-9.378767609596252441e-01,4.205507934093475342e-01,4.907773137092590332e-01,9.029970169067382812e-01,1.385343790054321289e+00,-1.333873391151428223e+00,1.366880416870117188e+00,2.133676767349243164e+00,0.000000000000000000e+00,0.000000000000000000e+00,0.000000000000000000e+00,9.802564382553100586e-01,-4.455272108316421509e-03,1.837274730205535889e-01,7.295092940330505371e-02
6.651859283447265625e+00,-8.814531564712524414e-02,-1.449445962905883789e+00,4.106554985046386719e+00,9.213898181915283203e-01,1.158781528472900391e+00,-4.947656631469726562e+00,-2.057027101516723633e+00,1.399232625961303711e+00,1.000457382202148438e+01,-2.885374426841735840e-01,-6.200838088989257812e-02,-3.240715026855468750e+00,4.140898287296295166e-01,2.069529771804809570e+00,3.958125114440917969e+00,-2.146769762039184570e+00,2.503251314163208008e+00,1.427192687988281250e+01,2.516542673110961914e-01,-6.084572076797485352e-01,7.421484589576721191e-01,2.952450513839721680e-01,5.650513648986816406e+00,2.770687580108642578e+00,-1.492948770523071289e+00,1.935065865516662598e+00,5.215654373168945312e+00,-1.332993507385253906e-01,-6.472124457359313965e-01,1.187437534332275391e+00,5.611423254013061523e-01,5.003301143646240234e+00,-2.127492189407348633e+00,-1.369384884834289551e+00,-6.250040531158447266e+00,1.024164867401123047e+01,0.000000000000000000e+00,0.000000000000000000e+00,0.000000000000000000e+00,9.853013753890991211e-01,-2.844071947038173676e-03,1.549025923013687134e-01,7.196188718080520630e-02
6.670610904693603516e+00,-9.326219558715820312e-02,1.247918605804443359e+00,3.883910179138183594e+00,9.361350536346435547e-01,4.185566008090972900e-01,-3.488097667694091797e+00,-2.030409097671508789e+00,1.720732688903808594e+00,7.444161415100097656e+00,-2.709462046623229980e-01,2.003645658493041992e+00,-1.113222718238830566e+00,4.451242983341217041e-01,1.306051492691040039e+00,4.180769443511962891e+00,-2.102869987487792969e+00,1.963374018669128418e+00,1.247015571594238281e+01,2.358494251966476440e-01,-1.232416629791259766e+00,-2.473828196525573730e-01,3.361803293228149414e-01,2.937647104263305664e+00,3.859171867370605469e+00,-1.516296744346618652e+00,-2.133223056793212891e+00,1.109511947631835938e+01,-1.707830429077148438e-01,-1.844749331474304199e+00,1.731679737567901611e-01,6.307502985000610352e-01,2.693489074707031250e+00,-2.003800868988037109e+00,-1.455620646476745605e+00,-2.452701091766357422e+00,9.767498016357421875e+00,0.000000000000000000e+00,0.000000000000000000e+00,0.000000000000000000e+00,9.880949854850769043e-01,2.670026617124676704e-03,1.355002075433731079e-01,7.280787080526351929e-02
6.690604686737060547e+00,-8.620750904083251953e-02,-2.751621901988983154e-01,2.943855524063110352e+00,9.312906265258789062e-01,-5.890796184539794922e-01,-4.057078361511230469e+00,-1.988404989242553711e+00,2.292962074279785156e+00,4.457013607025146484e+00,-2.466636300086975098e-01,1.550209522247314453e-02,-9.400547146797180176e-01,4.618677496910095215e-01,1.550209522247314453e-01,5.615590095520019531e+00,-2.059791564941406250e+00,1.890581727027893066e+00,9.814913749694824219e+00,2.366366237401962280e-01,-2.325314283370971680e-02,-2.721210956573486328e+00,3.687589168548583984e-01,6.007061600685119629e-01,5.046609401702880859e+00,-1.529961109161376953e+00,4.306886494159698486e-01,1.465124702453613281e+01,-1.481959819793701172e-01,9.688809514045715332e-01,-3.463359475135803223e-01,6.634500622749328613e-01,1.391313076019287109e+00,-3.463359475135803223e-01,-1.468116044998168945e+00,-2.830817364156246185e-02,1.100028896331787109e+01,0.000000000000000000e+00,0.000000000000000000e+00,0.000000000000000000e+00,9.899295568466186523e-01,-8.216029964387416840e-04,1.203049719333648682e-01,7.460157573223114014e-02
6.709930419921875000e+00,-8.641946315765380859e-02,-5.813286080956459045e-02,2.869640827178955078e+00,9.251443147659301758e-01,-8.952460289001464844e-01,-3.710742235183715820e+00,-1.973682284355163574e+00,2.117047071456909180e+00,4.646674156188964844e+00,-2.478747069835662842e-01,-2.674111425876617432e-01,-8.411015868186950684e-01,4.624733030796051025e-01,-7.363495230674743652e-02,5.739281654357910156e+00,-2.044294834136962891e+00,1.890581727027893066e+00,9.198517799377441406e+00,2.372421771287918091e-01,-2.712866663932800293e-02,-2.622257947921752930e+00,3.712416887283325195e-01,2.131538093090057373e-01,5.145562648773193359e+00,-1.527749538421630859e+00,2.244433760643005371e-01,1.460383224487304688e+01,-1.467425823211669922e-01,-6.045817136764526367e-01,2.721211016178131104e-01,6.705955266952514648e-01,3.642992377281188965e-01,-1.236914098262786865e-01,-1.468937397003173828e+00,-6.470439583063125610e-02,1.076321411132812500e+01,0.000000000000000000e+00,0.000000000000000000e+00,0.000000000000000000e+00,9.905441403388977051e-01,-3.397672262508422136e-04,1.153450533747673035e-01,7.428034394979476929e-02
6.731294155120849609e+00,-6.210660934448242188e-02,2.181919813156127930e+00,2.152230501174926758e+00,8.991963863372802734e-01,-2.011396884918212891e+00,-1.632726669311523438e+00,-1.966241836547851562e+00,-9.624779224395751953e-01,-3.413882970809936523e+00,-2.534154951572418213e-01,-2.829132378101348877e-01,-1.979062557220458984e+00,4.564783573150634766e-01,-5.503243803977966309e-01,1.682203173637390137e+00,-2.002906799316406250e+00,1.722754597663879395e+00,4.694088935852050781e+00,2.300361245870590210e-01,-4.805649518966674805e-01,-3.339668035507202148e+00,3.664578199386596680e-01,-3.100419044494628906e-01,9.153163909912109375e+00,-1.499141216278076172e+00,2.046276569366455078e+00,1.455641746520996094e+01,-1.461371183395385742e-01,6.782166957855224609e-01,2.226445436477661133e+00,6.580909490585327148e-01,-2.635356187820434570e-01,-5.195039510726928711e-01,-1.456963300704956055e+00,1.734886765480041504e+00,9.103687286376953125e+00,0.000000000000000000e+00,0.000000000000000000e+00,0.000000000000000000e+00,9.912768006324768066e-01,8.271457627415657043e-04,1.091943010687828064e-01,7.379927486181259155e-02
6.750066280364990234e+00,-1.006543636322021484e-03,1.356433391571044922e+00,-6.431953310966491699e-01,8.373394012451171875e-01,-1.840873718261718750e+00,2.226445376873016357e-01,-2.036096096038818359e+00,-3.829691648483276367e+00,-1.706941485404968262e+00,-2.621657252311706543e-01,-4.844404757022857666e-01,-5.195039510726928711e-01,4.369493424892425537e-01,-1.112275242805480957e+00,1.236914098262786865e-01,-1.974472045898437500e+00,2.001792192459106445e-01,7.112256288528442383e-01,2.167140096426010132e-01,-6.433369517326354980e-01,-3.661265850067138672e+00,3.443552255630493164e-01,-1.275047421455383301e+00,9.276855468750000000e+00,-1.451513290405273438e+00,2.127156972885131836e+00,1.522022819519042969e+01,-1.465911865234375000e-01,-5.425733327865600586e-01,2.622257947921752930e+00,6.310833692550659180e-01,-2.309812068939208984e+00,-2.473828196525573730e-01,-1.409525036811828613e+00,1.704556584358215332e+00,7.870896816253662109e+00,0.000000000000000000e+00,0.000000000000000000e+00,0.000000000000000000e+00,9.913700819015502930e-01,4.169026389718055725e-03,1.079872772097587585e-01,7.420850545167922974e-02
6.770174980163574219e+00,2.333658933639526367e-02,6.239593029022216797e-01,-3.859171867370605469e+00,8.073949813842773438e-01,-2.263305902481079102e+00,2.745949268341064453e+00,-2.091006278991699219e+00,-3.716459035873413086e+00,2.370752096176147461e-01,-2.749428451061248779e-01,-6.433369517326354980e-01,6.431953310966491699e-01,4.227189123630523682e-01,-8.061089515686035156e-01,8.658398389816284180e-01,-1.973350524902343750e+00,-1.597389876842498779e-01,-7.112256288528442383e-01,2.026955336332321167e-01,-1.259545207023620605e+00,-3.290191411972045898e+00,3.190431594848632812e-01,-2.546219110488891602e+00,5.665066719055175781e+00,-1.420172095298767090e+00,2.739826917648315430e+00,1.735390472412109375e+01,-1.562497615814208984e-01,-5.503243803977966309e-01,2.424351692199707031e+00,6.011086106300354004e-01,-1.771114349365234375e+00,-4.947656393051147461e-02,-1.375814318656921387e+00,2.788355112075805664e+00,6.116540431976318359e+00,0.000000000000000000e+00,0.000000000000000000e+00,0.000000000000000000e+00,9.908403158187866211e-01,1.014019362628459930e-02,1.118686050176620483e-01,7.495241612195968628e-02
6.790401458740234375e+00,3.686428070068359375e-03,-2.139289140701293945e+00,-3.364406347274780273e+00,7.784193754196166992e-01,1.007636189460754395e-01,3.290191411972045898e+00,-2.153135776519775391e+00,-1.888559579849243164e+00,1.280206084251403809e+00,-2.904146611690521240e-01,-6.782166957855224609e-01,-1.484296917915344238e-01,4.009796380996704102e-01,-7.130963802337646484e-01,7.421484589576721191e-01,-1.991058945655822754e+00,-1.573125720024108887e+00,-1.232791066169738770e+00,1.809865385293960571e-01,-2.984153330326080322e-01,-1.731679677963256836e+00,2.540676593780517578e-01,-3.503473520278930664e+00,3.636527538299560547e+00,-1.355815291404724121e+00,3.192757844924926758e+00,1.825479125976562500e+01,-1.737804412841796875e-01,-4.728139042854309082e-01,3.067546844482421875e+00,5.531187057495117188e-01,-2.922145128250122070e+00,2.968593835830688477e+00,-1.318139553070068359e+00,2.292962074279785156e+00,2.987147569656372070e+00,0.000000000000000000e+00,0.000000000000000000e+00,0.000000000000000000e+00,9.887268543243408203e-01,2.036280557513237000e-02,1.269428730010986328e-01,7.674659043550491333e-02
6.810796260833740234e+00,-4.763394594192504883e-02,-2.526841640472412109e+00,-1.385343790054321289e+00,8.053058385848999023e-01,2.232301712036132812e+00,2.424351692199707031e+00,-2.167732238769531250e+00,3.214999735355377197e-01,1.232791066169738770e+00,-2.902027070522308350e-01,1.588964760303497314e-01,-5.442422032356262207e-01,3.900797367095947266e-01,-2.984153330326080322e-01,6.926718950271606445e-01,-2.026049137115478516e+00,-1.926977753639221191e+00,1.422451138496398926e-01,1.800781935453414917e-01,5.425733327865600586e-01,-1.509035229682922363e+00,1.879717111587524414e-01,-3.553855180740356445e+00,2.003800868988037109e+00,-1.298266887664794922e+00,2.691298484802246094e+00,1.522022819519042969e+01,-1.627291440963745117e-01,1.344806790351867676e+00,2.152230501174926758e+00,5.179362297058105469e-01,-4.689383804798126221e-01,3.488097667694091797e+00,-1.277841448783874512e+00,1.524597406387329102e+00,-6.163955330848693848e-01,0.000000000000000000e+00,0.000000000000000000e+00,0.000000000000000000e+00,9.857671260833740234e-01,2.083498239517211914e-02,1.467520296573638916e-01,7.932758331298828125e-02
6.830347537994384766e+00,-8.563226461410522461e-02,-6.278348565101623535e-01,5.195039510726928711e-01,8.483604192733764648e-01,1.259545207023620605e+00,-3.710742294788360596e-01,-2.147369861602783203e+00,1.838009357452392578e+00,2.086261749267578125e+00,-2.887796759605407715e-01,-2.170293331146240234e-01,-1.162699222564697266e+00,3.691276907920837402e-01,-2.131537914276123047e+00,2.424351692199707031e+00,-2.074593305587768555e+00,-2.879345893859863281e+00,4.694088935852050781e+00,1.959739178419113159e-01,1.224665522575378418e+00,-8.658398389816284180e-01,1.323217153549194336e-01,-2.127662658691406250e+00,2.745949268341064453e+00,-1.259532690048217773e+00,5.540314316749572754e-01,6.875180721282958984e+00,-1.309983730316162109e-01,1.821496248245239258e+00,4.205507934093475342e-01,5.248395204544067383e-01,5.038180947303771973e-01,7.421484589576721191e-02,-1.272675871849060059e+00,-7.036603093147277832e-01,-1.706941485404968262e+00,0.000000000000000000e+00,0.000000000000000000e+00,0.000000000000000000e+00,9.822405576705932617e-01,1.275436673313379288e-02,1.682055592536926270e-01,8.214499056339263916e-02
6.851161956787109375e+00,-9.955990314483642578e-02,7.363495230674743652e-02,2.226445436477661133e+00,8.687674999237060547e-01,2.596600949764251709e-01,-4.823965072631835938e+00,-2.120135784149169922e+00,2.871257781982421875e+00,2.892317533493041992e+00,-2.961370944976806641e-01,-7.673537135124206543e-01,-7.421484589576721191e-01,3.370637893676757812e-01,-1.639346599578857422e+00,2.844902515411376953e+00,-2.108588457107543945e+00,-2.250499725341796875e+00,1.019423389434814453e+01,2.163506895303726196e-01,1.802118659019470215e+00,-2.721211016178131104e-01,1.097346544265747070e-01,-2.522966146469116211e+00,2.844902515411376953e+00,-1.254635572433471680e+00,-4.064244925975799561e-01,-4.741504192352294922e-01,-1.104096174240112305e-01,1.003760695457458496e+00,-9.400547146797180176e-01,5.287755727767944336e-01,-5.580754280090332031e-01,-2.078015804290771484e+00,-1.290731787681579590e+00,-1.641874194145202637e+00,-7.112256288528442383e-01,0.000000000000000000e+00,0.000000000000000000e+00,0.000000000000000000e+00,9.798218011856079102e-01,6.447636056691408157e-03,1.812407225370407104e-01,8.401992917060852051e-02
6.870240688323974609e+00,-1.008315682411193848e-01,-5.929551720619201660e-01,3.809695482254028320e+00,8.497835397720336914e-01,6.627146005630493164e-01,-6.877242565155029297e+00,-2.074703693389892578e+00,-3.221065759658813477e+00,8.582121849060058594e+00,-3.040092587471008301e-01,0.000000000000000000e+00,-1.212175846099853516e+00,3.013968467712402344e-01,-6.859677433967590332e-01,4.576581954956054688e+00,-2.157606363296508789e+00,-1.732864618301391602e+00,1.654784965515136719e+01,2.436610311269760132e-01,8.177355527877807617e-01,0.000000000000000000e+00,8.884310722351074219e-02,2.015272378921508789e-01,7.668867111206054688e-01,-1.301094532012939453e+00,-3.263528108596801758e+00,-3.129392623901367188e+00,-9.321200847625732422e-02,5.619509220123291016e-01,-2.449090003967285156e+00,5.250211954116821289e-01,-6.704655885696411133e-01,-3.339668035507202148e+00,-1.317681431770324707e+00,-7.744307518005371094e-01,-4.267353713512420654e-01,0.000000000000000000e+00,0.000000000000000000e+00,0.000000000000000000e+00,9.757015705108642578e-01,-3.238329896703362465e-03,2.011914104223251343e-01,8.670698106288909912e-02
6.890527725219726562e+00,-8.324033021926879883e-02,1.674226403236389160e+00,3.438621282577514648e+00,8.659214377403259277e-01,4.573118090629577637e-01,-5.838234424591064453e+00,-2.112505912780761719e+00,6.066037416458129883e-01,9.767498016357421875e+00,-3.063103556632995605e-01,-2.364069521427154541e-01,-1.385343790054321289e+00,3.006399273872375488e-01,6.007061600685119629e-01,6.184570312500000000e+00,-2.170986413955688477e+00,0.000000000000000000e+00,1.901343154907226562e+01,2.615550160408020020e-01,1.019262671470642090e+00,-7.421484589576721191e-02,1.025285720825195312e-01,1.077395558357238770e+00,-5.689804553985595703e-01,-1.374819040298461914e+00,-4.636474609375000000e+00,-1.090545892715454102e+00,-1.003271341323852539e-01,-1.096773266792297363e+00,-2.226445436477661133e+00,5.012230873107910156e-01,-1.647097587585449219e+00,-5.937187671661376953e-01,-1.325074434280395508e+00,-1.920911818742752075e-01,-5.215654373168945312e-01,0.000000000000000000e+00,0.000000000000000000e+00,0.000000000000000000e+00,9.752413034439086914e-01,-7.732522208243608475e-03,2.027138024568557739e-01,8.804444223642349243e-02
6.909947395324707031e+00,-8.024287223815917969e-02,-9.262501597404479980e-01,3.809695482254028320e+00,8.735210895538330078e-01,1.278922915458679199e+00,-5.467160224914550781e+00,-2.103912353515625000e+00,4.873049855232238770e-01,1.237532520294189453e+01,-3.007090091705322266e-01,4.418097436428070068e-01,-2.226445436477661133e+00,3.154153227806091309e-01,2.085031747817993164e+00,6.481430053710937500e+00,-2.171523571014404297e+00,-4.246226325631141663e-02,1.744873428344726562e+01,2.616458535194396973e-01,-1.937761902809143066e-01,-3.215976655483245850e-01,1.300508975982666016e-01,3.732129573822021484e+00,2.127492189407348633e+00,-1.435605764389038086e+00,-3.959100246429443359e+00,6.638105511665344238e-01,-1.230050325393676758e-01,-1.325429201126098633e+00,-3.463359475135803223e-01,4.797562956809997559e-01,-4.728139042854309082e-01,9.647929668426513672e-01,-1.327064871788024902e+00,5.863836035132408142e-02,1.137960910797119141e+00,0.000000000000000000e+00,0.000000000000000000e+00,0.000000000000000000e+00,9.763134717941284180e-01,-8.474043570458889008e-03,1.977873444557189941e-01,8.729587495326995850e-02
6.930532932281494141e+00,-7.445985078811645508e-02,6.549635529518127441e-01,3.018070459365844727e+00,9.084916114807128906e-01,1.732359170913696289e+00,-5.665066719055175781e+00,-2.062397956848144531e+00,2.024034500122070312e+00,1.047872352600097656e+01,-2.879621684551239014e-01,5.658264756202697754e-01,-3.389144659042358398e+00,3.781201243400573730e-01,3.332950353622436523e+00,4.081816673278808594e+00,-2.159012317657470703e+00,1.682314395904541016e+00,1.635818862915039062e+01,2.587997913360595703e-01,-1.162657141685485840e-02,1.484296917915344238e-01,2.259700298309326172e-01,5.305592060089111328e+00,2.350136756896972656e+00,-1.498619914054870605e+00,-8.168929815292358398e-01,2.655242204666137695e+00,-1.490739583969116211e-01,9.301257133483886719e-02,4.700273573398590088e-01,4.982255697250366211e-01,2.201297521591186523e+00,5.195039510726928711e-01,-1.303306221961975098e+00,6.895062327384948730e-01,4.978579044342041016e+00,0.000000000000000000e+00,0.000000000000000000e+00,0.000000000000000000e+00,9.817671775817871094e-01,-1.002690847963094711e-02,1.693595498800277710e-01,8.573266118764877319e-02
6.950269222259521484e+00,-8.672225475311279297e-02,-1.100648760795593262e+00,4.626058578491210938e+00,9.351055622100830078e-01,1.189785838127136230e+00,-5.021871089935302734e+00,-2.026744365692138672e+00,1.352726340293884277e+00,7.586406707763671875e+00,-2.838141620159149170e-01,1.046391502022743225e-01,-2.770687580108642578e+00,4.270788729190826416e-01,1.926135301589965820e+00,2.201707124710083008e+00,-2.114970445632934570e+00,3.053238868713378906e+00,1.403485202789306641e+01,2.526836991310119629e-01,-2.751621901988983154e-01,3.710742294788360596e-01,3.250079154968261719e-01,5.584629535675048828e+00,3.364406347274780273e+00,-1.483786582946777344e+00,2.206015586853027344e+00,6.780350685119628906e+00,-1.427459716796875000e-01,-2.224550485610961914e+00,1.360605478286743164e+00,5.778251886367797852e-01,4.212694168090820312e+00,-2.943855524063110352e+00,-1.377409815788269043e+00,-5.817329883575439453e+00,1.019423389434814453e+01,0.000000000000000000e+00,0.000000000000000000e+00,0.000000000000000000e+00,9.855158925056457520e-01,-2.467903075739741325e-03,1.457710564136505127e-01,8.662120997905731201e-02
6.970307826995849609e+00,-8.914446830749511719e-02,4.534363150596618652e-01,4.576581954956054688e+00,9.466110467910766602e-01,-7.751047611236572266e-03,-4.749750137329101562e+00,-1.987520337104797363e+00,2.804531335830688477e+00,5.594974994659423828e+00,-2.663742899894714355e-01,1.697479486465454102e+00,-2.473828196525573730e-01,4.607474803924560547e-01,1.065768957138061523e+00,5.145562648773193359e+00,-2.065446853637695312e+00,1.793524980545043945e+00,1.180634498596191406e+01,2.300361245870590210e-01,-1.116150856018066406e+00,-2.201707124710083008e+00,3.575865030288696289e-01,2.677987098693847656e+00,1.731679677963256836e+00,-1.509014248847961426e+00,-1.211185455322265625e+00,1.156927013397216797e+01,-1.722060441970825195e-01,3.720502853393554688e-01,-1.261652350425720215e+00,6.434971690177917480e-01,1.964890599250793457e+00,-1.088484406471252441e+00,-1.442098379135131836e+00,-1.207141399383544922e+00,9.103687286376953125e+00,0.000000000000000000e+00,0.000000000000000000e+00,0.000000000000000000e+00,9.879041910171508789e-01,1.288518542423844337e-03,1.269569396972656250e-01,8.902600407600402832e-02
6.991775512695312500e+00,-8.348256349563598633e-02,4.263076186180114746e-01,3.760218858718872070e+00,9.367708563804626465e-01,-9.533789157867431641e-01,-4.527105808258056641e+00,-1.945895314216613770e+00,1.643896222114562988e+00,2.702657222747802734e+00,-2.492069303989410400e-01,-1.123901903629302979e-01,-1.162699222564697266e+00,4.703757464885711670e-01,-3.875523805618286133e-03,4.279722690582275391e+00,-2.034548044204711914e+00,2.153443336486816406e+00,8.676952362060546875e+00,2.349410802125930786e-01,8.836194872856140137e-01,-2.968593835830688477e+00,3.814148902893066406e-01,8.526152372360229492e-01,4.700273513793945312e+00,-1.509582996368408203e+00,4.003584384918212891e-01,1.455641746520996094e+01,-1.557652950286865234e-01,1.023138284683227539e+00,-6.679335832595825195e-01,6.626628637313842773e-01,9.727564454078674316e-01,-4.700273573398590088e-01,-1.447737932205200195e+00,-4.044024739414453506e-03,9.672668457031250000e+00,0.000000000000000000e+00,0.000000000000000000e+00,0.000000000000000000e+00,9.892705082893371582e-01,-2.465764060616493225e-03,1.149140447378158569e-01,9.018150717020034790e-02
7.010497093200683594e+00,-6.934297084808349609e-02,6.743411421775817871e-01,3.760218858718872070e+00,9.146984815597534180e-01,-1.302175998687744141e+00,-3.240715026855468750e+00,-1.921868205070495605e+00,-6.672640889883041382e-02,-1.801771521568298340e+00,-2.510538697242736816e-01,-1.433943808078765869e-01,-2.498566389083862305e+00,4.612319469451904297e-01,-6.898432374000549316e-01,2.226445436477661133e+00,-1.990600824356079102e+00,1.565037608146667480e+00,5.784635066986083984e+00,2.340024858713150024e-01,-8.526152372360229492e-01,-3.067546844482421875e+00,3.840793371200561523e-01,-1.937761902809143066e-01,7.594652652740478516e+00,-1.493722796440124512e+00,1.931021928787231445e+00,1.322879600524902344e+01,-1.472270488739013672e-01,1.003760695457458496e+00,1.162699222564697266e+00,6.601498126983642578e-01,-8.332375884056091309e-01,-1.212175846099853516e+00,-1.441940426826477051e+00,9.240596890449523926e-01,9.056272506713867188e+00,0.000000000000000000e+00,0.000000000000000000e+00,0.000000000000000000e+00,9.902259111404418945e-01,-2.956688869744539261e-03,1.072071790695190430e-01,8.916637301445007324e-02
7.030303001403808594e+00,-4.076099395751953125e-02,1.860251545906066895e+00,8.658398389816284180e-01,8.754588365554809570e-01,-2.708991050720214844e+00,-3.463359475135803223e-01,-1.948691368103027344e+00,-3.018864631652832031e+00,-2.892317533493041992e+00,-2.542632818222045898e-01,-4.456852376461029053e-01,-1.410082101821899414e+00,4.486061930656433105e-01,-8.991215229034423828e-01,4.700273573398590088e-01,-1.964314699172973633e+00,8.350911140441894531e-01,1.896601676940917969e+00,2.246770113706588745e-01,-6.355859041213989258e-01,-2.968593835830688477e+00,3.712114095687866211e-01,-9.146236181259155273e-01,9.400547027587890625e+00,-1.455873250961303711e+00,2.042232513427734375e+00,1.507798290252685547e+01,-1.465004682540893555e-01,-6.975942850112915039e-02,2.622257947921752930e+00,6.430127620697021484e-01,-1.658724188804626465e+00,-8.905781507492065430e-01,-1.411136388778686523e+00,2.032122611999511719e+00,8.819197654724121094e+00,0.000000000000000000e+00,0.000000000000000000e+00,0.000000000000000000e+00,9.905409216880798340e-01,-9.608663385733962059e-04,1.048139333724975586e-01,8.855331689119338989e-02
7.050148487091064453e+00,-1.172482967376708984e-02,9.650054574012756348e-01,-1.509035229682922363e+00,8.406397104263305664e-01,-1.453321456909179688e+00,9.647929668426513672e-01,-1.992843985557556152e+00,-3.890352010726928711e+00,-1.137960910797119141e+00,-2.629226446151733398e-01,-5.580754280090332031e-01,-7.421484589576721191e-02,4.368282556533813477e-01,-1.069644570350646973e+00,2.473828196525573730e-02,-1.954173088073730469e+00,4.347326755523681641e-01,-8.534707427024841309e-01,2.155634611845016479e-01,-9.843829870223999023e-01,-3.636527538299560547e+00,3.530448675155639648e-01,-1.906757831573486328e+00,7.495699405670166016e+00,-1.431388020515441895e+00,2.373842477798461914e+00,1.640560340881347656e+01,-1.502548456192016602e-01,-5.076935887336730957e-01,2.548043012619018555e+00,6.216670870780944824e-01,-1.945512890815734863e+00,-6.926718950271606445e-01,-1.380079507827758789e+00,2.206015586853027344e+00,7.681236743927001953e+00,0.000000000000000000e+00,0.000000000000000000e+00,0.000000000000000000e+00,9.903330802917480469e-01,1.709541422314941883e-03,1.066315919160842896e-01,8.869794011116027832e-02
7.070580959320068359e+00,-1.491010189056396484e-03,-4.340586662292480469e-01,-3.018070459365844727e+00,7.995833754539489746e-01,-1.135528445243835449e+00,2.919117212295532227e+00,-2.086835861206054688e+00,-3.324188470840454102e+00,9.483008086681365967e-02,-2.824213802814483643e-01,-8.022334575653076172e-01,5.195039510726928711e-01,4.053698778152465820e-01,-1.639346599578857422e+00,1.311128973960876465e+00,-1.970664978027343750e+00,-1.666138291358947754e+00,-1.469866275787353516e+00,1.914928406476974487e-01,-1.007636189460754395e+00,-2.919117212295532227e+00,2.899161577224731445e-01,-3.003530979156494141e+00,5.665066719055175781e+00,-1.356336593627929688e+00,3.178603649139404297e+00,1.716424369812011719e+01,-1.649999618530273438e-01,-5.076935887336730957e-01,3.117023468017578125e+00,5.721330642700195312e-01,-2.274932384490966797e+00,9.895312786102294922e-01,-1.319450736045837402e+00,2.733760833740234375e+00,4.457013607025146484e+00,0.000000000000000000e+00,0.000000000000000000e+00,0.000000000000000000e+00,9.887523055076599121e-01,9.845884516835212708e-03,1.194255948066711426e-01,8.949718624353408813e-02
7.090523719787597656e+00,-2.680301666259765625e-02,-2.054027557373046875e+00,-2.597519636154174805e+00,7.998861074447631836e-01,1.216914415359497070e+00,2.820164203643798828e+00,-2.130988597869873047e+00,-1.526619434356689453e+00,1.090545892715454102e+00,-2.895365953445434570e-01,-3.061663806438446045e-01,7.421484589576721191e-02,3.861133754253387451e-01,-6.007061600685119629e-01,2.721211016178131104e-01,-2.007345676422119141e+00,-2.203993558883666992e+00,-2.370752096176147461e-01,1.846803873777389526e-01,2.790377140045166016e-01,-1.805894613265991211e+00,2.264847755432128906e-01,-4.146810531616210938e+00,3.018070459365844727e+00,-1.301521062850952148e+00,3.101767063140869141e+00,1.474607753753662109e+01,-1.670285463333129883e-01,4.728139042854309082e-01,2.622257947921752930e+00,5.254451036453247070e-01,-2.224550485610961914e+00,3.389144659042358398e+00,-1.273655295372009277e+00,1.945176005363464355e+00,-4.741504043340682983e-02,0.000000000000000000e+00,0.000000000000000000e+00,0.000000000000000000e+00,9.866836667060852051e-01,1.274715922772884369e-02,1.343426555395126343e-01,9.080088138580322266e-02
7.110469341278076172e+00,-6.900990009307861328e-02,-2.119911432266235352e+00,-4.205507934093475342e-01,8.346447348594665527e-01,2.290434598922729492e+00,7.421484589576721191e-01,-2.137575864791870117e+00,8.189150691032409668e-01,1.706941485404968262e+00,-2.885374426841735840e-01,7.363495230674743652e-02,-8.905781507492065430e-01,3.766365051269531250e-01,-4.030544757843017578e-01,1.187437534332275391e+00,-2.042446613311767578e+00,-1.285999894142150879e+00,1.612111330032348633e+00,1.928553134202957153e-01,7.518516182899475098e-01,-1.113222718238830566e+00,1.621147394180297852e-01,-3.030659437179565430e+00,1.731679677963256836e+00,-1.251112937927246094e+00,1.649962186813354492e+00,9.435592651367187500e+00,-1.407173871994018555e-01,1.937761902809143066e+00,1.088484406471252441e+00,5.100338459014892578e-01,1.937761902809143066e-02,1.632726669311523438e+00,-1.254635691642761230e+00,-2.588175833225250244e-01,-1.469866275787353516e+00,0.000000000000000000e+00,0.000000000000000000e+00,0.000000000000000000e+00,9.832426905632019043e-01,7.682843599468469620e-03,1.564912348985671997e-01,9.319473803043365479e-02
7.132017135620117188e+00,-9.229332208633422852e-02,-2.441580146551132202e-01,2.350136756896972656e+00,8.543553948402404785e-01,1.007636189460754395e+00,-4.428152561187744141e+00,-2.110041618347167969e+00,2.505273342132568359e+00,2.655242204666137695e+00,-2.910504639148712158e-01,-3.255439996719360352e-01,-1.039007902145385742e+00,3.507189750671386719e-01,-2.821381330490112305e+00,2.597519636154174805e+00,-2.077026128768920898e+00,-2.426414966583251953e+00,8.107972145080566406e+00,2.104768604040145874e-01,1.244043111801147461e+00,-3.463359475135803223e-01,1.243586540222167969e-01,-1.526956319808959961e+00,2.919117212295532227e+00,-1.236248016357421875e+00,-1.033248305320739746e+00,6.163955330848693848e-01,-1.153146028518676758e-01,9.184991717338562012e-01,-1.731679737567901611e-01,5.108210444450378418e-01,-1.402939677238464355e+00,-1.063746094703674316e+00,-1.271949172019958496e+00,-1.474047064781188965e+00,-1.137960910797119141e+00,0.000000000000000000e+00,0.000000000000000000e+00,0.000000000000000000e+00,9.798645377159118652e-01,9.451725636608898640e-04,1.754742562770843506e-01,9.525410085916519165e-02
7.150344371795654297e+00,-8.829671144485473633e-02,5.541998744010925293e-01,3.438621282577514648e+00,8.375513553619384766e-01,-1.926135301589965820e+00,-5.021871089935302734e+00,-2.043741703033447266e+00,2.086716890335083008e+00,6.590690612792968750e+00,-3.083994984626770020e-01,-9.417523145675659180e-01,-5.937187671661376953e-01,3.164145350456237793e-01,-1.061893463134765625e+00,3.958125114440917969e+00,-2.129630088806152344e+00,-1.961352109909057617e+00,1.398743724822998047e+01,2.312169522047042847e-01,7.828558087348937988e-01,4.947656393051147461e-02,1.122779846191406250e-01,4.069300293922424316e-01,8.411015868186950684e-01,-1.272059679031372070e+00,-2.899565696716308594e+00,-2.797487497329711914e+00,-9.684526920318603516e-02,5.929551720619201660e-01,-1.880109429359436035e+00,5.052196979522705078e-01,-5.929551720619201660e-01,-3.117023468017578125e+00,-1.298756718635559082e+00,-1.035270333290100098e+00,-5.215654373168945312e-01,0.000000000000000000e+00,0.000000000000000000e+00,0.000000000000000000e+00,9.764276742935180664e-01,-5.788152571767568588e-03,1.927081644535064697e-01,9.705254435539245605e-02
7.170680522918701172e+00,-9.335303306579589844e-02,9.146236181259155273e-01,3.018070459365844727e+00,8.509340286254882812e-01,9.495033025741577148e-01,-4.922918319702148438e+00,-2.084877014160156250e+00,-2.203993558883666992e+00,8.676952362060546875e+00,-3.128200173377990723e-01,7.751047611236572266e-02,-1.039007902145385742e+00,3.051512837409973145e-01,1.588964760303497314e-01,4.749750137329101562e+00,-2.158996582031250000e+00,-1.017072200775146484e+00,1.782805442810058594e+01,2.495045810937881470e-01,1.383561968803405762e+00,3.463359475135803223e-01,1.246614456176757812e-01,2.364069521427154541e-01,-7.421484589576721191e-01,-1.341092467308044434e+00,-4.270490169525146484e+00,-1.659526467323303223e+00,-9.066867828369140625e-02,-3.487971425056457520e-01,-2.424351692199707031e+00,4.911406338214874268e-01,-7.944824099540710449e-01,-8.905781507492065430e-01,-1.312958121299743652e+00,-5.641414523124694824e-01,-4.267353713512420654e-01,0.000000000000000000e+00,0.000000000000000000e+00,0.000000000000000000e+00,9.748755097389221191e-01,-1.230877265334129333e-02,1.997665762901306152e-01,9.777443856000900269e-02
7.190147399902343750e+00,-7.794177532196044922e-02,1.154906034469604492e+00,2.622257947921752930e+00,8.558995723724365234e-01,5.619509220123291016e-01,-4.799226760864257812e+00,-2.088210105895996094e+00,9.240596890449523926e-01,1.147443962097167969e+01,-3.094592094421386719e-01,3.061663806438446045e-01,-1.682203173637390137e+00,3.139317631721496582e-01,1.778865456581115723e+00,6.382476806640625000e+00,-2.167558431625366211e+00,-2.365754544734954834e-01,1.839703559875488281e+01,2.597686648368835449e-01,-3.332950472831726074e-01,2.473828196525573730e-02,1.470062732696533203e-01,2.515215158462524414e+00,7.668867111206054688e-01,-1.399793982505798340e+00,-4.507065773010253906e+00,-1.422451138496398926e-01,-1.029915809631347656e-01,-1.154906034469604492e+00,-1.385343790054321289e+00,4.774854779243469238e-01,-5.968306660652160645e-01,5.937187671661376953e-01,-1.318455457687377930e+00,-2.891477644443511963e-01,0.000000000000000000e+00,0.000000000000000000e+00,0.000000000000000000e+00,0.000000000000000000e+00,9.752274155616760254e-01,-1.420867163687944412e-02,1.978481411933898926e-01,9.790740162134170532e-02
7.210620403289794922e+00,-7.960700988769531250e-02,4.921914935111999512e-01,2.622257947921752930e+00,8.859348297119140625e-01,1.743985772132873535e+00,-5.096086025238037109e+00,-2.063788175582885742e+00,1.872383475303649902e+00,1.085804462432861328e+01,-2.982867956161499023e-01,2.402824759483337402e-01,-2.523304700851440430e+00,3.633749485015869141e-01,3.042286157608032227e+00,4.403414249420166016e+00,-2.165141582489013672e+00,4.994370937347412109e-01,1.815995979309082031e+01,2.609797716140747070e-01,3.487971425056457520e-01,2.473828196525573730e-02,2.170078754425048828e-01,4.290205001831054688e+00,1.781156301498413086e+00,-1.484244585037231445e+00,-2.242411851882934570e+00,1.896601676940917969e+00,-1.362060308456420898e-01,-6.007061600685119629e-01,1.731679737567901611e-01,4.871137142181396484e-01,1.337055683135986328e+00,9.400547146797180176e-01,-1.315880537033081055e+00,7.299464941024780273e-01,1.612111330032348633e+00,0.000000000000000000e+00,0.000000000000000000e+00,0.000000000000000000e+00,9.792049527168273926e-01,-1.529622636735439301e-02,1.779824048280715942e-01,9.615671634674072266e-02
7.230546474456787109e+00,-8.248341083526611328e-02,-1.240167617797851562e+00,4.403414249420166016e+00,9.184226989746093750e-01,1.530831933021545410e+00,-5.467160224914550781e+00,-2.026965379714965820e+00,1.449782848358154297e+00,9.056272506713867188e+00,-2.922010123729705811e-01,4.263076186180114746e-02,-2.325398445129394531e+00,4.215380847454071045e-01,2.569472312927246094e+00,2.745949268341064453e+00,-2.135095834732055664e+00,2.394062757492065430e+00,1.526764297485351562e+01,2.575886845588684082e-01,-1.588964760303497314e-01,2.473828196525573730e-01,3.007858991622924805e-01,4.782396316528320312e+00,3.067546844482421875e+00,-1.500468134880065918e+00,1.453826904296875000e+00,3.982863426208496094e+00,-1.269713640213012695e-01,2.480335235595703125e-01,-1.236914098262786865e-01,5.539968013763427734e-01,4.673882007598876953e+00,-2.869640827178955078e+00,-1.343635916709899902e+00,-5.237012386322021484e+00,9.957158088684082031e+00,0.000000000000000000e+00,0.000000000000000000e+00,0.000000000000000000e+00,9.837510585784912109e-01,-1.133358385413885117e-02,1.511434465646743774e-01,9.623387455940246582e-02
7.250220298767089844e+00,-9.665328264236450195e-02,1.240167617797851562e-01,4.898180007934570312e+00,9.384966492652893066e-01,5.154446363449096680e-01,-4.675535202026367188e+00,-1.994818568229675293e+00,2.173663377761840820e+00,7.586406707763671875e+00,-2.849949598312377930e-01,1.189785838127136230e+00,-2.226445376873016357e-01,4.626549780368804932e-01,1.802118659019470215e+00,4.428152561187744141e+00,-2.088147163391113281e+00,1.957307934761047363e+00,1.194859027862548828e+01,2.406332641839981079e-01,-2.662484884262084961e+00,-6.679335832595825195e-01,3.503501415252685547e-01,1.414566278457641602e+00,3.438621282577514648e+00,-1.497940659523010254e+00,-1.374968528747558594e+00,1.161668491363525391e+01,-1.683608293533325195e-01,-2.104409456253051758e+00,1.731679737567901611e-01,6.348680853843688965e-01,3.189556121826171875e+00,-2.003800868988037109e+00,-1.435874342918395996e+00,-3.188713550567626953e+00,9.814913749694824219e+00,0.000000000000000000e+00,0.000000000000000000e+00,0.000000000000000000e+00,9.864219427108764648e-01,-1.620310358703136444e-03,1.322500705718994141e-01,9.736086428165435791e-02
7.271770954132080078e+00,-8.878111839294433594e-02,5.076935887336730957e-01,3.166500091552734375e+00,9.353175163269042969e-01,-5.929551720619201660e-01,-3.908648490905761719e+00,-1.961376428604125977e+00,1.728820681571960449e+00,2.892317533493041992e+00,-2.645273506641387939e-01,2.945398092269897461e-01,-8.658398389816284180e-01,4.771276414394378662e-01,3.836768567562103271e-01,4.700273513793945312e+00,-2.058875322341918945e+00,1.872383475303649902e+00,9.814913749694824219e+00,2.307022362947463989e-01,3.953034579753875732e-01,-2.968593835830688477e+00,3.838673830032348633e-01,1.631595492362976074e+00,5.417683601379394531e+00,-1.514716982841491699e+00,-5.863836035132408142e-02,1.356070137023925781e+01,-1.552203893661499023e-01,2.104409456253051758e+00,-3.215976655483245850e-01,6.658419966697692871e-01,1.670350790023803711e+00,-5.195039510726928711e-01,-1.456441998481750488e+00,-1.900691688060760498e-01,1.057355403900146484e+01,0.000000000000000000e+00,0.000000000000000000e+00,0.000000000000000000e+00,9.880134463310241699e-01,-5.926238372921943665e-03,1.189428940415382385e-01,9.821984916925430298e-02
7.290443897247314453e+00,-7.336986064910888672e-02,9.262501597404479980e-01,3.364406347274780273e+00,9.175748825073242188e-01,-1.162657141685485840e+00,-2.721210956573486328e+00,-1.930967211723327637e+00,4.488867521286010742e-01,-1.043130874633789062e+00,-2.625290453433990479e-01,1.937761902809143066e-01,-2.943855524063110352e+00,4.739787578582763672e-01,-6.743411421775817871e-01,1.805894613265991211e+00,-2.019382953643798828e+00,2.157487154006958008e+00,7.823481559753417969e+00,2.417232543230056763e-01,-3.294195234775543213e-01,-2.498566389083862305e+00,3.960691690444946289e-01,1.821496188640594482e-01,8.262586593627929688e+00,-1.509203910827636719e+00,7.016382813453674316e-01,1.375036144256591797e+01,-1.394155025482177734e-01,-5.038180947303771973e-02,1.904847741127014160e+00,6.728663444519042969e-01,-8.216110467910766602e-01,-7.668867111206054688e-01,-1.454941391944885254e+00,2.284874171018600464e-01,1.085804462432861328e+01,0.000000000000000000e+00,0.000000000000000000e+00,0.000000000000000000e+00,9.891909360885620117e-01,-8.796935901045799255e-03,1.091427057981491089e-01,9.752922505140304565e-02
7.310126781463623047e+00,-4.439425468444824219e-02,1.848624944686889648e+00,1.212175846099853516e+00,8.835732340812683105e-01,-2.135413646697998047e+00,-6.926718950271606445e-01,-1.945484638214111328e+00,-2.078628778457641602e+00,-2.702657222747802734e+00,-2.626198828220367432e-01,-3.487971425056457520e-02,-1.583250045776367188e+00,4.587188959121704102e-01,-8.332375884056091309e-01,4.205507934093475342e-01,-1.986556768417358398e+00,1.049424529075622559e+00,4.030278205871582031e+00,2.294002920389175415e-01,-8.448641896247863770e-01,-3.265453338623046875e+00,3.910734653472900391e-01,-7.789802551269531250e-01,9.301593780517578125e+00,-1.478447198867797852e+00,2.208037614822387695e+00,1.446158695220947266e+01,-1.399301290512084961e-01,-2.247803807258605957e-01,2.919117212295532227e+00,6.599378585815429688e-01,-1.356433391571044922e+00,-9.400547146797180176e-01,-1.430566549301147461e+00,2.011902332305908203e+00,9.625253677368164062e+00,0.000000000000000000e+00,0.000000000000000000e+00,0.000000000000000000e+00,9.896191358566284180e-01,-6.756976246833801270e-03,1.056443527340888977e-01,9.719827771186828613e-02
7.330224037170410156e+00,-2.062642574310302734e-02,5.968306660652160645e-01,-8.411015868186950684e-01,8.530837297439575195e-01,-1.662599802017211914e+00,3.710742294788360596e-01,-1.987236022949218750e+00,-3.142207145690917969e+00,-2.133676767349243164e+00,-2.657384574413299561e-01,-3.875523805618286133e-02,-3.215976655483245850e-01,4.506045281887054443e-01,-1.015387177467346191e+00,-1.236914098262786865e-01,-1.971865653991699219e+00,5.964936614036560059e-01,4.267353713512420654e-01,2.163809686899185181e-01,-9.650054574012756348e-01,-3.958125114440917969e+00,3.730280399322509766e-01,-1.492076635360717773e+00,7.198840141296386719e+00,-1.451260566711425781e+00,2.400128841400146484e+00,1.626335906982421875e+01,-1.472573280334472656e-01,-6.162083148956298828e-01,2.399613380432128906e+00,6.410749554634094238e-01,-1.685852885246276855e+00,-8.658398389816284180e-01,-1.404122471809387207e+00,1.742974758148193359e+00,8.392461776733398438e+00,0.000000000000000000e+00,0.000000000000000000e+00,0.000000000000000000e+00,9.894876480102539062e-01,-3.117440035566687584e-03,1.063185408711433411e-01,9.798444807529449463e-02
7.351472854614257812e+00,-7.304310798645019531e-03,-4.573118090629577637e-01,-2.350136756896972656e+00,8.078188300132751465e-01,-1.623844504356384277e+00,2.399613380432128906e+00,-2.078084468841552734e+00,-3.556719779968261719e+00,0.000000000000000000e+00,-2.797569632530212402e-01,-5.348222851753234863e-01,4.205507934093475342e-01,4.209628105163574219e-01,-1.364184379577636719e+00,8.411015868186950684e-01,-1.973998308181762695e+00,-7.117483615875244141e-01,-1.137960910797119141e+00,1.882228702306747437e-01,-1.116150856018066406e+00,-3.364406347274780273e+00,3.180137872695922852e-01,-2.701240062713623047e+00,4.922918319702148438e+00,-1.385371446609497070e+00,3.421244859695434570e+00,1.692716979980468750e+01,-1.668468713760375977e-01,-7.944824099540710449e-01,2.919117212295532227e+00,5.967183709144592285e-01,-1.930010914802551270e+00,8.905781507492065430e-01,-1.341282129287719727e+00,3.069414854049682617e+00,4.599258899688720703e+00,0.000000000000000000e+00,0.000000000000000000e+00,0.000000000000000000e+00,9.879854917526245117e-01,6.969915702939033508e-03,1.179034784436225891e-01,9.967366605997085571e-02
7.370468139648437500e+00,-2.459275722503662109e-02,-1.561836004257202148e+00,-2.745949268341064453e+00,7.964345216751098633e-01,9.688809514045715332e-02,2.943855524063110352e+00,-2.122931957244873047e+00,-1.951242089271545410e+00,8.534707427024841309e-01,-2.838141620159149170e-01,-1.240167617797851562e-01,-4.205507934093475342e-01,3.944699764251708984e-01,-1.278922915458679199e+00,1.484296917915344238e-01,-1.998214960098266602e+00,-1.900691747665405273e+00,-1.043130874633789062e+00,1.779587715864181519e-01,-8.913704752922058105e-02,-1.979062557220458984e+00,2.556117773056030273e-01,-4.127432823181152344e+00,2.721210956573486328e+00,-1.329386949539184570e+00,3.427311182022094727e+00,1.583662319183349609e+01,-1.730841398239135742e-01,1.666475236415863037e-01,2.844902515411376953e+00,5.473660230636596680e-01,-2.705115556716918945e+00,3.265453338623046875e+00,-1.297793030738830566e+00,2.062452793121337891e+00,4.741504192352294922e-01,0.000000000000000000e+00,0.000000000000000000e+00,0.000000000000000000e+00,9.859125018119812012e-01,1.147639751434326172e-02,1.326178312301635742e-01,1.012791991233825684e-01
7.390105247497558594e+00,-5.974495410919189453e-02,-2.096658229827880859e+00,-1.162699222564697266e+00,8.169323801994323730e-01,1.588964819908142090e+00,1.830632925033569336e+00,-2.142504453659057617e+00,-1.354748457670211792e-01,1.422451257705688477e+00,-2.822397053241729736e-01,1.046391502022743225e-01,-9.400547146797180176e-01,3.722765445709228516e-01,-9.572544097900390625e-01,1.583250045776367188e+00,-2.036269903182983398e+00,-2.129179239273071289e+00,1.137960910797119141e+00,1.821370869874954224e-01,6.549635529518127441e-01,-1.088484406471252441e+00,1.897884607315063477e-01,-3.495722293853759766e+00,1.088484406471252441e+00,-1.277209520339965820e+00,2.331380367279052734e+00,1.118994998931884766e+01,-1.554019451141357422e-01,1.546334028244018555e+00,1.509035229682922363e+00,5.216301083564758301e-01,-4.573118090629577637e-01,2.201707124710083008e+00,-1.270732879638671875e+00,4.306886494159698486e-01,-1.280206084251403809e+00,0.000000000000000000e+00,0.000000000000000000e+00,0.000000000000000000e+00,9.827311038970947266e-01,9.325697086751461029e-03,1.529269069433212280e-01,1.037590801715850830e-01
7.411321640014648438e+00,-8.684337139129638672e-02,-3.875523805618286133e-03,8.658398389816284180e-01,8.407911062240600586e-01,-5.425733327865600586e-02,-1.212175846099853516e+00,-2.131430864334106445e+00,1.532685518264770508e+00,2.844902515411376953e+00,-2.837233245372772217e-01,-5.348222851753234863e-01,-8.658398389816284180e-01,3.480242490768432617e-01,-2.119911432266235352e+00,2.943855524063110352e+00,-2.072239637374877930e+00,-2.248477935791015625e+00,6.306200504302978516e+00,1.918561607599258423e-01,9.727564454078674316e-01,-1.731679737567901611e-01,1.456135511398315430e-01,-2.701240062713623047e+00,2.523304700851440430e+00,-1.248585462570190430e+00,1.071666628122329712e-01,2.465582132339477539e+00,-1.319671869277954102e-01,1.251794219017028809e+00,1.731679737567901611e-01,5.210245847702026367e-01,-8.332375884056091309e-01,-8.411015868186950684e-01,-1.275313973426818848e+00,-8.088049292564392090e-01,-1.137960910797119141e+00,0.000000000000000000e+00,0.000000000000000000e+00,0.000000000000000000e+00,9.796542525291442871e-01,3.626345191150903702e-03,1.705473661422729492e-01,1.057263985276222229e-01
7.430319309234619141e+00,-8.823615312576293945e-02,6.588390469551086426e-01,2.919117212295532227e+00,8.400644063949584961e-01,-1.247918605804443359e+00,-4.997132778167724609e+00,-2.067089557647705078e+00,4.149169921875000000e+00,3.603543043136596680e+00,-3.031615018844604492e-01,-1.309927105903625488e+00,-5.195039510726928711e-01,3.040310144424438477e-01,-1.546334028244018555e+00,4.428152561187744141e+00,-2.125459671020507812e+00,-1.971462130546569824e+00,1.322879600524902344e+01,2.181370705366134644e-01,1.127777457237243652e+00,2.473828196525573730e-01,1.191207170486450195e-01,-4.999426007270812988e-01,1.459558606147766113e+00,-1.266593933105468750e+00,-2.050320625305175781e+00,-2.607827186584472656e+00,-1.064432859420776367e-01,9.611299037933349609e-01,-1.385343790054321289e+00,5.127587914466857910e-01,-2.829132378101348877e-01,-3.265453338623046875e+00,-1.300320625305175781e+00,-8.694653511047363281e-01,-4.741504192352294922e-01,0.000000000000000000e+00,0.000000000000000000e+00,0.000000000000000000e+00,9.752802252769470215e-01,-5.508541595190763474e-03,1.926131099462509155e-01,1.081591546535491943e-01
7.451362609863281250e+00,-9.180885553359985352e-02,8.448641896247863770e-01,2.919117212295532227e+00,8.423352241516113281e-01,9.223746657371520996e-01,-5.219777584075927734e+00,-2.099805355072021484e+00,-2.656924486160278320e+00,7.586406707763671875e+00,-3.116089105606079102e-01,-1.860251426696777344e-01,-1.286390662193298340e+00,2.842900753021240234e-01,-1.743985712528228760e-01,3.958125114440917969e+00,-2.162440299987792969e+00,-7.986949682235717773e-01,1.678492355346679688e+01,2.437215596437454224e-01,1.340931177139282227e+00,2.721211016178131104e-01,1.238136291503906250e-01,6.355859041213989258e-01,-4.205507934093475342e-01,-1.332056641578674316e+00,-4.472691535949707031e+00,-1.991431713104248047e+00,-8.927583694458007812e-02,3.991789519786834717e-01,-2.350136756896972656e+00,4.917461872100830078e-01,-1.023138284683227539e+00,-1.583250045776367188e+00,-1.313511013984680176e+00,-6.470440030097961426e-01,-7.112256288528442383e-01,0.000000000000000000e+00,0.000000000000000000e+00,0.000000000000000000e+00,9.731973409652709961e-01,-1.385234110057353973e-02,2.017180323600769043e-01,1.095669046044349670e-01
7.470048904418945312e+00,-7.588291168212890625e-02,1.461072564125061035e+00,2.745949268341064453e+00,8.465135097503662109e-01,6.239593029022216797e-01,-5.343468666076660156e+00,-2.109646797180175781e+00,3.093678951263427734e-01,1.000457382202148438e+01,-3.120630979537963867e-01,0.000000000000000000e+00,-1.162699222564697266e+00,2.887105941772460938e-01,1.577338218688964844e+00,6.258785247802734375e+00,-2.168853759765625000e+00,-3.963144421577453613e-01,1.877635574340820312e+01,2.546820640563964844e-01,9.727564454078674316e-01,-4.947656393051147461e-02,1.391038894653320312e-01,2.197422027587890625e+00,4.947656393051147461e-02,-1.373808026313781738e+00,-4.302842140197753906e+00,-1.043130874633789062e+00,-9.333312511444091797e-02,-8.836194872856140137e-01,-2.251183748245239258e+00,4.776065945625305176e-01,-1.499827742576599121e+00,1.236914098262786865e-01,-1.318502902984619141e+00,-3.659842610359191895e-01,-3.319052755832672119e-01,0.000000000000000000e+00,0.000000000000000000e+00,0.000000000000000000e+00,9.732235670089721680e-01,-1.610716618597507477e-02,2.010189443826675415e-01,1.103077754378318787e-01
7.490852832794189453e+00,-8.118146657943725586e-02,1.666475236415863037e-01,2.919117212295532227e+00,8.716439008712768555e-01,1.271171808242797852e+00,-5.318730831146240234e+00,-2.085177421569824219e+00,1.866317629814147949e+00,1.194859027862548828e+01,-2.983170747756958008e-01,4.030544757843017578e-01,-2.028539180755615234e+00,3.312807679176330566e-01,2.674111366271972656e+00,4.947656631469726562e+00,-2.168380022048950195e+00,2.305094301700592041e-01,1.825479125976562500e+01,2.560142278671264648e-01,3.100419044494628906e-02,-2.226445376873016357e-01,2.013846635818481445e-01,3.487971544265747070e+00,1.212175846099853516e+00,-1.476519942283630371e+00,-3.314078330993652344e+00,9.957158565521240234e-01,-1.335718631744384766e-01,-1.197536826133728027e+00,0.000000000000000000e+00,4.718235731124877930e-01,7.208474278450012207e-01,1.088484406471252441e+00,-1.320951461791992188e+00,4.933710098266601562e-01,1.280206084251403809e+00,0.000000000000000000e+00,0.000000000000000000e+00,0.000000000000000000e+00,9.763135910034179688e-01,-1.645067706704139709e-02,1.863783001899719238e-01,1.086480468511581421e-01
7.510406970977783203e+00,-7.476264238357543945e-02,-1.329304695129394531e+00,3.686003923416137695e+00,9.039499759674072266e-01,1.786616444587707520e+00,-4.922918319702148438e+00,-2.046237707138061523e+00,1.769260883331298828e+00,9.625253677368164062e+00,-2.918982505798339844e-01,-3.139174282550811768e-01,-2.646996259689331055e+00,3.890503048896789551e-01,2.875638723373413086e+00,3.686003923416137695e+00,-2.146896123886108398e+00,1.904735803604125977e+00,1.654784965515136719e+01,2.576795220375061035e-01,2.325314283370971680e-02,2.226445376873016357e-01,2.767454385757446289e-01,4.662255287170410156e+00,3.389144659042358398e+00,-1.513753414154052734e+00,-1.941131949424743652e-01,3.081977605819702148e+00,-1.310285329818725586e-01,2.162542343139648438e+00,-5.442422032356262207e-01,5.185115337371826172e-01,4.398719310760498047e+00,-1.385343790054321289e+00,-1.328660368919372559e+00,-4.080420970916748047e+00,9.198517799377441406e+00,0.000000000000000000e+00,0.000000000000000000e+00,0.000000000000000000e+00,9.811821579933166504e-01,-1.557753980159759521e-02,1.594734042882919312e-01,1.077370792627334595e-01
7.530552864074707031e+00,-9.323191642761230469e-02,-1.007636189460754395e-01,4.700273513793945312e+00,9.291712045669555664e-01,8.952460289001464844e-01,-4.329199314117431641e+00,-2.013806581497192383e+00,1.878449559211730957e+00,7.633821487426757812e+00,-2.859941422939300537e-01,1.081271171569824219e+00,2.473828196525573730e-02,4.380090534687042236e-01,2.197422027587890625e+00,3.636527538299560547e+00,-2.096693277359008789e+00,2.808575391769409180e+00,1.261240100860595703e+01,2.477484792470932007e-01,-1.019262671470642090e+00,-3.463359475135803223e-01,3.554065227508544922e-01,1.236292123794555664e+00,4.626058578491210938e+00,-1.492917180061340332e+00,-1.718710660934448242e-01,1.137961006164550781e+01,-1.614272594451904297e-01,-3.096543550491333008e+00,5.442422032356262207e-01,6.014719605445861816e-01,4.359964370727539062e+00,-2.424351692199707031e+00,-1.422446966171264648e+00,-3.948990583419799805e+00,1.028906345367431641e+01,0.000000000000000000e+00,0.000000000000000000e+00,0.000000000000000000e+00,9.844394922256469727e-01,-3.482595318928360939e-03,1.383045613765716553e-01,1.083452999591827393e-01
7.551568508148193359e+00,-9.171801805496215820e-02,4.263076186180114746e-01,3.166500091552734375e+00,9.321081042289733887e-01,-4.185566008090972900e-01,-4.304461002349853516e+00,-1.982339024543762207e+00,2.294984102249145508e+00,4.125108718872070312e+00,-2.603490650653839111e-01,7.324740290641784668e-01,-8.905781507492065430e-01,4.629274606704711914e-01,1.007636189460754395e+00,6.036140918731689453e+00,-2.061197519302368164e+00,1.700512409210205078e+00,8.771782875061035156e+00,2.279772609472274780e-01,-5.231957435607910156e-01,-3.166500091552734375e+00,3.790835142135620117e-01,3.011281967163085938e+00,3.982863426208496094e+00,-1.514448404312133789e+00,-1.114128828048706055e+00,1.465124702453613281e+01,-1.665743589401245117e-01,1.895131230354309082e+00,-3.215976655483245850e-01,6.499462723731994629e-01,2.511339426040649414e+00,-5.442422032356262207e-01,-1.457453012466430664e+00,-1.443716883659362793e+00,1.062096881866455078e+01,0.000000000000000000e+00,0.000000000000000000e+00,0.000000000000000000e+00,9.864350557327270508e-01,-3.942828159779310226e-03,1.225697919726371765e-01,1.091197505593299866e-01
7.570302009582519531e+00,-7.712429761886596680e-02,6.239593029022216797e-01,3.389144659042358398e+00,9.158188104629516602e-01,-8.061089515686035156e-01,-3.339668035507202148e+00,-1.934474110603332520e+00,9.928081035614013672e-01,2.844902276992797852e-01,-2.631951570510864258e-01,-2.325314283370971680e-02,-2.449090003967285156e+00,4.838492572307586670e-01,9.029970169067382812e-01,2.943855524063110352e+00,-2.032273292541503906e+00,1.631764054298400879e+00,6.306200504302978516e+00,2.382716089487075806e-01,4.999426007270812988e-01,-3.141761779785156250e+00,4.009438753128051758e-01,2.131538093090057373e-01,7.000933647155761719e+00,-1.512078881263732910e+00,3.498081564903259277e-01,1.559954833984375000e+01,-1.460462808609008789e-01,2.635356187820434570e-01,1.311128973960876465e+00,6.748646497726440430e-01,-3.139174282550811768e-01,2.473828196525573730e-02,-1.463487505912780762e+00,7.481446117162704468e-02,1.095287418365478516e+01,0.000000000000000000e+00,0.000000000000000000e+00,0.000000000000000000e+00,9.880973696708679199e-01,-8.174251765012741089e-03,1.093898862600326538e-01,1.078452169895172119e-01
7.590107917785644531e+00,-5.508226156234741211e-02,1.852500319480895996e+00,1.830632925033569336e+00,8.892048597335815430e-01,-2.247803688049316406e+00,-1.484296917915344238e+00,-1.937206983566284180e+00,-1.718710541725158691e+00,-2.892317533493041992e+00,-2.673431634902954102e-01,-1.085146665573120117e-01,-2.127492189407348633e+00,4.785809516906738281e-01,-1.147155046463012695e+00,-1.731679737567901611e-01,-2.006318807601928711e+00,1.267801761627197266e+00,4.694088935852050781e+00,2.331244498491287231e-01,-3.914279043674468994e-01,-3.438621282577514648e+00,3.953425884246826172e-01,-5.076935887336730957e-01,9.524238586425781250e+00,-1.483549594879150391e+00,2.375864744186401367e+00,1.446158695220947266e+01,-1.383254528045654297e-01,5.541998744010925293e-01,3.339668035507202148e+00,6.586661934852600098e-01,-1.825371742248535156e+00,-4.700273573398590088e-01,-1.446932315826416016e+00,1.846097350120544434e+00,9.814913749694824219e+00,0.000000000000000000e+00,0.000000000000000000e+00,0.000000000000000000e+00,9.886980056762695312e-01,-9.849113412201404572e-03,1.053640916943550110e-01,1.061969622969627380e-01
7.610029220581054688e+00,-2.837747335433959961e-02,1.751736760139465332e+00,-1.731679737567901611e-01,8.592301011085510254e-01,-2.139289140701293945e+00,3.710742294788360596e-01,-1.968358635902404785e+00,-2.857103586196899414e+00,-2.844902515411376953e+00,-2.684331536293029785e-01,1.743985712528228760e-01,-3.463359475135803223e-01,4.630182981491088867e-01,-1.480450034141540527e+00,-5.442422032356262207e-01,-1.988910555839538574e+00,1.069644570350646973e+00,9.008857607841491699e-01,2.304600030183792114e-01,-3.991789519786834717e-01,-4.156031608581542969e+00,3.813846111297607422e-01,-1.379686474800109863e+00,9.004734992980957031e+00,-1.458116412162780762e+00,2.019990444183349609e+00,1.540988826751708984e+01,-1.373869180679321289e-01,-2.790377140045166016e-01,2.350136756896972656e+00,6.452532410621643066e-01,-1.743985772132873535e+00,-1.706941485404968262e+00,-1.421957254409790039e+00,1.726798772811889648e+00,1.000457382202148438e+01,0.000000000000000000e+00,0.000000000000000000e+00,0.000000000000000000e+00,9.887861609458923340e-01,-1.102385949343442917e-02,1.047230735421180725e-01,1.058939993381500244e-01
7.630787372589111328e+00,1.476168632507324219e-03,2.364069521427154541e-01,-2.251183748245239258e+00,8.162662982940673828e-01,-1.511454224586486816e+00,2.548043012619018555e+00,-2.055526256561279297e+00,-3.704326868057250977e+00,-4.267353713512420654e-01,-2.748520076274871826e-01,-6.317104101181030273e-01,1.039007902145385742e+00,4.193581044673919678e-01,-1.360308885574340820e+00,9.895312786102294922e-01,-1.986225128173828125e+00,-4.731509089469909668e-01,-1.232791066169738770e+00,2.085693627595901489e-01,-1.061893463134765625e+00,-4.205507755279541016e+00,3.336067199707031250e-01,-2.488086223602294922e+00,7.520437717437744141e+00,-1.394438862800598145e+00,3.249373912811279297e+00,1.559954833984375000e+01,-1.512539386749267578e-01,-7.751047611236572266e-01,2.424351692199707031e+00,5.910564661026000977e-01,-2.926020383834838867e+00,-6.679335832595825195e-01,-1.361912965774536133e+00,3.170515537261962891e+00,6.306200504302978516e+00,0.000000000000000000e+00,0.000000000000000000e+00,0.000000000000000000e+00,9.877364635467529297e-01,-5.576757714152336121e-03,1.142628267407417297e-01,1.062527000904083252e-01
7.650195121765136719e+00,-1.069539785385131836e-02,-1.647097587585449219e+00,-2.745949268341064453e+00,8.052755594253540039e-01,3.177929520606994629e-01,2.869640827178955078e+00,-2.114875555038452148e+00,-2.353622674942016602e+00,1.043130874633789062e+00,-2.798780798912048340e-01,-2.480335235595703125e-01,2.721211016178131104e-01,3.845389485359191895e-01,-1.426192760467529297e+00,4.205507934093475342e-01,-2.006397724151611328e+00,-1.625697970390319824e+00,-1.280206084251403809e+00,1.915231198072433472e-01,-8.913704752922058105e-01,-2.745949268341064453e+00,2.743232250213623047e-01,-3.596486091613769531e+00,3.784957170486450195e+00,-1.340492248535156250e+00,3.227131843566894531e+00,1.507798290252685547e+01,-1.637283563613891602e-01,-8.719928860664367676e-01,3.290191411972045898e+00,5.463970899581909180e-01,-1.534707427024841309e+00,2.102753877639770508e+00,-1.308771967887878418e+00,2.567955732345581055e+00,1.801771521568298340e+00,0.000000000000000000e+00,0.000000000000000000e+00,0.000000000000000000e+00,9.859111309051513672e-01,1.080619753338396549e-03,1.286298185586929321e-01,1.069229990243911743e-01
7.671451568603515625e+00,-5.353808403015136719e-02,-1.968765974044799805e+00,-1.039007902145385742e+00,8.296792507171630859e-01,1.588964819908142090e+00,1.583250045776367188e+00,-2.136722803115844727e+00,3.174559473991394043e-01,1.849186539649963379e+00,-2.739133834838867188e-01,8.797438740730285645e-01,-1.286390662193298340e+00,3.583186268806457520e-01,-8.719928860664367676e-01,8.411015868186950684e-01,-2.042667627334594727e+00,-1.429562807083129883e+00,4.267353713512420654e-01,1.865273267030715942e-01,4.340586662292480469e-01,-1.261652350425720215e+00,2.016874551773071289e-01,-3.398834466934204102e+00,1.410082101821899414e+00,-1.282264471054077148e+00,2.183773517608642578e+00,1.118994998931884766e+01,-1.598830223083496094e-01,1.422317266464233398e+00,2.300660133361816406e+00,5.129101872444152832e-01,-3.294195234775543213e-01,2.424351692199707031e+00,-1.278110027313232422e+00,7.744307518005371094e-01,-9.957158565521240234e-01,0.000000000000000000e+00,0.000000000000000000e+00,0.000000000000000000e+00,9.826287031173706055e-01,2.680772915482521057e-03,1.505662053823471069e-01,1.084590926766395569e-01
7.690765380859375000e+00,-7.349097728729248047e-02,-1.488201141357421875e+00,7.421484589576721191e-01,8.522056937217712402e-01,8.991215229034423828e-01,-9.895312786102294922e-01,-2.124101161956787109e+00,1.544817566871643066e+00,2.512997150421142578e+00,-2.686148285865783691e-01,-3.875523805618286133e-03,-1.607988357543945312e+00,3.475700616836547852e-01,-7.014698386192321777e-01,2.325398445129394531e+00,-2.058575153350830078e+00,-1.573125720024108887e+00,4.125108718872070312e+00,1.936122626066207886e-01,8.952460289001464844e-01,-4.700273573398590088e-01,1.675344705581665039e-01,-2.790377140045166016e+00,2.350136756896972656e+00,-1.254240751266479492e+00,1.209163427352905273e+00,4.788918972015380859e+00,-1.386888027191162109e-01,1.619968891143798828e+00,5.442422032356262207e-01,5.125771164894104004e-01,-8.913704752922058105e-02,1.236914098262786865e-01,-1.277841448783874512e+00,-4.266446232795715332e-01,-1.232791066169738770e+00,0.000000000000000000e+00,0.000000000000000000e+00,0.000000000000000000e+00,9.801859855651855469e-01,-1.734111574478447437e-03,1.648706346750259399e-01,1.097738668322563171e-01
7.710278987884521484e+00,-8.106034994125366211e-02,5.774530172348022461e-01,2.548043012619018555e+00,8.493899106979370117e-01,-1.774989962577819824e+00,-4.156031608581542969e+00,-2.055510520935058594e+00,3.346430778503417969e+00,3.129392623901367188e+00,-2.859033048152923584e-01,-1.430068254470825195e+00,-9.895312786102294922e-01,3.028199076652526855e-01,-1.720732688903808594e+00,3.463359355926513672e+00,-2.122205495834350586e+00,-2.201971530914306641e+00,1.161668491363525391e+01,2.148065418004989624e-01,1.139404058456420898e+00,1.484296917915344238e-01,1.290819644927978516e-01,-9.688809514045715332e-01,2.102753877639770508e+00,-1.265393495559692383e+00,-2.284874200820922852e+00,-1.896601676940917969e+00,-1.054440736770629883e-01,8.564907312393188477e-01,-8.658398389816284180e-01,5.075813531875610352e-01,4.185566008090972900e-01,-3.636527538299560547e+00,-1.304380416870117188e+00,-9.523679018020629883e-01,-5.215654373168945312e-01,0.000000000000000000e+00,0.000000000000000000e+00,0.000000000000000000e+00,9.756292104721069336e-01,-9.956584312021732330e-03,1.885487437248229980e-01,1.117943301796913147e-01
7.730256557464599609e+00,-9.017390012741088867e-02,3.371705710887908936e-01,2.622257947921752930e+00,8.499954342842102051e-01,8.758683800697326660e-01,-5.343468666076660156e+00,-2.086835861206054688e+00,-3.028974533081054688e+00,7.444161415100097656e+00,-3.021925985813140869e-01,-4.340586662292480469e-01,-9.400547146797180176e-01,2.808989882469177246e-01,-4.844404757022857666e-01,3.686003923416137695e+00,-2.157716989517211914e+00,-1.025160312652587891e+00,1.716424369812011719e+01,2.371210604906082153e-01,1.577338218688964844e+00,2.226445376873016357e-01,1.240255832672119141e-01,-1.162657216191291809e-01,-1.484296917915344238e-01,-1.320651173591613770e+00,-3.659842491149902344e+00,-2.275921821594238281e+00,-8.352315425872802734e-02,9.688809514045715332e-01,-2.424351692199707031e+00,4.967419803142547607e-01,-8.642418384552001953e-01,-1.929585933685302734e+00,-1.316180706024169922e+00,-4.751729369163513184e-01,-7.112256288528442383e-01,0.000000000000000000e+00,0.000000000000000000e+00,0.000000000000000000e+00,9.732875823974609375e-01,-1.638355478644371033e-02,1.993535757064819336e-01,1.126995086669921875e-01
7.750149250030517578e+00,-7.449012994766235352e-02,9.921340942382812500e-01,3.117023468017578125e+00,8.598659038543701172e-01,7.402250170707702637e-01,-5.368206977844238281e+00,-2.103059291839599609e+00,7.360125184059143066e-01,1.066838455200195312e+01,-3.020412325859069824e-01,1.550209522247314453e-02,-1.286390662193298340e+00,2.868030667304992676e-01,1.352557778358459473e+00,6.357738494873046875e+00,-2.169233083724975586e+00,-3.963144421577453613e-01,1.891860198974609375e+01,2.491109818220138550e-01,6.588390469551086426e-02,-4.947656393051147461e-02,1.384074687957763672e-01,1.631595492362976074e+00,1.731679737567901611e-01,-1.382006645202636719e+00,-4.373612880706787109e+00,-1.280206084251403809e+00,-8.627843856811523438e-02,-1.007636189460754395e+00,-2.523304700851440430e+00,4.789387881755828857e-01,-1.042515873908996582e+00,2.473828196525573730e-02,-1.322230935096740723e+00,-2.749936878681182861e-01,-5.215654373168945312e-01,0.000000000000000000e+00,0.000000000000000000e+00,0.000000000000000000e+00,9.728034734725952148e-01,-1.862128078937530518e-02,2.007903754711151123e-01,1.139731854200363159e-01
7.770593166351318359e+00,-8.832699060440063477e-02,3.139174282550811768e-01,3.661265850067138672e+00,8.814235329627990723e-01,1.418441772460937500e+00,-5.961925983428955078e+00,-2.090121746063232422e+00,1.447760939598083496e+00,1.185375976562500000e+01,-3.005273342132568359e-01,6.200838088989257812e-02,-1.706941485404968262e+00,3.223186135292053223e-01,2.499712944030761719e+00,5.615590095520019531e+00,-2.171002388000488281e+00,8.088050037622451782e-02,1.853927993774414062e+01,2.418443709611892700e-01,-1.899006664752960205e-01,2.473828196525573730e-02,1.849440336227416992e-01,3.077165842056274414e+00,1.212175846099853516e+00,-1.470422267913818359e+00,-3.265549898147583008e+00,9.957158565521240234e-01,-1.217637062072753906e-01,-1.534707427024841309e+00,-1.731679737567901611e-01,4.731557965278625488e-01,7.014698386192321777e-01,8.905781507492065430e-01,-1.326638340950012207e+00,2.022012323141098022e-01,8.060556650161743164e-01,0.000000000000000000e+00,0.000000000000000000e+00,0.000000000000000000e+00,9.754603505134582520e-01,-1.555207744240760803e-02,1.889742612838745117e-01,1.119111776351928711e-01
7.790115356445312500e+00,-7.809317111968994141e-02,-2.712866663932800293e-02,3.191238403320312500e+00,9.129726886749267578e-01,2.271056890487670898e+00,-5.665066719055175781e+00,-2.051924705505371094e+00,1.876427531242370605e+00,9.435592651367187500e+00,-2.919285297393798828e-01,5.774530172348022461e-01,-2.820164203643798828e+00,3.837214708328247070e-01,3.642992496490478516e+00,4.156031608581542969e+00,-2.155078887939453125e+00,1.617609858512878418e+00,1.664267921447753906e+01,2.423893660306930542e-01,-2.325314283370971680e-02,3.463359475135803223e-01,2.599111795425415039e-01,4.929666519165039062e+00,3.710742235183715820e+00,-1.510988950729370117e+00,-6.510879993438720703e-01,3.840618371963500977e+00,-1.324819326400756836e-01,2.736119985580444336e+00,-1.187437534332275391e+00,5.141212940216064453e-01,4.549864768981933594e+00,-1.410082101821899414e+00,-1.319624423980712891e+00,-8.613772988319396973e-01,7.586406707763671875e+00,0.000000000000000000e+00,0.000000000000000000e+00,0.000000000000000000e+00,9.801024198532104492e-01,-1.650226488709449768e-02,1.641466021537780762e-01,1.103760078549385071e-01
7.810209274291992188e+00,-9.850019216537475586e-02,-8.874949812889099121e-01,4.502367496490478516e+00,9.400408267974853516e-01,1.216914415359497070e+00,-5.046609401702880859e+00,-2.016381502151489258e+00,1.647940039634704590e+00,7.586406707763671875e+00,-2.893549501895904541e-01,2.170293331146240234e-01,-1.904847741127014160e+00,4.328013360500335693e-01,1.922259807586669922e+00,2.003800868988037109e+00,-2.109567880630493164e+00,2.780267238616943359e+00,1.299172115325927734e+01,2.335483282804489136e-01,-8.836194872856140137e-01,1.063746094703674316e+00,3.473526239395141602e-01,2.263305902481079102e+00,5.096086025238037109e+00,-1.491369128227233887e+00,6.793962121009826660e-01,1.047872352600097656e+01,-1.400209665298461914e-01,-2.829132556915283203e+00,1.212175846099853516e+00,5.988075137138366699e-01,4.410346031188964844e+00,-3.166500091552734375e+00,-1.408229708671569824e+00,-5.287562370300292969e+00,1.024164867401123047e+01,0.000000000000000000e+00,0.000000000000000000e+00,0.000000000000000000e+00,9.839295148849487305e-01,-4.625270608812570572e-03,1.401217579841613770e-01,1.105773001909255981e-01
7.831360340118408203e+00,-9.898465871810913086e-02,4.883160293102264404e-01,3.686003923416137695e+00,9.463385343551635742e-01,-1.278922855854034424e-01,-4.601320266723632812e+00,-1.986888527870178223e+00,2.216125726699829102e+00,4.409598827362060547e+00,-2.737317383289337158e-01,1.689728379249572754e+00,-8.658398389816284180e-01,4.598997235298156738e-01,1.139404058456420898e+00,5.368206977844238281e+00,-2.073361158370971680e+00,1.435628890991210938e+00,1.076321411132812500e+01,2.138981968164443970e-01,-2.282683372497558594e+00,-1.682203173637390137e+00,3.700305223464965820e-01,2.716742038726806641e+00,3.389144659042358398e+00,-1.516217708587646484e+00,-1.488201141357421875e+00,1.327621173858642578e+01,-1.587628126144409180e-01,8.603663444519042969e-01,-1.484296917915344238e-01,6.489773988723754883e-01,2.356318473815917969e+00,-9.895312786102294922e-01,-1.457137107849121094e+00,-1.093908667564392090e+00,9.577837944030761719e+00,0.000000000000000000e+00,0.000000000000000000e+00,0.000000000000000000e+00,9.856326580047607422e-01,-3.508420428261160851e-03,1.267171353101730347e-01,1.116190701723098755e-01
7.850163936614990234e+00,-8.417892456054687500e-02,2.015272378921508789e-01,3.661265850067138672e+00,9.328044652938842773e-01,-8.913704752922058105e-01,-4.279722690582275391e+00,-1.938375949859619141e+00,1.328462243080139160e+00,1.232791066169738770e+00,-2.573515772819519043e-01,2.170293331146240234e-01,-1.781156301498413086e+00,4.721924066543579102e-01,-3.487971425056457520e-01,2.820164203643798828e+00,-2.037091255187988281e+00,2.133223056793212891e+00,8.819197654724121094e+00,2.199537009000778198e-01,7.092208862304687500e-01,-3.018070459365844727e+00,3.937379121780395508e-01,3.410460948944091797e-01,5.665066719055175781e+00,-1.515269875526428223e+00,4.751729369163513184e-01,1.427192687988281250e+01,-1.351161003112792969e-01,1.069644570350646973e+00,4.700273573398590088e-01,6.697174906730651855e-01,5.309467315673828125e-01,-7.421484589576721191e-02,-1.459933161735534668e+00,5.661634728312492371e-02,1.005198860168457031e+01,0.000000000000000000e+00,0.000000000000000000e+00,0.000000000000000000e+00,9.872754216194152832e-01,-9.260715916752815247e-03,1.123970076441764832e-01,1.121093481779098511e-01
7.870732307434082031e+00,-7.149267196655273438e-02,1.433943748474121094e+00,2.745949268341064453e+00,9.094908237457275391e-01,-1.554085016250610352e+00,-2.325398445129394531e+00,-1.929735064506530762e+00,-1.049424529075622559e+00,-2.418167114257812500e+00,-2.574121356010437012e-01,-9.301257133483886719e-02,-2.721210956573486328e+00,4.578105807304382324e-01,-6.510879993438720703e-01,8.905781507492065430e-01,-2.003601789474487305e+00,1.277911901473999023e+00,6.069125175476074219e+00,2.146551460027694702e-01,-6.704655885696411133e-01,-2.251183748245239258e+00,3.899834156036376953e-01,-3.991789519786834717e-01,8.633660316467285156e+00,-1.492853999137878418e+00,1.858229517936706543e+00,1.356070137023925781e+01,-1.326636075973510742e-01,2.131538093090057373e-01,2.424351692199707031e+00,6.595139503479003906e-01,-1.430068254470825195e+00,-1.286390662193298340e+00,-1.448859453201293945e+00,1.437650799751281738e+00,8.676952362060546875e+00,0.000000000000000000e+00,0.000000000000000000e+00,0.000000000000000000e+00,9.878890514373779297e-01,-9.403868578374385834e-03,1.079323962330818176e-01,1.110730543732643127e-01
7.890105247497558594e+00,-4.784590005874633789e-02,1.712981462478637695e+00,6.679335832595825195e-01,8.783352375030517578e-01,-2.255554914474487305e+00,-4.452890753746032715e-01,-1.957079648971557617e+00,-3.012798547744750977e+00,-2.702657222747802734e+00,-2.607123851776123047e-01,1.937761902809143066e-01,-9.895312786102294922e-01,4.503622949123382568e-01,-1.120026350021362305e+00,3.215976655483245850e-01,-1.985087633132934570e+00,9.564119577407836914e-01,2.512997150421142578e+00,2.099923938512802124e-01,-5.774530172348022461e-01,-3.537574291229248047e+00,3.779633045196533203e-01,-9.998852014541625977e-01,8.559445381164550781e+00,-1.465841174125671387e+00,2.228257656097412109e+00,1.484090805053710938e+01,-1.330269575119018555e-01,-3.022908568382263184e-01,2.102753877639770508e+00,6.472213268280029297e-01,-1.631595492362976074e+00,-1.410082101821899414e+00,-1.423442125320434570e+00,1.939109921455383301e+00,9.293348312377929688e+00,0.000000000000000000e+00,0.000000000000000000e+00,0.000000000000000000e+00,9.879869818687438965e-01,-8.970825001597404480e-03,1.069380417466163635e-01,1.112004518508911133e-01
7.910247325897216797e+00,-9.908139705657958984e-03,1.038640379905700684e+00,-2.127492189407348633e+00,8.286497592926025391e-01,-2.333065271377563477e+00,2.078015804290771484e+00,-2.038512945175170898e+00,-3.593116283416748047e+00,-6.163955330848693848e-01,-2.691901028156280518e-01,-5.076935887336730957e-01,6.679335832595825195e-01,4.251411259174346924e-01,-1.154906034469604492e+00,6.679335832595825195e-01,-1.976810097694396973e+00,-2.527515590190887451e-01,-7.112256288528442383e-01,1.877687126398086548e-01,-1.228541016578674316e+00,-3.710742235183715820e+00,3.363013267517089844e-01,-2.333065271377563477e+00,7.421484470367431641e+00,-1.406460404396057129e+00,3.140185356140136719e+00,1.583662319183349609e+01,-1.449865102767944336e-01,-8.526152372360229492e-01,2.152230501174926758e+00,5.986258983612060547e-01,-2.503588438034057617e+00,-5.937187671661376953e-01,-1.370680332183837891e+00,2.893499851226806641e+00,6.780350685119628906e+00,0.000000000000000000e+00,0.000000000000000000e+00,0.000000000000000000e+00,9.872023463249206543e-01,-3.730388591066002846e-03,1.130858734250068665e-01,1.123797073960304260e-01
7.930548191070556641e+00,-8.424580097198486328e-03,-1.131652951240539551e+00,-2.968593835830688477e+00,7.988566756248474121e-01,-5.386977791786193848e-01,3.290191411972045898e+00,-2.098257064819335938e+00,-2.895521879196166992e+00,2.844902276992797852e-01,-2.812708318233489990e-01,-6.045817136764526367e-01,4.205507934093475342e-01,4.007374346256256104e-01,-1.840873718261718750e+00,3.710742294788360596e-01,-1.992796659469604492e+00,-1.486179232597351074e+00,-1.469866275787353516e+00,1.684213429689407349e-01,-8.487397432327270508e-01,-2.498566389083862305e+00,2.822862863540649414e-01,-3.422087669372558594e+00,4.403414249420166016e+00,-1.352245092391967773e+00,3.334298610687255859e+00,1.621594429016113281e+01,-1.596409082412719727e-01,-7.441005706787109375e-01,2.943855524063110352e+00,5.581448078155517578e-01,-1.844749331474304199e+00,1.583250045776367188e+00,-1.314253449440002441e+00,2.598285913467407227e+00,3.081977605819702148e+00,0.000000000000000000e+00,0.000000000000000000e+00,0.000000000000000000e+00,9.853819608688354492e-01,3.658496541902422905e-03,1.268664002418518066e-01,1.136399433016777039e-01
7.950338840484619141e+00,-3.637069463729858398e-02,-2.193546533584594727e+00,-2.251183748245239258e+00,8.109374046325683594e-01,1.492076635360717773e+00,2.523304700851440430e+00,-2.133326530456542969e+00,-1.197031378746032715e+00,1.232791066169738770e+00,-2.825727760791778564e-01,2.712866663932800293e-02,-3.710742294788360596e-01,3.760612308979034424e-01,-9.727564454078674316e-01,7.668867111206054688e-01,-2.028055429458618164e+00,-1.949219942092895508e+00,9.483008086681365967e-02,1.599133759737014771e-01,1.860251426696777344e-01,-1.187437534332275391e+00,2.161904573440551758e-01,-4.173939228057861328e+00,2.028539180755615234e+00,-1.295012712478637695e+00,2.762068986892700195e+00,1.417709732055664062e+01,-1.595500707626342773e-01,7.402250170707702637e-01,2.201707124710083008e+00,5.185720920562744141e-01,-1.220790028572082520e+00,2.820164203643798828e+00,-1.275851011276245117e+00,2.019990444183349609e+00,-9.008857607841491699e-01,0.000000000000000000e+00,0.000000000000000000e+00,0.000000000000000000e+00,9.827678799629211426e-01,6.485346239060163498e-03,1.443182975053787231e-01,1.153152883052825928e-01
7.971966743469238281e+00,-6.595188379287719727e-02,-1.414566278457641602e+00,-4.947656393051147461e-02,8.380358219146728516e-01,1.565711617469787598e+00,7.421484589576721191e-02,-2.136438369750976562e+00,6.510879993438720703e-01,1.991431713104248047e+00,-2.783036231994628906e-01,-7.751047611236572266e-03,-1.187437534332275391e+00,3.633749485015869141e-01,-4.999426007270812988e-01,2.127492189407348633e+00,-2.053457021713256836e+00,-1.749040722846984863e+00,3.413882970809936523e+00,1.655147224664688110e-01,9.495033025741577148e-01,-5.689804553985595703e-01,1.693813800811767578e-01,-3.708876371383666992e+00,2.201707124710083008e+00,-1.255851984024047852e+00,1.397210597991943359e+00,7.870896816253662109e+00,-1.409293413162231445e-01,1.368059992790222168e+00,8.658398389816284180e-01,5.110329389572143555e-01,-3.216684758663177490e-01,7.916250228881835938e-01,-1.262044548988342285e+00,-4.448427259922027588e-02,-1.659526467323303223e+00,0.000000000000000000e+00,0.000000000000000000e+00,0.000000000000000000e+00,9.799287319183349609e-01,2.209768630564212799e-03,1.612933576107025146e-01,1.171287149190902710e-01
7.990179538726806641e+00,-8.899307250976562500e-02,-1.201412379741668701e-01,2.251183748245239258e+00,8.618944883346557617e-01,3.139174282550811768e-01,-4.527105808258056641e+00,-2.094892501831054688e+00,3.103789091110229492e+00,2.275921821594238281e+00,-2.895063161849975586e-01,-1.561836004257202148e+00,-7.668867111206054688e-01,3.194725513458251953e-01,-1.511454224586486816e+00,3.240715026855468750e+00,-2.112506151199340820e+00,-2.264653921127319336e+00,9.388177871704101562e+00,1.844987124204635620e-01,1.189785838127136230e+00,2.721211016178131104e-01,1.192417144775390625e-01,-1.255669713020324707e+00,2.003800868988037109e+00,-1.244904756546020508e+00,-1.176811337471008301e+00,-6.163955330848693848e-01,-1.093498468399047852e-01,8.719928860664367676e-01,-3.215976655483245850e-01,5.092465877532958984e-01,-1.778865456581115723e+00,-1.583250045776367188e+00,-1.287272334098815918e+00,-1.524597406387329102e+00,-7.112256288528442383e-01,0.000000000000000000e+00,0.000000000000000000e+00,0.000000000000000000e+00,9.753535389900207520e-01,-6.790344603359699249e-03,1.854759752750396729e-01,1.193230822682380676e-01
8.010381698608398438e+00,-8.875083923339843750e-02,-1.135528445243835449e+00,3.191238403320312500e+00,8.428196907043457031e-01,5.425733327865600586e-02,-5.145562648773193359e+00,-2.061402797698974609e+00,-2.044254779815673828e+00,8.202801704406738281e+00,-3.102464377880096436e-01,-5.929551720619201660e-01,-1.063746094703674316e+00,2.912841439247131348e-01,-9.378767609596252441e-01,3.982863426208496094e+00,-2.151508808135986328e+00,-1.520553350448608398e+00,1.607369804382324219e+01,2.082666009664535522e-01,1.441694855690002441e+00,7.668867111206054688e-01,1.057380437850952148e-01,-2.635356187820434570e-01,4.205507934093475342e-01,-1.282343626022338867e+00,-3.128053188323974609e+00,-2.607827186584472656e+00,-9.472584724426269531e-02,9.223746657371520996e-01,-2.078015804290771484e+00,5.039177536964416504e-01,-4.611873328685760498e-01,-2.201707124710083008e+00,-1.306828975677490234e+00,-9.806760549545288086e-01,-6.638105511665344238e-01,0.000000000000000000e+00,0.000000000000000000e+00,0.000000000000000000e+00,9.723728895187377930e-01,-1.374785136431455612e-02,1.994936317205429077e-01,1.204339787364006042e-01
8.030158996582031250e+00,-8.744889497756958008e-02,1.333180189132690430e+00,2.745949268341064453e+00,8.566564917564392090e-01,1.034764885902404785e+00,-4.823965072631835938e+00,-2.099189281463623047e+00,-1.874405622482299805e+00,9.483008384704589844e+00,-3.122144639492034912e-01,-2.790377140045166016e-01,-1.286390662193298340e+00,2.861067056655883789e-01,8.836194872856140137e-01,5.615590095520019531e+00,-2.170639038085937500e+00,-1.008984208106994629e+00,1.896601676940917969e+01,2.251008898019790649e-01,1.554085016250610352e+00,3.710742294788360596e-01,1.087960004806518555e-01,8.564907312393188477e-01,-2.473828196525573730e-02,-1.325769424438476562e+00,-3.951012372970581055e+00,-2.086261749267578125e+00,-8.676278591156005859e-02,-2.674111425876617432e-01,-2.622257947921752930e+00,4.960758686065673828e-01,-5.464488863945007324e-01,-1.063746094703674316e+00,-1.318787217140197754e+00,-7.117483615875244141e-01,-6.163955330848693848e-01,0.000000000000000000e+00,0.000000000000000000e+00,0.000000000000000000e+00,9.715023040771484375e-01,-1.900557614862918854e-02,2.026574909687042236e-01,1.214583590626716614e-01
8.050330162048339844e+00,-8.236229419708251953e-02,-7.828558087348937988e-01,4.180769443511962891e+00,8.749743700027465820e-01,1.077395558357238770e+00,-6.085617542266845703e+00,-2.091290712356567383e+00,1.279933810234069824e+00,1.199600505828857422e+01,-3.078242242336273193e-01,5.735775232315063477e-01,-9.400547146797180176e-01,3.165658712387084961e-01,2.236177206039428711e+00,6.308261871337890625e+00,-2.173387527465820312e+00,1.011006254702806473e-02,2.034105300903320312e+01,2.403002232313156128e-01,1.666475236415863037e-01,2.473828196525573730e-02,1.532737016677856445e-01,3.003530979156494141e+00,5.195039510726928711e-01,-1.435274004936218262e+00,-4.155235767364501953e+00,-9.483008086681365967e-02,-1.178880929946899414e-01,-1.825371742248535156e+00,-1.187437534332275391e+00,4.814215600490570068e-01,3.487971425056457520e-01,2.226445376873016357e-01,-1.331124663352966309e+00,-1.435628831386566162e-01,2.844902276992797852e-01,0.000000000000000000e+00,0.000000000000000000e+00,0.000000000000000000e+00,9.731167554855346680e-01,-1.966990903019905090e-02,1.946289986371994019e-01,1.215586215257644653e-01
8.070624351501464844e+00,-7.921344041824340820e-02,6.627146005630493164e-01,3.067546844482421875e+00,9.010130763053894043e-01,1.771114349365234375e+00,-5.219777584075927734e+00,-2.055984497070312500e+00,1.787458896636962891e+00,1.005198860168457031e+01,-2.958040535449981689e-01,6.704655885696411133e-01,-2.646996259689331055e+00,3.698240518569946289e-01,3.642992496490478516e+00,4.675535202026367188e+00,-2.162298202514648438e+00,1.310264110565185547e+00,1.782805442810058594e+01,2.498073428869247437e-01,7.596026659011840820e-01,3.463359475135803223e-01,2.131021022796630859e-01,4.642877578735351562e+00,3.240715026855468750e+00,-1.493959784507751465e+00,-1.773305058479309082e+00,3.413882970809936523e+00,-1.457132101058959961e-01,-4.960670471191406250e-01,4.205507934093475342e-01,4.974383711814880371e-01,1.833122730255126953e+00,2.721211016178131104e-01,-1.324126601219177246e+00,1.615587949752807617e+00,2.418167114257812500e+00,0.000000000000000000e+00,0.000000000000000000e+00,0.000000000000000000e+00,9.774135351181030273e-01,-2.009393274784088135e-02,1.726919412612915039e-01,1.201516911387443542e-01
8.090652465820312500e+00,-8.514779806137084961e-02,-1.542458534240722656e+00,4.675535202026367188e+00,9.326227903366088867e-01,9.727564454078674316e-01,-4.749750137329101562e+00,-2.015117645263671875e+00,1.979550123214721680e+00,7.112256050109863281e+00,-2.935029566287994385e-01,-3.100419044494628906e-01,-2.745949268341064453e+00,4.254136085510253906e-01,2.065654277801513672e+00,2.003800868988037109e+00,-2.122632026672363281e+00,3.041106700897216797e+00,1.474607753753662109e+01,2.538645267486572266e-01,-8.138599991798400879e-02,3.463359475135803223e-01,3.075376749038696289e-01,5.910173892974853516e+00,3.463359355926513672e+00,-1.489362835884094238e+00,2.743870973587036133e+00,5.642389774322509766e+00,-1.277283430099487305e-01,-1.546334028244018555e+00,1.632726669311523438e+00,5.825182199478149414e-01,5.100189685821533203e+00,-3.389144659042358398e+00,-1.369732499122619629e+00,-5.983134746551513672e+00,1.100028896331787109e+01,0.000000000000000000e+00,0.000000000000000000e+00,0.000000000000000000e+00,9.819915294647216797e-01,-1.379022467881441116e-02,1.454720348119735718e-01,1.197521761059761047e-01
8.111813545227050781e+00,-9.668356180191040039e-02,1.511454284191131592e-01,4.626058578491210938e+00,9.449155330657958984e-01,6.665900945663452148e-01,-3.784957170486450195e+00,-1.985672116279602051e+00,1.973484039306640625e+00,4.788918972015380859e+00,-2.874474525451660156e-01,1.860251545906066895e+00,-9.647929668426513672e-01,4.575380682945251465e-01,1.802118659019470215e+00,3.982863426208496094e+00,-2.079474687576293945e+00,2.464833259582519531e+00,1.308655071258544922e+01,2.437518388032913208e-01,-2.054027557373046875e+00,-9.647929668426513672e-01,3.415393829345703125e-01,1.329304695129394531e+00,4.106554985046386719e+00,-1.499788880348205566e+00,-2.335424423217773438e+00,1.156927013397216797e+01,-1.644852161407470703e-01,-1.616093516349792480e+00,6.926718950271606445e-01,6.393491625785827637e-01,3.732129573822021484e+00,-2.251183748245239258e+00,-1.440076351165771484e+00,-3.184669494628906250e+00,9.767498016357421875e+00,0.000000000000000000e+00,0.000000000000000000e+00,0.000000000000000000e+00,9.842208623886108398e-01,-6.270025856792926788e-03,1.297157704830169678e-01,1.201828643679618835e-01
8.130386352539062500e+00,-8.551114797592163086e-02,2.092783004045486450e-01,3.240715026855468750e+00,9.374369382858276367e-01,-8.487397432327270508e-01,-3.389144659042358398e+00,-1.936669945716857910e+00,1.872383475303649902e+00,1.280206084251403809e+00,-2.629529237747192383e-01,-9.301257133483886719e-02,-1.039007902145385742e+00,4.780662357807159424e-01,1.317678093910217285e-01,4.823965072631835938e+00,-2.031846761703491211e+00,1.690402507781982422e+00,8.771782875061035156e+00,2.303086370229721069e-01,3.410460948944091797e-01,-3.265453338623046875e+00,3.834737539291381836e-01,8.719928860664367676e-01,6.382476806640625000e+00,-1.513263702392578125e+00,6.066037416458129883e-01,1.465124702453613281e+01,-1.481051445007324219e-01,1.794367432594299316e+00,6.926718950271606445e-01,6.846443414688110352e-01,1.340931177139282227e+00,-4.205507934093475342e-01,-1.457389831542968750e+00,1.617610007524490356e-01,1.118994998931884766e+01,0.000000000000000000e+00,0.000000000000000000e+00,0.000000000000000000e+00,9.862334132194519043e-01,-9.041046723723411560e-03,1.118300333619117737e-01,1.214742586016654968e-01
8.150953292846679688e+00,-7.243126630783081055e-02,1.368059992790222168e+00,3.290191411972045898e+00,9.119432568550109863e-01,-1.565711617469787598e+00,-2.597519636154174805e+00,-1.917018532752990723e+00,-3.659842610359191895e-01,-2.275921821594238281e+00,-2.632254362106323242e-01,9.301257133483886719e-02,-2.078015804290771484e+00,4.744026660919189453e-01,-5.541998744010925293e-01,1.979062557220458984e+00,-1.998957395553588867e+00,1.662094235420227051e+00,5.310484409332275391e+00,2.314894646406173706e-01,-4.456852376461029053e-01,-2.820164203643798828e+00,3.888632059097290039e-01,-1.937761902809143066e-01,8.460492134094238281e+00,-1.502932429313659668e+00,1.265779852867126465e+00,1.427192687988281250e+01,-1.471664905548095703e-01,1.123901903629302979e-01,1.805894613265991211e+00,6.858857274055480957e-01,-1.112275242805480957e+00,-1.113222718238830566e+00,-1.456441998481750488e+00,2.709496915340423584e-01,9.957158088684082031e+00,0.000000000000000000e+00,0.000000000000000000e+00,0.000000000000000000e+00,9.871361255645751953e-01,-9.620451368391513824e-03,1.043723747134208679e-01,1.207320541143417358e-01
8.170203208923339844e+00,-4.542368650436401367e-02,2.100533962249755859e+00,9.647929668426513672e-01,8.844815492630004883e-01,-2.240052700042724609e+00,-5.195039510726928711e-01,-1.934015989303588867e+00,-2.262631893157958984e+00,-3.224222660064697266e+00,-2.634070813655853271e-01,2.480335235595703125e-01,-1.113222718238830566e+00,4.683471620082855225e-01,-1.092897772789001465e+00,5.442422032356262207e-01,-1.978168606758117676e+00,1.166701197624206543e+00,2.655242204666137695e+00,2.274322658777236938e-01,-3.449216187000274658e-01,-3.859171867370605469e+00,3.830498456954956055e-01,-4.611873328685760498e-01,9.375808715820312500e+00,-1.478715658187866211e+00,2.317226171493530273e+00,1.522022819519042969e+01,-1.463490724563598633e-01,1.743985712528228760e-01,2.300660133361816406e+00,6.791943907737731934e-01,-1.143279552459716797e+00,-1.805894613265991211e+00,-1.442082643508911133e+00,1.912823915481567383e+00,1.024164867401123047e+01,0.000000000000000000e+00,0.000000000000000000e+00,0.000000000000000000e+00,9.874241948127746582e-01,-1.002165954560041428e-02,1.017201244831085205e-01,1.206070929765701294e-01
8.190689086914062500e+00,-7.038116455078125000e-04,5.890796184539794922e-01,-1.410082101821899414e+00,8.346447348594665527e-01,-2.429953575134277344e+00,1.632726669311523438e+00,-2.018166542053222656e+00,-4.029870986938476562e+00,-8.534707427024841309e-01,-2.682212293148040771e-01,-2.519090473651885986e-01,4.205507934093475342e-01,4.447306692600250244e-01,-1.294424891471862793e+00,4.947656393051147461e-02,-1.964488506317138672e+00,-1.840031296014785767e-01,-9.008857607841491699e-01,2.081757634878158569e-01,-8.061089515686035156e-01,-4.304461002349853516e+00,3.503501415252685547e-01,-1.945512890815734863e+00,8.435753822326660156e+00,-1.427454590797424316e+00,2.834861516952514648e+00,1.597886848449707031e+01,-1.542211771011352539e-01,-8.216110467910766602e-01,2.399613380432128906e+00,6.354433298110961914e-01,-2.383447170257568359e+00,-1.385343790054321289e+00,-1.388862609863281250e+00,2.495163440704345703e+00,8.202801704406738281e+00,0.000000000000000000e+00,0.000000000000000000e+00,0.000000000000000000e+00,9.869909286499023438e-01,-5.137852858752012253e-03,1.053731739521026611e-01,1.213224977254867554e-01
8.210146903991699219e+00,8.016109466552734375e-03,-1.782740950584411621e-01,-3.265453338623046875e+00,7.973125576972961426e-01,-1.123901844024658203e+00,2.869640827178955078e+00,-2.093122959136962891e+00,-3.249373912811279297e+00,6.638105511665344238e-01,-2.791211307048797607e-01,-5.697020292282104492e-01,4.205507934093475342e-01,4.169359207153320312e-01,-1.740110158920288086e+00,5.689804553985595703e-01,-1.980980396270751953e+00,-1.601433753967285156e+00,-1.327621102333068848e+00,1.849831789731979370e-01,-1.302175998687744141e+00,-3.042808771133422852e+00,2.967588901519775391e-01,-3.019032955169677734e+00,5.120824337005615234e+00,-1.368452787399291992e+00,3.771053314208984375e+00,1.673750877380371094e+01,-1.697838306427001953e-01,-8.371132016181945801e-01,3.018070459365844727e+00,5.947503447532653809e-01,-1.503703236579895020e+00,4.205507934093475342e-01,-1.333130836486816406e+00,3.043128728866577148e+00,4.030278205871582031e+00,0.000000000000000000e+00,0.000000000000000000e+00,0.000000000000000000e+00,9.855477809906005859e-01,2.778943162411451340e-03,1.172513291239738464e-01,1.222293823957443237e-01
8.230430603027343750e+00,-1.532781124114990234e-02,-2.271056890487670898e+00,-2.646996259689331055e+00,7.980694770812988281e-01,7.789802551269531250e-01,2.745949268341064453e+00,-2.134953498840332031e+00,-1.631764054298400879e+00,1.232791066169738770e+00,-2.815433442592620850e-01,1.937761902809143066e-02,-3.215976655483245850e-01,3.867492079734802246e-01,-1.286673903465270996e+00,4.205507934093475342e-01,-2.015639066696166992e+00,-1.904735803604125977e+00,-3.319052755832672119e-01,1.723271459341049194e-01,0.000000000000000000e+00,-1.731679677963256836e+00,2.277563810348510742e-01,-3.937531948089599609e+00,2.078015804290771484e+00,-1.310399055480957031e+00,3.138163328170776367e+00,1.427192687988281250e+01,-1.779284477233886719e-01,2.867887616157531738e-01,2.820164203643798828e+00,5.462154746055603027e-01,-2.104409456253051758e+00,2.820164203643798828e+00,-1.287904143333435059e+00,1.813745260238647461e+00,-2.370752096176147461e-01,0.000000000000000000e+00,0.000000000000000000e+00,0.000000000000000000e+00,9.829292297363281250e-01,8.065056987106800079e-03,1.358901560306549072e-01,1.237698122859001160e-01
8.251725196838378906e+00,-5.293256044387817383e-02,-2.271056890487670898e+00,-6.431953310966491699e-01,8.201720714569091797e-01,2.011396884918212891e+00,1.484296917915344238e+00,-2.143973588943481445e+00,3.882263898849487305e-01,1.896601676940917969e+00,-2.782430946826934814e-01,-1.356433331966400146e-01,-1.162699222564697266e+00,3.698240518569946289e-01,-5.619509220123291016e-01,1.904847741127014160e+00,-2.042288541793823242e+00,-1.346660375595092773e+00,1.137960910797119141e+00,1.762935072183609009e-01,7.983579039573669434e-01,-5.442422032356262207e-01,1.753762960433959961e-01,-4.084802150726318359e+00,1.682203173637390137e+00,-1.265235424041748047e+00,2.272742033004760742e+00,1.043130874633789062e+01,-1.627594232559204102e-01,1.557960510253906250e+00,1.632726669311523438e+00,5.264744758605957031e-01,-7.053453326225280762e-01,1.979062557220458984e+00,-1.268521308898925781e+00,2.871257662773132324e-01,-1.422451257705688477e+00,0.000000000000000000e+00,0.000000000000000000e+00,0.000000000000000000e+00,9.801132678985595703e-01,6.442186888307332993e-03,1.535210758447647095e-01,1.255702972412109375e-01
8.270286560058593750e+00,-8.693420886993408203e-02,1.627719998359680176e-01,1.385343790054321289e+00,8.538407087326049805e-01,-5.619509220123291016e-01,-1.632726669311523438e+00,-2.113485336303710938e+00,2.574021816253662109e+00,2.512997150421142578e+00,-2.792422473430633545e-01,-6.278348565101623535e-01,-1.360605478286743164e+00,3.389106988906860352e-01,-2.336941003799438477e+00,3.389144659042358398e+00,-2.091132640838623047e+00,-3.427311182022094727e+00,6.780350685119628906e+00,1.901000589132308960e-01,8.526152372360229492e-01,4.947656393051147461e-02,1.144882440567016602e-01,-2.135413646697998047e+00,2.646996259689331055e+00,-1.228791713714599609e+00,-1.799591183662414551e-01,2.275921821594238281e+00,-1.250336170196533203e-01,1.650973200798034668e+00,2.226445376873016357e-01,5.251120328903198242e-01,-9.301257729530334473e-01,-7.668867111206054688e-01,-1.282469987869262695e+00,-1.259713768959045410e+00,-9.957158565521240234e-01,0.000000000000000000e+00,0.000000000000000000e+00,0.000000000000000000e+00,9.752967357635498047e-01,-2.629919676110148430e-03,1.796845197677612305e-01,1.284634619951248169e-01
8.290130615234375000e+00,-8.520835638046264648e-02,-6.007061600685119629e-01,3.191238403320312500e+00,8.548095822334289551e-01,-1.313802599906921387e+00,-3.958125114440917969e+00,-2.054831266403198242e+00,6.369339227676391602e-01,7.681236743927001953e+00,-3.047359287738800049e-01,-1.058017969131469727e+00,-8.658398389816284180e-01,3.024868369102478027e-01,-1.790492057800292969e+00,4.502367496490478516e+00,-2.147938728332519531e+00,-2.050320625305175781e+00,1.327621173858642578e+01,2.180462330579757690e-01,1.887380003929138184e+00,4.700273573398590088e-01,9.196174144744873047e-02,-8.603663444519042969e-01,1.113222718238830566e+00,-1.253419399261474609e+00,-2.563911914825439453e+00,-2.607827186584472656e+00,-9.817743301391601562e-02,1.294424891471862793e+00,-2.251183748245239258e+00,5.222053527832031250e-01,-2.751621901988983154e-01,-2.127492189407348633e+00,-1.308377027511596680e+00,-1.002918243408203125e+00,-6.638105511665344238e-01,0.000000000000000000e+00,0.000000000000000000e+00,0.000000000000000000e+00,9.713041186332702637e-01,-1.202790252864360809e-02,1.984255313873291016e-01,1.305790096521377563e-01
8.309960365295410156e+00,-9.132444858551025391e-02,7.169718742370605469e-01,3.364406347274780273e+00,8.566867709159851074e-01,1.247918605804443359e+00,-5.318730831146240234e+00,-2.088747501373291016e+00,-3.360584497451782227e+00,1.019423389434814453e+01,-3.092170059680938721e-01,-2.402824759483337402e-01,-9.400547146797180176e-01,2.861369848251342773e-01,-2.364069521427154541e-01,5.145562648773193359e+00,-2.175709724426269531e+00,-1.963374018669128418e+00,1.659526443481445312e+01,2.361219078302383423e-01,1.375810980796813965e+00,2.473828196525573730e-01,9.320306777954101562e-02,5.929551720619201660e-01,4.947656393051147461e-02,-1.293053865432739258e+00,-3.449553251266479492e+00,-2.892317533493041992e+00,-8.249366283416748047e-02,7.285984754562377930e-01,-3.166500091552734375e+00,5.181179046630859375e-01,-5.503243803977966309e-01,-1.607988357543945312e+00,-1.318834662437438965e+00,-8.189150691032409668e-01,-6.638105511665344238e-01,0.000000000000000000e+00,0.000000000000000000e+00,0.000000000000000000e+00,9.696224927902221680e-01,-1.910149306058883667e-02,2.051352709531784058e-01,1.318596899509429932e-01
8.330314636230468750e+00,-6.897962093353271484e-02,-8.293620944023132324e-01,4.428152561187744141e+00,8.737330436706542969e-01,8.991215229034423828e-01,-6.456691741943359375e+00,-2.103233337402343750e+00,4.569748342037200928e-01,1.294430637359619141e+01,-3.066433966159820557e-01,3.332950472831726074e-01,-1.261652350425720215e+00,3.043943047523498535e-01,1.627720117568969727e+00,6.976195335388183594e+00,-2.192723035812377930e+00,2.022012369707226753e-03,1.981948661804199219e+01,2.608586549758911133e-01,3.410460948944091797e-01,-1.484296917915344238e-01,1.140946149826049805e-01,2.116035938262939453e+00,-7.421484589576721191e-02,-1.393427848815917969e+00,-4.802279472351074219e+00,-1.422451257705688477e+00,-1.040816307067871094e-01,-1.899006605148315430e+00,-2.078015804290771484e+00,5.027369260787963867e-01,-2.170293331146240234e-01,-3.215976655483245850e-01,-1.333478450775146484e+00,-4.994370937347412109e-01,-4.267353713512420654e-01,0.000000000000000000e+00,0.000000000000000000e+00,0.000000000000000000e+00,9.693558812141418457e-01,-2.465792745351791382e-02,2.045448422431945801e-01,1.338005661964416504e-01
8.350057601928710938e+00,-7.128071784973144531e-02,6.394614577293395996e-01,3.166500091552734375e+00,9.027692079544067383e-01,1.503703236579895020e+00,-5.368206977844238281e+00,-2.082712888717651367e+00,1.759150862693786621e+00,1.085804462432861328e+01,-2.968032062053680420e-01,1.860251426696777344e-01,-2.622257947921752930e+00,3.493564724922180176e-01,3.026784181594848633e+00,5.368206977844238281e+00,-2.191633224487304688e+00,2.385974675416946411e-01,1.934533691406250000e+01,2.660966515541076660e-01,3.836768567562103271e-01,2.473828196525573730e-02,1.678372621536254883e-01,4.507234096527099609e+00,2.251183748245239258e+00,-1.488588809967041016e+00,-3.439443349838256836e+00,1.991431713104248047e+00,-1.405962705612182617e-01,-8.874949812889099121e-01,3.710742294788360596e-01,5.094282627105712891e-01,1.278922915458679199e+00,2.226445376873016357e-01,-1.337396025657653809e+00,6.571540236473083496e-01,1.849186539649963379e+00,0.000000000000000000e+00,0.000000000000000000e+00,0.000000000000000000e+00,9.726703166961669922e-01,-2.579715661704540253e-02,1.886682063341140747e-01,1.328583061695098877e-01
8.370405197143554688e+00,-6.186437606811523438e-02,-5.464488863945007324e-01,3.438621282577514648e+00,9.381030797958374023e-01,2.104409456253051758e+00,-5.862972736358642578e+00,-2.038639545440673828e+00,2.656924486160278320e+00,8.250217437744140625e+00,-2.845710813999176025e-01,8.681173324584960938e-01,-2.548043012619018555e+00,4.143320322036743164e-01,3.604237318038940430e+00,2.399613380432128906e+00,-2.171365499496459961e+00,2.026056528091430664e+00,1.683234024047851562e+01,2.694877386093139648e-01,1.821496188640594482e-01,4.452890753746032715e-01,2.549759149551391602e-01,5.278463363647460938e+00,3.859171867370605469e+00,-1.520388126373291016e+00,7.380345463752746582e-01,4.599258899688720703e+00,-1.536155939102172852e-01,2.460957527160644531e+00,-4.700273573398590088e-01,5.517562627792358398e-01,5.371476173400878906e+00,-2.350136756896972656e+00,-1.319276928901672363e+00,-1.500333189964294434e+00,9.672668457031250000e+00,0.000000000000000000e+00,0.000000000000000000e+00,0.000000000000000000e+00,9.776594042778015137e-01,-2.796597778797149658e-02,1.605968326330184937e-01,1.326979547739028931e-01
8.391659736633300781e+00,-8.242285251617431641e-02,-1.236292123794555664e+00,4.922918319702148438e+00,9.565723538398742676e-01,1.123901844024658203e+00,-6.085617542266845703e+00,-2.005213022232055664e+00,1.433606863021850586e+00,6.590690612792968750e+00,-2.819066643714904785e-01,1.511454284191131592e-01,-2.078015804290771484e+00,4.513614475727081299e-01,1.530831933021545410e+00,2.721211016178131104e-01,-2.132283926010131836e+00,3.065371036529541016e+00,1.578920841217041016e+01,2.669141888618469238e-01,-1.395188570022583008e-01,5.195039510726928711e-01,3.331222534179687500e-01,5.526496887207031250e+00,2.597519636154174805e+00,-1.489820957183837891e+00,2.347556591033935547e+00,8.439877510070800781e+00,-1.524953842163085938e-01,-2.728368759155273438e+00,1.509035229682922363e+00,6.247856616973876953e-01,4.677757263183593750e+00,-4.180769443511962891e+00,-1.397550940513610840e+00,-6.478528022766113281e+00,9.293348312377929688e+00,0.000000000000000000e+00,0.000000000000000000e+00,0.000000000000000000e+00,9.805310964584350586e-01,-1.883000321686267853e-02,1.424773335456848145e-01,1.338075250387191772e-01
8.410158157348632812e+00,-7.760870456695556641e-02,8.642418384552001953e-01,3.710742235183715820e+00,9.623553752899169922e-01,-9.068726301193237305e-01,-4.279722690582275391e+00,-1.966004848480224609e+00,2.861147642135620117e+00,3.888033390045166016e+00,-2.634676396846771240e-01,1.007636189460754395e+00,-1.731679737567901611e-01,4.840611815452575684e-01,7.324740290641784668e-01,3.488097667694091797e+00,-2.079379796981811523e+00,1.714666604995727539e+00,1.379777717590332031e+01,2.490504235029220581e-01,-1.278922915458679199e+00,-2.350136756896972656e+00,3.734216690063476562e-01,1.933886289596557617e+00,2.028539180755615234e+00,-1.519029617309570312e+00,-1.023138284683227539e+00,1.095287418365478516e+01,-1.773835420608520508e-01,1.561836004257202148e+00,-9.400547146797180176e-01,6.944845318794250488e-01,1.232416629791259766e+00,-2.251183748245239258e+00,-1.464656472206115723e+00,4.832609593868255615e-01,8.582121849060058594e+00,0.000000000000000000e+00,0.000000000000000000e+00,0.000000000000000000e+00,9.828789234161376953e-01,-1.743511296808719635e-02,1.221784949302673340e-01,1.368121057748794556e-01
8.430740356445312500e+00,-7.340013980865478516e-02,3.875523805618286133e-02,4.205507755279541016e+00,9.458843469619750977e-01,-1.077395558357238770e+00,-4.922918319702148438e+00,-1.918898344039916992e+00,1.217251539230346680e+00,8.060556650161743164e-01,-2.573515772819519043e-01,-2.015272378921508789e-01,-1.607988357543945312e+00,4.845758974552154541e-01,-5.115691423416137695e-01,1.212175846099853516e+00,-2.042841434478759766e+00,2.408216953277587891e+00,1.104770469665527344e+01,2.512304186820983887e-01,2.131538093090057373e-01,-2.498566389083862305e+00,3.870465755462646484e-01,-5.813286080956459045e-02,5.764019489288330078e+00,-1.509156465530395508e+00,7.562326788902282715e-01,1.256498527526855469e+01,-1.664230823516845703e-01,7.363495230674743652e-02,1.236914098262786865e-01,7.027503252029418945e-01,2.131538093090057373e-01,-2.523304700851440430e+00,-1.461876153945922852e+00,7.077043503522872925e-02,9.245932579040527344e+00,0.000000000000000000e+00,0.000000000000000000e+00,0.000000000000000000e+00,9.839688539505004883e-01,-2.002587169408798218e-02,1.114070117473602295e-01,1.378143727779388428e-01
8.449991226196289062e+00,-6.755656003952026367e-02,8.022334575653076172e-01,3.537574291229248047e+00,9.279903173446655273e-01,-1.844749331474304199e+00,-3.042808771133422852e+00,-1.909151554107666016e+00,-2.224213629961013794e-02,-2.607827186584472656e+00,-2.629226446151733398e-01,-3.526726663112640381e-01,-2.003800868988037109e+00,4.757348597049713135e-01,-9.805075526237487793e-01,1.039007902145385742e+00,-2.014517307281494141e+00,1.512465357780456543e+00,8.202801704406738281e+00,2.460226565599441528e-01,-1.340931177139282227e+00,-3.290191411972045898e+00,3.831709623336791992e-01,7.751047611236572266e-03,7.273055076599121094e+00,-1.497845888137817383e+00,1.601433753967285156e+00,1.242274093627929688e+01,-1.646668910980224609e-01,6.123327612876892090e-01,1.484296917915344238e+00,6.991472840309143066e-01,-6.588390469551086426e-01,-2.449090003967285156e+00,-1.454767584800720215e+00,1.223317623138427734e+00,9.198517799377441406e+00,0.000000000000000000e+00,0.000000000000000000e+00,0.000000000000000000e+00,9.843780994415283203e-01,-1.930397748947143555e-02,1.080729737877845764e-01,1.376494467258453369e-01
8.470269203186035156e+00,-2.964913845062255859e-02,2.100533962249755859e+00,9.400547146797180176e-01,8.658608794212341309e-01,-2.584974527359008789e+00,-7.421484589576721191e-02,-1.958532929420471191e+00,-3.609292268753051758e+00,-3.081977605819702148e+00,-2.704012095928192139e-01,-3.022908568382263184e-01,-6.926718950271606445e-01,4.529358744621276855e-01,-1.623844504356384277e+00,1.484296917915344238e-01,-1.980396032333374023e+00,1.104018807411193848e+00,3.034562587738037109e+00,2.214978784322738647e-01,-8.099844455718994141e-01,-3.809695482254028320e+00,3.624612092971801758e-01,-1.294424891471862793e+00,9.153163909912109375e+00,-1.444531083106994629e+00,2.276786088943481445e+00,1.365553188323974609e+01,-1.691479682922363281e-01,-5.852040648460388184e-01,2.721210956573486328e+00,6.674769520759582520e-01,-1.716857075691223145e+00,-1.410082101821899414e+00,-1.408877372741699219e+00,1.856207370758056641e+00,8.582121849060058594e+00,0.000000000000000000e+00,0.000000000000000000e+00,0.000000000000000000e+00,9.846420288085937500e-01,-1.407097186893224716e-02,1.064779534935951233e-01,1.376394778490066528e-01
8.490263938903808594e+00,3.474533557891845703e-03,9.417523145675659180e-01,-3.042808771133422852e+00,8.215345740318298340e-01,-2.670235872268676758e+00,2.548043012619018555e+00,-2.036917448043823242e+00,-4.395854949951171875e+00,-6.163955330848693848e-01,-2.825122177600860596e-01,-7.130963802337646484e-01,7.668867111206054688e-01,4.307121932506561279e-01,-1.418441772460937500e+00,5.442422032356262207e-01,-1.966747403144836426e+00,-9.301257133483886719e-02,-5.215654373168945312e-01,2.015449851751327515e-01,-1.573462605476379395e+00,-3.488097667694091797e+00,3.247656822204589844e-01,-2.104409456253051758e+00,6.926718711853027344e+00,-1.396413445472717285e+00,3.603226184844970703e+00,1.446158695220947266e+01,-1.839537620544433594e-01,-9.146236181259155273e-01,2.968593835830688477e+00,6.271473169326782227e-01,-2.418326854705810547e+00,-5.937187671661376953e-01,-1.365498900413513184e+00,2.776222944259643555e+00,5.832049846649169922e+00,0.000000000000000000e+00,0.000000000000000000e+00,0.000000000000000000e+00,9.840360879898071289e-01,-7.674240507185459137e-03,1.117084920406341553e-01,1.383309662342071533e-01
8.510258674621582031e+00,9.075820446014404297e-03,-6.975942850112915039e-01,-4.057078361511230469e+00,7.923470139503479004e-01,-6.510879993438720703e-01,3.587050914764404297e+00,-2.103422641754150391e+00,-3.132097244262695312e+00,5.215654373168945312e-01,-2.993162572383880615e-01,-4.999426007270812988e-01,4.452890753746032715e-01,4.039468467235565186e-01,-2.057903289794921875e+00,3.215976655483245850e-01,-1.978626728057861328e+00,-1.435628890991210938e+00,-1.517281293869018555e+00,1.781707257032394409e-01,-7.557271122932434082e-01,-2.399613380432128906e+00,2.711744308471679688e-01,-3.150800943374633789e+00,3.784957170486450195e+00,-1.343256711959838867e+00,3.091656923294067383e+00,1.574179363250732422e+01,-1.998190879821777344e-01,-7.789802551269531250e-01,3.686003923416137695e+00,5.887856483459472656e-01,-1.724608063697814941e+00,8.411015868186950684e-01,-1.316670417785644531e+00,2.309138298034667969e+00,2.844902515411376953e+00,0.000000000000000000e+00,0.000000000000000000e+00,0.000000000000000000e+00,9.825463294982910156e-01,8.100380073301494122e-04,1.233164221048355103e-01,1.392670124769210815e-01
8.531620025634765625e+00,-2.259445190429687500e-02,-2.581098794937133789e+00,-2.350136756896972656e+00,8.023991584777832031e-01,1.399064064025878906e+00,2.671734333038330078e+00,-2.145237445831298828e+00,-1.575147747993469238e+00,1.090545892715454102e+00,-3.011328876018524170e-01,1.240167617797851562e-01,-1.484296917915344238e-01,3.766062259674072266e-01,-1.232416629791259766e+00,1.311128973960876465e+00,-2.013158798217773438e+00,-2.078628778457641602e+00,-4.267353713512420654e-01,1.678460985422134399e-01,8.526152372360229492e-02,-1.558511734008789062e+00,2.098321914672851562e-01,-4.406470775604248047e+00,1.979062557220458984e+00,-1.289546966552734375e+00,3.020886659622192383e+00,1.398743724822998047e+01,-2.005760669708251953e-01,8.603663444519042969e-01,2.869640827178955078e+00,5.459732413291931152e-01,-1.906757831573486328e+00,2.498566389083862305e+00,-1.277873039245605469e+00,1.928999900817871094e+00,-8.060556650161743164e-01,0.000000000000000000e+00,0.000000000000000000e+00,0.000000000000000000e+00,9.801952838897705078e-01,3.536661621183156967e-03,1.390043795108795166e-01,1.410059779882431030e-01
8.550210952758789062e+00,-7.518649101257324219e-02,-2.212924003601074219e+00,-1.484296917915344238e-01,8.446060419082641602e-01,2.216799497604370117e+00,3.710742294788360596e-01,-2.151161193847656250e+00,8.694653511047363281e-01,2.086261749267578125e+00,-2.919285297393798828e-01,3.720502853393554688e-01,-1.385343790054321289e+00,3.637080192565917969e-01,-1.860251426696777344e-01,2.226445436477661133e+00,-2.050076484680175781e+00,-1.601433753967285156e+00,2.655242204666137695e+00,1.766265779733657837e-01,1.054142475128173828e+00,-8.905781507492065430e-01,1.400424242019653320e-01,-3.356203556060791016e+00,1.979062557220458984e+00,-1.234778881072998047e+00,1.645918130874633789e+00,8.961442947387695312e+00,-1.653935909271240234e-01,2.321438789367675781e+00,1.088484406471252441e+00,5.235073566436767578e-01,-3.332950472831726074e-01,1.162699222564697266e+00,-1.263055562973022461e+00,-5.135911703109741211e-01,-1.612111330032348633e+00,0.000000000000000000e+00,0.000000000000000000e+00,0.000000000000000000e+00,9.762722849845886230e-01,-4.200334660708904266e-03,1.616453379392623901e-01,1.440331935882568359e-01
8.570373535156250000e+00,-1.044043302536010742e-01,-8.874949812889099121e-01,2.721210956573486328e+00,8.706749677658081055e-01,9.262501597404479980e-01,-4.601320266723632812e+00,-2.113643407821655273e+00,2.798465251922607422e+00,2.323337078094482422e+00,-2.947746217250823975e-01,-4.766894578933715820e-01,-5.689804553985595703e-01,3.282530307769775391e-01,-2.344691991806030273e+00,3.166500091552734375e+00,-2.100563526153564453e+00,-2.108958959579467773e+00,9.577837944030761719e+00,1.963372379541397095e-01,1.426192760467529297e+00,0.000000000000000000e+00,9.777498245239257812e-02,-9.068726301193237305e-01,2.721210956573486328e+00,-1.223958015441894531e+00,-1.358792424201965332e+00,-1.422451138496398926e-01,-1.276072263717651367e-01,9.727564454078674316e-01,-4.205507934093475342e-01,5.103365778923034668e-01,-1.933886289596557617e+00,-1.311128973960876465e+00,-1.287635564804077148e+00,-1.670182228088378906e+00,-8.534707427024841309e-01,0.000000000000000000e+00,0.000000000000000000e+00,0.000000000000000000e+00,9.723267555236816406e-01,-1.434650830924510956e-02,1.812104880809783936e-01,1.467571109533309937e-01
8.590113639831542969e+00,-9.916633367538452148e-02,1.046391487121582031e+00,2.399613380432128906e+00,8.550820350646972656e-01,-2.484210729598999023e+00,-4.403414249420166016e+00,-2.071749687194824219e+00,4.019760608673095703e+00,1.991431713104248047e+00,-3.084297776222229004e-01,-1.240167617797851562e+00,-3.463359475135803223e-01,3.040915727615356445e-01,-1.120026350021362305e+00,4.626058578491210938e+00,-2.127339363098144531e+00,-1.939109921455383301e+00,1.593145370483398438e+01,2.148368209600448608e-01,1.468823552131652832e+00,7.668867111206054688e-01,8.832836151123046875e-02,-7.402250170707702637e-01,5.937187671661376953e-01,-1.249564886093139648e+00,-2.574021816253662109e+00,-2.987147569656372070e+00,-1.072304248809814453e-01,9.262501597404479980e-01,-2.201707124710083008e+00,5.105182528495788574e-01,-4.611873328685760498e-01,-1.509035229682922363e+00,-1.305217623710632324e+00,-1.451804995536804199e+00,-8.060556650161743164e-01,0.000000000000000000e+00,0.000000000000000000e+00,0.000000000000000000e+00,9.699502587318420410e-01,-2.128550410270690918e-02,1.918239295482635498e-01,1.481448560953140259e-01
8.610400199890136719e+00,-1.015885472297668457e-01,-2.325314283370971680e-02,3.018070459365844727e+00,8.478154540061950684e-01,1.178159236907958984e+00,-4.329199314117431641e+00,-2.079332351684570312e+00,-2.703430652618408203e+00,6.685520648956298828e+00,-3.181186020374298096e-01,-5.038180947303771973e-02,-5.937187671661376953e-01,2.844716906547546387e-01,2.712866663932800293e-02,4.156031608581542969e+00,-2.165915727615356445e+00,-9.220377206802368164e-01,1.844445037841796875e+01,2.428738027811050415e-01,1.817620635032653809e+00,6.679335832595825195e-01,9.904670715332031250e-02,1.290549397468566895e+00,2.473828196525573730e-02,-1.333336114883422852e+00,-4.298798561096191406e+00,-1.896601676940917969e+00,-9.966111183166503906e-02,-5.813286080956459045e-02,-2.251183748245239258e+00,4.968630969524383545e-01,-6.588390469551086426e-01,-1.162699222564697266e+00,-1.336290240287780762e+00,-1.106040835380554199e+00,0.000000000000000000e+00,0.000000000000000000e+00,0.000000000000000000e+00,0.000000000000000000e+00,9.680616855621337891e-01,-2.845427952706813812e-02,2.001968324184417725e-01,1.482165604829788208e-01
8.630279541015625000e+00,-8.248341083526611328e-02,-1.472699046134948730e-01,3.290191411972045898e+00,8.577767610549926758e-01,7.285984754562377930e-01,-3.760218858718872070e+00,-2.077784299850463867e+00,1.809701085090637207e+00,1.009940338134765625e+01,-3.178763687610626221e-01,3.487971425056457520e-02,-1.607988357543945312e+00,3.019115924835205078e-01,1.554085016250610352e+00,6.184570312500000000e+00,-2.169659614562988281e+00,1.213207468390464783e-02,2.000914764404296875e+01,2.646736502647399902e-01,2.441580146551132202e-01,4.947656393051147461e-02,1.392248868942260742e-01,3.666245460510253906e+00,5.689804553985595703e-01,-1.417707800865173340e+00,-4.525263786315917969e+00,-4.741504043340682983e-02,-1.172523498535156250e-01,-1.383561968803405762e+00,-8.411015868186950684e-01,4.910195171833038330e-01,2.092783004045486450e-01,2.721211016178131104e-01,-1.345610499382019043e+00,7.885848730802536011e-02,7.112256288528442383e-01,0.000000000000000000e+00,0.000000000000000000e+00,0.000000000000000000e+00,9.693722128868103027e-01,-3.041230887174606323e-02,1.938270330429077148e-01,1.477281302213668823e-01
8.650076866149902344e+00,-9.519994258880615234e-02,4.883160293102264404e-01,2.943855524063110352e+00,8.833007216453552246e-01,1.852500319480895996e+00,-3.710742235183715820e+00,-2.056632041931152344e+00,1.484157085418701172e+00,9.198517799377441406e+00,-3.137586116790771484e-01,1.937761902809143066e-01,-2.350136756896972656e+00,3.455111980438232422e-01,3.162427663803100586e+00,4.403414249420166016e+00,-2.166579008102416992e+00,6.187357902526855469e-01,1.820737457275390625e+01,2.728788256645202637e-01,6.665900945663452148e-01,2.473828196525573730e-01,2.060776948928833008e-01,5.092438220977783203e+00,2.449090003967285156e+00,-1.483233690261840820e+00,-2.282851934432983398e+00,2.418167114257812500e+00,-1.415954828262329102e-01,-3.332950472831726074e-01,3.215976655483245850e-01,5.022221803665161133e-01,1.492076635360717773e+00,5.689804553985595703e-01,-1.334157705307006836e+00,1.379012465476989746e+00,2.275921821594238281e+00,0.000000000000000000e+00,0.000000000000000000e+00,0.000000000000000000e+00,9.733048081398010254e-01,-2.814517542719841003e-02,1.750835925340652466e-01,1.457096040248870850e-01
8.672020912170410156e+00,-9.647160768508911133e-02,-1.395188570022583008e+00,4.626058578491210938e+00,9.120946526527404785e-01,1.476574540138244629e+00,-4.502367496490478516e+00,-2.025891304016113281e+00,1.795547008514404297e+00,8.297632217407226562e+00,-3.109730780124664307e-01,-8.526152372360229492e-02,-2.028539180755615234e+00,3.985271751880645752e-01,2.302061080932617188e+00,3.191238403320312500e+00,-2.140450954437255859e+00,2.236345767974853516e+00,1.574179363250732422e+01,2.785710096359252930e-01,-2.984153330326080322e-01,2.721211016178131104e-01,2.972130775451660156e-01,5.429608821868896484e+00,3.141761779785156250e+00,-1.497640490531921387e+00,1.304198026657104492e+00,4.030278205871582031e+00,-1.328452825546264648e-01,8.177355527877807617e-01,-1.484296917915344238e-01,5.602036714553833008e-01,4.499483108520507812e+00,-2.745949268341064453e+00,-1.360301733016967773e+00,-5.418993473052978516e+00,1.104770469665527344e+01,0.000000000000000000e+00,0.000000000000000000e+00,0.000000000000000000e+00,9.774743318557739258e-01,-2.169024944305419922e-02,1.514679938554763794e-01,1.453652679920196533e-01
8.691214561462402344e+00,-1.138508915901184082e-01,8.487397432327270508e-01,4.527105808258056641e+00,9.279600977897644043e-01,1.550209522247314453e-01,-3.438621282577514648e+00,-1.991675019264221191e+00,1.955286026000976562e+00,5.974295139312744141e+00,-2.942901849746704102e-01,1.515329718589782715e+00,-1.484296917915344238e-01,4.409459829330444336e-01,1.348682284355163574e+00,4.601320266723632812e+00,-2.085572242736816406e+00,1.660072207450866699e+00,1.194859027862548828e+01,2.557417750358581543e-01,-1.356433391571044922e+00,-1.113222718238830566e+00,3.543467521667480469e-01,3.084917068481445312e+00,3.290191411972045898e+00,-1.518571496009826660e+00,-1.546839475631713867e+00,1.185375976562500000e+01,-1.808351278305053711e-01,-4.146810472011566162e-01,7.421484589576721191e-02,6.549723148345947266e-01,2.615978479385375977e+00,-1.830632925033569336e+00,-1.467073440551757812e+00,-1.856207370758056641e+00,1.028906345367431641e+01,0.000000000000000000e+00,0.000000000000000000e+00,0.000000000000000000e+00,9.808210730552673340e-01,-1.028961595147848129e-02,1.290120631456375122e-01,1.457393467426300049e-01
8.710235595703125000e+00,-1.040107011795043945e-01,1.743985712528228760e-01,3.141761779785156250e+00,9.214200973510742188e-01,-7.092208862304687500e-01,-3.265453338623046875e+00,-1.956700444221496582e+00,1.888559579849243164e+00,2.844902515411376953e+00,-2.796661257743835449e-01,2.712866663932800293e-02,-7.916250228881835938e-01,4.535111486911773682e-01,1.433943808078765869e-01,5.368206977844238281e+00,-2.057279825210571289e+00,1.674226403236389160e+00,9.577837944030761719e+00,2.558023333549499512e-01,2.170293331146240234e-01,-3.364406347274780273e+00,3.790229558944702148e-01,4.805649518966674805e-01,5.640328407287597656e+00,-1.524621725082397461e+00,4.124905467033386230e-01,1.503056812286376953e+01,-1.551901102066040039e-01,1.662599802017211914e+00,4.947656393051147461e-02,6.791035532951354980e-01,1.426192760467529297e+00,-3.710742294788360596e-01,-1.475272059440612793e+00,-1.253647804260253906e-01,1.128477954864501953e+01,0.000000000000000000e+00,0.000000000000000000e+00,0.000000000000000000e+00,9.824080467224121094e-01,-1.382923685014247894e-02,1.156744062900543213e-01,1.459545046091079712e-01
8.730075836181640625e+00,-9.922689199447631836e-02,8.177355527877807617e-01,3.908648490905761719e+00,9.096422195434570312e-01,-9.805075526237487793e-01,-2.523304700851440430e+00,-1.935453534126281738e+00,5.904276371002197266e-01,-1.327621102333068848e+00,-2.779403030872344971e-01,-2.286559045314788818e-01,-2.152230501174926758e+00,4.502411782741546631e-01,-7.479761242866516113e-01,3.018070459365844727e+00,-2.033189535140991211e+00,1.666138291358947754e+00,7.633821487426757812e+00,2.605255842208862305e-01,-4.650628566741943359e-02,-3.117023468017578125e+00,3.822324275970458984e-01,4.185566008090972900e-01,8.633660316467285156e+00,-1.521399140357971191e+00,5.297672748565673828e-01,1.446158695220947266e+01,-1.539183855056762695e-01,-9.301257133483886719e-02,2.226445436477661133e+00,6.859765052795410156e-01,-7.634781599044799805e-01,-1.385343790054321289e+00,-1.476204037666320801e+00,9.301257133483886719e-02,1.128477954864501953e+01,0.000000000000000000e+00,0.000000000000000000e+00,0.000000000000000000e+00,9.831470251083374023e-01,-1.410667411983013153e-02,1.104753613471984863e-01,1.449763327836990356e-01
8.750085830688476562e+00,-5.320501327514648438e-02,2.325314283370971680e+00,1.459558606147766113e+00,8.736422061920166016e-01,-1.848624944686889648e+00,-5.442422032356262207e-01,-1.962071418762207031e+00,-2.820707321166992188e+00,-2.418167114257812500e+00,-2.751244902610778809e-01,1.201412379741668701e-01,-1.286390662193298340e+00,4.328921735286712646e-01,-7.751047611236572266e-01,1.212175846099853516e+00,-1.994028806686401367e+00,1.247581720352172852e+00,4.599258899688720703e+00,2.484145909547805786e-01,-7.324740290641784668e-01,-3.537574291229248047e+00,3.710600137710571289e-01,-9.650054574012756348e-01,1.009321880340576172e+01,-1.484734296798706055e+00,2.230279684066772461e+00,1.436675739288330078e+01,-1.529495716094970703e-01,-7.751047611236572266e-03,3.042808771133422852e+00,6.631169915199279785e-01,-1.298300504684448242e+00,-9.647929668426513672e-01,-1.448527812957763672e+00,1.931021928787231445e+00,9.957158088684082031e+00,0.000000000000000000e+00,0.000000000000000000e+00,0.000000000000000000e+00,9.837894439697265625e-01,-1.333243213593959808e-02,1.064825728535652161e-01,1.436734497547149658e-01
8.770558357238769531e+00,-1.469200849533081055e-02,6.239593029022216797e-01,-1.410082101821899414e+00,8.440912961959838867e-01,-7.983579039573669434e-01,4.700273573398590088e-01,-2.021057367324829102e+00,-3.752855062484741211e+00,-4.741504192352294922e-01,-2.745189368724822998e-01,-1.395188570022583008e-01,0.000000000000000000e+00,4.199333786964416504e-01,-1.189785838127136230e+00,7.916250228881835938e-01,-1.976952314376831055e+00,1.011006161570549011e-01,8.534707427024841309e-01,2.348199933767318726e-01,-7.208474278450012207e-01,-4.180769443511962891e+00,3.480490446090698242e-01,-1.654848575592041016e+00,8.015203475952148438e+00,-1.447216510772705078e+00,2.501229524612426758e+00,1.578920841217041016e+01,-1.603977680206298828e-01,-6.859677433967590332e-01,2.943855524063110352e+00,6.352616548538208008e-01,-2.057903289794921875e+00,-1.063746094703674316e+00,-1.415117144584655762e+00,2.060430765151977539e+00,8.202801704406738281e+00,0.000000000000000000e+00,0.000000000000000000e+00,0.000000000000000000e+00,9.835350513458251953e-01,-9.229478426277637482e-03,1.087430194020271301e-01,1.440439820289611816e-01
8.790235519409179688e+00,1.900076866149902344e-03,-2.170293331146240234e-01,-3.018070459365844727e+00,8.117852210998535156e-01,-1.565711617469787598e+00,2.300660133361816406e+00,-2.081907272338867188e+00,-3.014820575714111328e+00,4.741504043340682983e-02,-2.855702340602874756e-01,-6.898432374000549316e-01,3.710742294788360596e-01,3.997685611248016357e-01,-4.650628864765167236e-01,9.647929668426513672e-01,-1.978942632675170898e+00,-3.295880258083343506e-01,-7.112256288528442383e-01,2.123237699270248413e-01,-1.232416629791259766e+00,-3.265453338623046875e+00,3.021483421325683594e-01,-3.131423234939575195e+00,5.219777584075927734e+00,-1.394754767417907715e+00,3.354518651962280273e+00,1.683234024047851562e+01,-1.763843297958374023e-01,-1.038640379905700684e+00,3.463359355926513672e+00,5.956586599349975586e-01,-1.573462605476379395e+00,2.473828196525573730e-01,-1.366604685783386230e+00,3.006732463836669922e+00,5.073409557342529297e+00,0.000000000000000000e+00,0.000000000000000000e+00,0.000000000000000000e+00,9.825113415718078613e-01,-1.278774579986929893e-03,1.174457222223281860e-01,1.444862931966781616e-01
8.810005187988281250e+00,-5.336225032806396484e-03,-1.402939677238464355e+00,-2.251183748245239258e+00,8.018541932106018066e-01,-1.034764885902404785e+00,2.152230501174926758e+00,-2.100689888000488281e+00,-2.343512296676635742e+00,3.319052755832672119e-01,-2.908385396003723145e-01,-3.875523805618286133e-01,2.473828196525573730e-01,3.936827778816223145e-01,-8.642418384552001953e-01,1.187437534332275391e+00,-1.982812881469726562e+00,-6.227797865867614746e-01,-5.215654373168945312e-01,2.017871886491775513e-01,-1.011511802673339844e+00,-3.042808771133422852e+00,2.827404737472534180e-01,-2.720617771148681641e+00,5.541375160217285156e+00,-1.370948791503906250e+00,3.308012247085571289e+00,1.678492355346679688e+01,-1.831967830657958984e-01,-7.712292671203613281e-01,3.488097667694091797e+00,5.819429159164428711e-01,-2.329189777374267578e+00,9.895312786102294922e-01,-1.346005439758300781e+00,2.764091014862060547e+00,4.836334228515625000e+00,0.000000000000000000e+00,0.000000000000000000e+00,0.000000000000000000e+00,9.816099405288696289e-01,2.491540974006056786e-03,1.241476535797119141e-01,1.449933648109436035e-01
8.831634521484375000e+00,-5.390143394470214844e-02,-2.457082033157348633e+00,-1.459558606147766113e+00,8.171746134757995605e-01,1.635471105575561523e+00,2.003800868988037109e+00,-2.136217355728149414e+00,-1.759150773286819458e-01,6.163955330848693848e-01,-2.972270846366882324e-01,-1.433943808078765869e-01,-5.937187671661376953e-01,3.587727546691894531e-01,-1.461072564125061035e+00,6.926718950271606445e-01,-2.039271354675292969e+00,-2.733760833740234375e+00,-4.741504043340682983e-02,1.972758322954177856e-01,5.115691423416137695e-01,-1.162699222564697266e+00,1.809171438217163086e-01,-3.883275032043457031e+00,1.410082101821899414e+00,-1.285866260528564453e+00,2.549757719039916992e+00,1.379777717590332031e+01,-1.653633117675781250e-01,1.891255617141723633e+00,1.929585933685302734e+00,5.304711461067199707e-01,-3.332950472831726074e-01,2.943855524063110352e+00,-1.286529779434204102e+00,1.192987322807312012e+00,-5.215654373168945312e-01,0.000000000000000000e+00,0.000000000000000000e+00,0.000000000000000000e+00,9.773543477058410645e-01,3.707132069393992424e-03,1.514760106801986694e-01,1.477155536413192749e-01
8.850085258483886719e+00,-9.498804807662963867e-02,-6.084572076797485352e-01,4.205507934093475342e-01,8.512368202209472656e-01,3.177929520606994629e-01,-3.215976655483245850e-01,-2.124432563781738281e+00,1.348682284355163574e+00,1.849186539649963379e+00,-3.001640141010284424e-01,-3.216684758663177490e-01,-1.113222718238830566e+00,3.242260813713073730e-01,-2.127662658691406250e+00,3.562312602996826172e+00,-2.092649221420288086e+00,-2.416304826736450195e+00,4.504428863525390625e+00,2.167140096426010132e-01,1.282798409461975098e+00,-8.411015868186950684e-01,1.177884340286254883e-01,-2.499712944030761719e+00,2.919117212295532227e+00,-1.238459587097167969e+00,5.681855082511901855e-01,5.784635066986083984e+00,-1.206433773040771484e-01,1.678101778030395508e+00,-2.473828196525573730e-02,5.347099900245666504e-01,-3.642992377281188965e-01,-2.473828196525573730e-01,-1.284665822982788086e+00,-6.955722570419311523e-01,-1.137960910797119141e+00,0.000000000000000000e+00,0.000000000000000000e+00,0.000000000000000000e+00,9.729628562927246094e-01,-6.882433313876390457e-03,1.751041114330291748e-01,1.504474729299545288e-01
8.870317459106445312e+00,-1.054337620735168457e-01,-1.627719998359680176e-01,2.226445436477661133e+00,8.633781075477600098e-01,-2.209048718214035034e-01,-3.784957170486450195e+00,-2.103422641754150391e+00,2.438547134399414062e+00,2.987147569656372070e+00,-3.051295280456542969e-01,-5.813285708427429199e-01,-6.926718950271606445e-01,2.910116314888000488e-01,-2.367944955825805664e+00,4.626058578491210938e+00,-2.126881361007690430e+00,-2.274763822555541992e+00,1.118994998931884766e+01,2.338813692331314087e-01,1.693603873252868652e+00,-2.721211016178131104e-01,9.050834178924560547e-02,-1.895131230354309082e+00,2.251183748245239258e+00,-1.239407300949096680e+00,-1.055490493774414062e+00,-1.280206084251403809e+00,-1.005693674087524414e-01,1.329304695129394531e+00,-1.706941485404968262e+00,5.319850444793701172e-01,-9.301257729530334473e-01,-2.251183748245239258e+00,-1.299751877784729004e+00,-1.316330075263977051e+00,-6.163955330848693848e-01,0.000000000000000000e+00,0.000000000000000000e+00,0.000000000000000000e+00,9.699383378028869629e-01,-1.475090347230434418e-02,1.893963813781738281e-01,1.520888507366180420e-01
8.890748977661132812e+00,-1.160309314727783203e-01,-5.425733327865600586e-02,3.859171867370605469e+00,8.523268103599548340e-01,9.766320586204528809e-01,-5.838234424591064453e+00,-2.084750652313232422e+00,-3.237242221832275391e+00,8.961442947387695312e+00,-3.233868777751922607e-01,-5.619509220123291016e-01,-6.679335832595825195e-01,2.553144693374633789e-01,-4.805649518966674805e-01,5.665066719055175781e+00,-2.176878690719604492e+00,-1.704556584358215332e+00,1.616852951049804688e+01,2.564684152603149414e-01,1.015387177467346191e+00,-7.421484589576721191e-02,7.866990566253662109e-02,5.697020292282104492e-01,2.473828196525573730e-01,-1.299704313278198242e+00,-3.700282573699951172e+00,-3.224222660064697266e+00,-8.555173873901367188e-02,1.085146665573120117e-01,-2.498566389083862305e+00,5.241430997848510742e-01,-7.634781599044799805e-01,-2.424351692199707031e+00,-1.322720646858215332e+00,-7.016382813453674316e-01,-6.163955330848693848e-01,0.000000000000000000e+00,0.000000000000000000e+00,0.000000000000000000e+00,9.659506082534790039e-01,-2.263447828590869904e-02,2.076205462217330933e-01,1.527118831872940063e-01
8.910593986511230469e+00,-9.308052062988281250e-02,6.510879993438720703e-01,3.587050914764404297e+00,8.702511191368103027e-01,7.363495230674743652e-01,-4.898180007934570312e+00,-2.109093904495239258e+00,1.011006236076354980e+00,1.161668491363525391e+01,-3.293212652206420898e-01,-1.743985712528228760e-01,-1.880109429359436035e+00,2.620966434478759766e-01,1.201412320137023926e+00,7.075148582458496094e+00,-2.192896842956542969e+00,-5.863836035132408142e-02,1.872894096374511719e+01,2.675197124481201172e-01,-6.588390469551086426e-02,-7.421484589576721191e-02,1.026194095611572266e-01,2.406700372695922852e+00,-7.421484589576721191e-02,-1.388957262039184570e+00,-5.251166343688964844e+00,-1.896601676940917969e+00,-9.784436225891113281e-02,-1.383561968803405762e+00,-1.682203173637390137e+00,5.063399672508239746e-01,-1.154906034469604492e+00,-2.473828196525573730e-01,-1.331424832344055176e+00,-3.275660276412963867e-01,-2.844902276992797852e-01,0.000000000000000000e+00,0.000000000000000000e+00,0.000000000000000000e+00,9.658888578414916992e-01,-2.612096816301345825e-02,2.072967886924743652e-01,1.529859751462936401e-01
8.932206153869628906e+00,-9.916633367538452148e-02,4.379341900348663330e-01,3.438621282577514648e+00,8.955631256103515625e-01,1.170408129692077637e+00,-5.046609401702880859e+00,-2.091085433959960938e+00,1.593345761299133301e+00,1.142702484130859375e+01,-3.178763687610626221e-01,1.015387177467346191e+00,-2.671734333038330078e+00,3.063321113586425781e-01,3.019032955169677734e+00,5.862972736358642578e+00,-2.193149566650390625e+00,1.637830138206481934e-01,1.872894096374511719e+01,2.650672197341918945e-01,1.937761902809143066e-02,-2.473828196525573730e-02,1.732568740844726562e-01,4.604122161865234375e+00,1.360605478286743164e+00,-1.496076583862304688e+00,-4.054134845733642578e+00,1.232791066169738770e+00,-1.295449733734130859e-01,-1.182034730911254883e+00,4.947656393051147461e-02,5.025552511215209961e-01,1.333180189132690430e+00,4.205507934093475342e-01,-1.333573222160339355e+00,4.751729369163513184e-01,1.232791066169738770e+00,0.000000000000000000e+00,0.000000000000000000e+00,0.000000000000000000e+00,9.690803885459899902e-01,-2.587756887078285217e-02,1.931097060441970825e-01,1.514011323451995850e-01
8.951577186584472656e+00,-8.911418914794921875e-02,8.293620944023132324e-01,3.265453338623046875e+00,9.152435064315795898e-01,1.976517200469970703e+00,-5.714543342590332031e+00,-2.064419984817504883e+00,2.288918018341064453e+00,1.043130874633789062e+01,-3.062497973442077637e-01,1.197536826133728027e+00,-2.770687580108642578e+00,3.488417267799377441e-01,3.518975496292114258e+00,4.279722690582275391e+00,-2.186309576034545898e+00,1.199053406715393066e+00,1.716424369812011719e+01,2.648855447769165039e-01,1.278922855854034424e-01,5.689804553985595703e-01,2.260305881500244141e-01,4.859907150268554688e+00,2.721210956573486328e+00,-1.533941864967346191e+00,-3.105811119079589844e+00,4.788918972015380859e+00,-1.406568288803100586e-01,-4.069300293922424316e-01,1.731679737567901611e-01,5.159076452255249023e-01,1.449445962905883789e+00,5.442422032356262207e-01,-1.323731660842895508e+00,1.381034493446350098e+00,2.607827186584472656e+00,0.000000000000000000e+00,0.000000000000000000e+00,0.000000000000000000e+00,9.722207784652709961e-01,-2.630377002060413361e-02,1.765991151332855225e-01,1.513527780771255493e-01
8.970520019531250000e+00,-1.004682779312133789e-01,-1.228541016578674316e+00,4.527105808258056641e+00,9.537868499755859375e-01,1.147155046463012695e+00,-6.283523559570312500e+00,-2.014185667037963867e+00,1.364858388900756836e+00,7.444161415100097656e+00,-2.884163260459899902e-01,-1.356433331966400146e-01,-2.127492189407348633e+00,4.209628105163574219e-01,2.282683372497558594e+00,2.102753877639770508e+00,-2.135885715484619141e+00,2.745892763137817383e+00,1.417709732055664062e+01,2.607678174972534180e-01,-3.255439996719360352e-01,-1.731679737567901611e-01,3.432954549789428711e-01,5.154446601867675781e+00,3.042808771133422852e+00,-1.517939567565917969e+00,3.473817348480224609e+00,6.495860576629638672e+00,-1.326333284378051758e-01,-2.212924003601074219e+00,1.706941485404968262e+00,6.199412345886230469e-01,4.677757263183593750e+00,-2.844902515411376953e+00,-1.407882213592529297e+00,-5.869902133941650391e+00,1.057355403900146484e+01,0.000000000000000000e+00,0.000000000000000000e+00,0.000000000000000000e+00,9.775446057319641113e-01,-1.914026774466037750e-02,1.439886540174484253e-01,1.526677757501602173e-01
8.990514755249023438e+00,-9.962046146392822266e-02,9.184991717338562012e-01,4.675535202026367188e+00,9.663822650909423828e-01,1.937761902809143066e-02,-5.021871089935302734e+00,-1.976478338241577148e+00,2.541669607162475586e+00,4.219938755035400391e+00,-2.750033736228942871e-01,1.534707427024841309e+00,-5.937187671661376953e-01,4.585977792739868164e-01,1.244043111801147461e+00,4.626058578491210938e+00,-2.090753555297851562e+00,2.078628778457641602e+00,1.299172115325927734e+01,2.383321672677993774e-01,-7.208474278450012207e-01,-2.721210956573486328e+00,3.784779310226440430e-01,2.778750658035278320e+00,2.251183748245239258e+00,-1.526675343513488770e+00,-1.844075441360473633e+00,1.247015571594238281e+01,-1.588839292526245117e-01,4.456852376461029053e-01,-1.286390662193298340e+00,6.857343316078186035e-01,1.786616444587707520e+00,-2.078015804290771484e+00,-1.464925050735473633e+00,-9.644999504089355469e-01,9.862328529357910156e+00,0.000000000000000000e+00,0.000000000000000000e+00,0.000000000000000000e+00,9.799804091453552246e-01,-1.456122379750013351e-02,1.245015785098075867e-01,1.546796411275863647e-01
9.010308265686035156e+00,-9.132444858551025391e-02,1.511454284191131592e-01,4.304461002349853516e+00,9.569962024688720703e-01,-1.015387177467346191e+00,-4.997132778167724609e+00,-1.942988753318786621e+00,1.997748374938964844e+00,1.469866275787353516e+00,-2.589562833309173584e-01,-1.433943808078765869e-01,-1.607988357543945312e+00,4.649560749530792236e-01,-3.487971425056457520e-01,2.498566389083862305e+00,-2.059317588806152344e+00,2.214103698730468750e+00,1.066838455200195312e+01,2.428132444620132446e-01,7.169718742370605469e-01,-2.869640827178955078e+00,4.040625095367431641e-01,8.681173324584960938e-01,5.096086025238037109e+00,-1.533831357955932617e+00,6.551320552825927734e-01,1.337104129791259766e+01,-1.439571380615234375e-01,1.170408129692077637e+00,-2.226445376873016357e-01,7.010244727134704590e-01,5.852040648460388184e-01,-1.706941485404968262e+00,-1.467405200004577637e+00,2.628616243600845337e-02,1.047872352600097656e+01,0.000000000000000000e+00,0.000000000000000000e+00,0.000000000000000000e+00,9.809371829032897949e-01,-1.753270067274570465e-02,1.149842143058776855e-01,1.556715667247772217e-01
9.030627250671386719e+00,-7.815372943878173828e-02,1.340931177139282227e+00,3.661265850067138672e+00,9.257195591926574707e-01,-2.026898860931396484e+00,-3.117023468017578125e+00,-1.923400521278381348e+00,-7.865628600120544434e-01,-2.465582132339477539e+00,-2.644062638282775879e-01,3.875523805618286133e-02,-2.300660133361816406e+00,4.538139402866363525e-01,-6.975942850112915039e-01,1.558511734008789062e+00,-2.019035339355468750e+00,1.399232625961303711e+00,7.396746158599853516e+00,2.396038323640823364e-01,-8.293620944023132324e-01,-3.191238403320312500e+00,4.035780429840087891e-01,-4.146810472011566162e-01,7.965726852416992188e+00,-1.508334994316101074e+00,1.979550123214721680e+00,1.322879600524902344e+01,-1.376291513442993164e-01,3.371705710887908936e-01,1.484296917915344238e+00,6.956653594970703125e-01,-8.603663444519042969e-01,-2.127492189407348633e+00,-1.455841779708862305e+00,1.688380479812622070e+00,8.866612434387207031e+00,0.000000000000000000e+00,0.000000000000000000e+00,0.000000000000000000e+00,9.819168448448181152e-01,-1.722519658505916595e-02,1.077756285667419434e-01,1.546839028596878052e-01
9.050322532653808594e+00,-4.054903984069824219e-02,2.162542343139648438e+00,5.689804553985595703e-01,8.770937919616699219e-01,-2.553970098495483398e+00,-2.721211016178131104e-01,-1.964835882186889648e+00,-3.358562469482421875e+00,-2.702657222747802734e+00,-2.640731930732727051e-01,-2.364069521427154541e-01,-1.088484406471252441e+00,4.379788041114807129e-01,-1.561836004257202148e+00,1.236914098262786865e-01,-1.990316510200500488e+00,9.200156331062316895e-01,2.844902515411376953e+00,2.293094843626022339e-01,-7.751047611236572266e-01,-3.488097667694091797e+00,3.847454786300659180e-01,-1.352557778358459473e+00,9.054211616516113281e+00,-1.468068599700927734e+00,2.325314283370971680e+00,1.441417217254638672e+01,-1.389915943145751953e-01,-2.519090473651885986e-01,2.424351692199707031e+00,6.698083281517028809e-01,-1.736234664916992188e+00,-2.028539180755615234e+00,-1.418071150779724121e+00,2.036166667938232422e+00,8.487292289733886719e+00,0.000000000000000000e+00,0.000000000000000000e+00,0.000000000000000000e+00,9.820740222930908203e-01,-1.498404890298843384e-02,1.068408936262130737e-01,1.545680910348892212e-01
9.070885658264160156e+00,-1.342034339904785156e-02,8.681173324584960938e-01,-2.919117212295532227e+00,8.318895101547241211e-01,-2.674111366271972656e+00,2.399613380432128906e+00,-2.035432577133178711e+00,-4.151191711425781250e+00,-5.215654373168945312e-01,-2.742767333984375000e-01,-8.254866003990173340e-01,3.215976655483245850e-01,4.189039468765258789e-01,-1.096773266792297363e+00,5.689804553985595703e-01,-1.978026390075683594e+00,-1.132326945662498474e-01,-2.370752096176147461e-01,2.075399309396743774e-01,-1.267296314239501953e+00,-3.364406347274780273e+00,3.479279279708862305e-01,-2.437704563140869141e+00,6.407215118408203125e+00,-1.419176936149597168e+00,3.510213613510131836e+00,1.522022819519042969e+01,-1.522228717803955078e-01,-9.960095882415771484e-01,2.548043012619018555e+00,6.316586732864379883e-01,-2.317563056945800781e+00,-7.916250228881835938e-01,-1.372070431709289551e+00,2.650858402252197266e+00,6.069125175476074219e+00,0.000000000000000000e+00,0.000000000000000000e+00,0.000000000000000000e+00,9.814798831939697266e-01,-9.250494651496410370e-03,1.120649948716163635e-01,1.550912261009216309e-01
9.092020034790039062e+00,-7.697880268096923828e-03,-7.828558087348937988e-01,-3.710742235183715820e+00,8.017633557319641113e-01,-1.209163427352905273e+00,3.908648490905761719e+00,-2.086598873138427734e+00,-3.411135196685791016e+00,2.844902276992797852e-01,-2.885374426841735840e-01,-9.533789157867431641e-01,2.226445376873016357e-01,4.006768763065338135e-01,-1.511454224586486816e+00,2.473828196525573730e-02,-1.984313726425170898e+00,-8.350911140441894531e-01,-1.659526467323303223e+00,1.902514547109603882e-01,-9.650054574012756348e-01,-1.929585933685302734e+00,3.071441650390625000e-01,-3.836768627166748047e+00,3.636527538299560547e+00,-1.373902797698974609e+00,3.055260658264160156e+00,1.640560340881347656e+01,-1.643640995025634766e-01,-5.929551720619201660e-01,3.339668035507202148e+00,5.977175235748291016e-01,-1.627720117568969727e+00,5.689804553985595703e-01,-1.331851363182067871e+00,2.869235515594482422e+00,2.607827186584472656e+00,0.000000000000000000e+00,0.000000000000000000e+00,0.000000000000000000e+00,9.803300499916076660e-01,-2.780512440949678421e-03,1.212430447340011597e-01,1.557092368602752686e-01
9.110768318176269531e+00,-4.575675725936889648e-02,-2.398949146270751953e+00,-2.078015804290771484e+00,8.105741143226623535e-01,1.856375932693481445e+00,2.968593835830688477e+00,-2.135538101196289062e+00,-1.205119371414184570e+00,1.422451257705688477e+00,-2.981657087802886963e-01,-8.138599991798400879e-02,-2.721211016178131104e-01,3.651915788650512695e-01,-1.387437462806701660e+00,8.411015868186950684e-01,-2.022005081176757812e+00,-2.129179239273071289e+00,-8.060556650161743164e-01,1.774137765169143677e-01,2.519090473651885986e-01,-1.187437534332275391e+00,2.290886640548706055e-01,-4.367715358734130859e+00,2.498566389083862305e+00,-1.300999879837036133e+00,3.237242221832275391e+00,1.522022819519042969e+01,-1.640614271163940430e-01,1.096773266792297363e+00,2.399613380432128906e+00,5.484257340431213379e-01,-1.875753521919250488e+00,2.523304700851440430e+00,-1.272976040840148926e+00,2.165575265884399414e+00,-5.215654373168945312e-01,0.000000000000000000e+00,0.000000000000000000e+00,0.000000000000000000e+00,9.771332740783691406e-01,7.373787811957299709e-04,1.423115283250808716e-01,1.579795926809310913e-01
9.131551742553710938e+00,-8.678281307220458984e-02,-1.608342289924621582e+00,4.947656393051147461e-02,8.575042486190795898e-01,1.868002533912658691e+00,0.000000000000000000e+00,-2.132094383239746094e+00,1.283977866172790527e+00,1.659526467323303223e+00,-2.948957383632659912e-01,2.402824759483337402e-01,-1.212175846099853516e+00,3.432706594467163086e-01,-8.526152372360229492e-01,2.548043012619018555e+00,-2.067374229431152344e+00,-2.078628778457641602e+00,2.844902515411376953e+00,1.904936879873275757e-01,9.495033025741577148e-01,-6.926718950271606445e-01,1.562409400939941406e-01,-2.743870973587036133e+00,1.929585933685302734e+00,-1.247606039047241211e+00,1.393166661262512207e+00,7.776066780090332031e+00,-1.261842250823974609e-01,2.096658229827880859e+00,4.700273573398590088e-01,5.287755727767944336e-01,-2.015272378921508789e-01,8.658398389816284180e-01,-1.257321238517761230e+00,-4.145125746726989746e-01,-1.801771521568298340e+00,0.000000000000000000e+00,0.000000000000000000e+00,0.000000000000000000e+00,9.729118347167968750e-01,-9.173405356705188751e-03,1.656051874160766602e-01,1.610389351844787598e-01
9.150163650512695312e+00,-1.053429245948791504e-01,-7.673537135124206543e-01,2.449090003967285156e+00,8.769121766090393066e-01,9.146236181259155273e-01,-5.046609401702880859e+00,-2.108461856842041016e+00,2.448657035827636719e+00,2.465582132339477539e+00,-2.982262372970581055e-01,-4.301831722259521484e-01,-7.421484589576721191e-01,3.177769780158996582e-01,-2.402824640274047852e+00,3.587050914764404297e+00,-2.104670763015747070e+00,-2.582109928131103516e+00,9.103687286376953125e+00,2.043002396821975708e-01,1.406815171241760254e+00,-7.421484589576721191e-02,1.251459121704101562e-01,-2.061778545379638672e+00,2.399613380432128906e+00,-1.233325481414794922e+00,-3.093678951263427734e-01,-1.422451138496398926e-01,-1.045962572097778320e-01,8.874949812889099121e-01,-7.668867111206054688e-01,5.232954025268554688e-01,-1.565711617469787598e+00,-1.286390662193298340e+00,-1.270811796188354492e+00,-1.376990437507629395e+00,-1.090545892715454102e+00,0.000000000000000000e+00,0.000000000000000000e+00,0.000000000000000000e+00,9.699103832244873047e-01,-1.662331819534301758e-02,1.801152676343917847e-01,1.629608273506164551e-01
9.170878410339355469e+00,-1.003774404525756836e-01,-7.557271122932434082e-01,3.710742235183715820e+00,8.479365706443786621e-01,-1.585089206695556641e+00,-5.120824337005615234e+00,-2.039887428283691406e+00,1.399232625961303711e+00,6.685520648956298828e+00,-3.160597085952758789e-01,-7.169718742370605469e-01,-5.195039510726928711e-01,2.764179110527038574e-01,-1.278922915458679199e+00,5.318730831146240234e+00,-2.148286342620849609e+00,-1.829921245574951172e+00,1.654784965515136719e+01,2.335483282804489136e-01,1.352557778358459473e+00,2.721211016178131104e-01,9.983384609222412109e-02,-6.317104101181030273e-01,3.215976655483245850e-01,-1.270953893661499023e+00,-3.142207145690917969e+00,-2.844902515411376953e+00,-8.927583694458007812e-02,2.364069521427154541e-01,-2.078015804290771484e+00,5.073693990707397461e-01,-8.603663444519042969e-01,-2.201707124710083008e+00,-1.303100824356079102e+00,-1.197031378746032715e+00,-6.638105511665344238e-01,0.000000000000000000e+00,0.000000000000000000e+00,0.000000000000000000e+00,9.656453132629394531e-01,-2.780540846288204193e-02,1.991317719221115112e-01,1.646283119916915894e-01
9.190362930297851562e+00,-1.053126454353332520e-01,1.023138284683227539e+00,2.646996259689331055e+00,8.628937005996704102e-01,1.046391487121582031e+00,-4.477629184722900391e+00,-2.082096815109252930e+00,-1.399232625961303711e+00,7.444161415100097656e+00,-3.195416331291198730e-01,-1.123901903629302979e-01,-9.400547146797180176e-01,2.658510208129882812e-01,1.588964760303497314e-01,5.343468666076660156e+00,-2.177494764328002930e+00,-4.165345728397369385e-01,1.820737457275390625e+01,2.470823675394058228e-01,1.104524254798889160e+00,3.710742294788360596e-01,1.071610450744628906e-01,9.495033025741577148e-01,-1.484296917915344238e-01,-1.340460658073425293e+00,-4.626364231109619141e+00,-1.896601676940917969e+00,-9.281837940216064453e-02,-6.704655885696411133e-01,-1.731679677963256836e+00,4.926847815513610840e-01,-8.332375884056091309e-01,-8.411015868186950684e-01,-1.321614861488342285e+00,-8.047609329223632812e-01,-2.370752096176147461e-01,0.000000000000000000e+00,0.000000000000000000e+00,0.000000000000000000e+00,9.644933938980102539e-01,-3.445495292544364929e-02,2.037385553121566772e-01,1.644869446754455566e-01
9.210580825805664062e+00,-8.847832679748535156e-02,-4.689383804798126221e-01,3.488097667694091797e+00,8.722494244575500488e-01,1.228541016578674316e+00,-4.477629184722900391e+00,-2.075651645660400391e+00,1.130305051803588867e+00,1.062096881866455078e+01,-3.175130486488342285e-01,2.790377140045166016e-01,-1.979062557220458984e+00,2.859855890274047852e-01,2.050152063369750977e+00,6.654597759246826172e+00,-2.179485321044921875e+00,1.819811202585697174e-02,1.939275169372558594e+01,2.572556138038635254e-01,-1.007636189460754395e-01,1.236914098262786865e-01,1.427371501922607422e-01,3.918154716491699219e+00,9.647929668426513672e-01,-1.418466091156005859e+00,-4.042003154754638672e+00,-4.741504043340682983e-02,-1.163742542266845703e-01,-1.441694855690002441e+00,-5.442422032356262207e-01,4.793626666069030762e-01,1.627719998359680176e-01,5.195039510726928711e-01,-1.328913092613220215e+00,8.290250599384307861e-02,7.112256288528442383e-01,0.000000000000000000e+00,0.000000000000000000e+00,0.000000000000000000e+00,9.659743905067443848e-01,-3.558699041604995728e-02,1.970456689596176147e-01,1.637072712182998657e-01
9.231896400451660156e+00,-9.683495759963989258e-02,1.007636189460754395e-01,3.240715026855468750e+00,8.916270732879638672e-01,1.736234664916992188e+00,-4.180769443511962891e+00,-2.057879924774169922e+00,1.696468472480773926e+00,8.866612434387207031e+00,-3.120630979537963867e-01,2.325314283370971680e-02,-2.671734333038330078e+00,3.194119930267333984e-01,2.964775800704956055e+00,4.922918319702148438e+00,-2.178363561630249023e+00,2.790377140045166016e-01,1.906084632873535156e+01,2.597686648368835449e-01,4.418097436428070068e-01,5.442422032356262207e-01,1.881836652755737305e-01,4.452977180480957031e+00,2.919117212295532227e+00,-1.473834395408630371e+00,-3.322166442871093750e+00,2.655242204666137695e+00,-1.363574266433715820e-01,-9.301257729530334473e-01,4.205507934093475342e-01,4.857815206050872803e-01,9.262501597404479980e-01,9.647929668426513672e-01,-1.323984384536743164e+00,7.946509122848510742e-01,2.323337078094482422e+00,0.000000000000000000e+00,0.000000000000000000e+00,0.000000000000000000e+00,9.686426520347595215e-01,-3.442759066820144653e-02,1.844607591629028320e-01,1.628508567810058594e-01
9.250207901000976562e+00,-1.005590558052062988e-01,-1.716857075691223145e+00,4.749750137329101562e+00,9.320778250694274902e-01,1.352557778358459473e+00,-4.626058578491210938e+00,-2.010725975036621094e+00,1.704556584358215332e+00,7.444161415100097656e+00,-3.069461882114410400e-01,1.588964760303497314e-01,-2.003800868988037109e+00,3.950755298137664795e-01,2.767123937606811523e+00,3.982863426208496094e+00,-2.141098499298095703e+00,2.551779747009277344e+00,1.640560340881347656e+01,2.649763822555541992e-01,1.317678093910217285e-01,1.484296917915344238e-01,3.038741350173950195e-01,5.662140369415283203e+00,3.587050914764404297e+00,-1.499267578125000000e+00,1.585257768630981445e+00,4.314768791198730469e+00,-1.263053417205810547e-01,-1.162657141685485840e+00,1.261652350425720215e+00,5.674097537994384766e-01,5.189326286315917969e+00,-2.251183748245239258e+00,-1.354646325111389160e+00,-6.124675750732421875e+00,1.095287418365478516e+01,0.000000000000000000e+00,0.000000000000000000e+00,0.000000000000000000e+00,9.745612740516662598e-01,-2.649377472698688507e-02,1.513698101043701172e-01,1.631429791450500488e-01
9.270176887512207031e+00,-1.143050789833068848e-01,5.774530172348022461e-01,4.799226760864257812e+00,9.527876377105712891e-01,4.611873328685760498e-01,-3.784957170486450195e+00,-1.975577831268310547e+00,2.167597532272338867e+00,5.689805030822753906e+00,-2.901724278926849365e-01,1.321553707122802734e+00,-1.236914098262786865e-01,4.427323639392852783e-01,2.034650087356567383e+00,4.576581954956054688e+00,-2.092633485794067383e+00,2.141311168670654297e+00,1.322879600524902344e+01,2.534406781196594238e-01,-2.007521390914916992e+00,-5.689804553985595703e-01,3.621886968612670898e-01,1.902882218360900879e+00,3.265453338623046875e+00,-1.503485321998596191e+00,-1.910801649093627930e+00,1.185375976562500000e+01,-1.697535514831542969e-01,-1.267296314239501953e+00,3.710742294788360596e-01,6.517629623413085938e-01,3.441465377807617188e+00,-1.459558606147766113e+00,-1.448575139045715332e+00,-2.679166555404663086e+00,1.009940338134765625e+01,0.000000000000000000e+00,0.000000000000000000e+00,0.000000000000000000e+00,9.774914383888244629e-01,-1.593996398150920868e-02,1.312913149595260620e-01,1.643748730421066284e-01
9.289999008178710938e+00,-1.031932234764099121e-01,4.728139042854309082e-01,3.463359355926513672e+00,9.480037689208984375e-01,-4.573118090629577637e-01,-4.007601737976074219e+00,-1.933668494224548340e+00,2.137267112731933594e+00,2.133676767349243164e+00,-2.707342505455017090e-01,7.363495230674743652e-02,-8.658398389816284180e-01,4.595364034175872803e-01,4.146810472011566162e-01,4.057078361511230469e+00,-2.056758642196655273e+00,1.698490500450134277e+00,1.057355403900146484e+01,2.469310015439987183e-01,6.627146005630493164e-01,-2.844902515411376953e+00,4.030330181121826172e-01,1.480450034141540527e+00,5.417683601379394531e+00,-1.523089408874511719e+00,2.547735869884490967e-01,1.341845607757568359e+01,-1.512842178344726562e-01,1.705230474472045898e+00,4.947656393051147461e-02,6.846140623092651367e-01,1.542458534240722656e+00,-7.668867111206054688e-01,-1.469411373138427734e+00,-1.516509354114532471e-01,1.076321411132812500e+01,0.000000000000000000e+00,0.000000000000000000e+00,0.000000000000000000e+00,9.792184233665466309e-01,-1.981492713093757629e-02,1.160159707069396973e-01,1.651635915040969849e-01
9.310269355773925781e+00,-8.923530578613281250e-02,1.038640379905700684e+00,4.081816673278808594e+00,9.300189614295959473e-01,-1.244043111801147461e+00,-3.191238403320312500e+00,-1.906181812286376953e+00,-1.213207468390464783e-02,-1.849186539649963379e+00,-2.683725953102111816e-01,4.689383804798126221e-01,-2.646996259689331055e+00,4.588702917098999023e-01,-6.200838088989257812e-01,2.003800868988037109e+00,-2.021973609924316406e+00,2.163553237915039062e+00,8.250217437744140625e+00,2.554692625999450684e-01,-3.449216187000274658e-01,-3.067546844482421875e+00,4.137210845947265625e-01,1.278922855854034424e-01,8.138895034790039062e+00,-1.517465710639953613e+00,8.876634836196899414e-01,1.337104129791259766e+01,-1.431093215942382812e-01,-3.875523805618286133e-03,1.731679677963256836e+00,6.903062462806701660e-01,-2.635356187820434570e-01,-2.102753877639770508e+00,-1.468384504318237305e+00,3.841823637485504150e-01,1.028906345367431641e+01,0.000000000000000000e+00,0.000000000000000000e+00,0.000000000000000000e+00,9.803858399391174316e-01,-2.142607606947422028e-02,1.068457514047622681e-01,1.642207056283950806e-01
9.330346107482910156e+00,-5.184251070022583008e-02,1.976517200469970703e+00,1.484296917915344238e+00,8.900828957557678223e-01,-2.030774354934692383e+00,-9.400547146797180176e-01,-1.933289408683776855e+00,-2.820707321166992188e+00,-2.607827186584472656e+00,-2.649512588977813721e-01,-1.937761902809143066e-02,-1.880109429359436035e+00,4.442462325096130371e-01,-8.681173324584960938e-01,2.473828196525573730e-01,-1.986904382705688477e+00,1.156591057777404785e+00,4.646674156188964844e+00,2.407846599817276001e-01,-7.634781599044799805e-01,-3.389144659042358398e+00,4.053038358688354492e-01,-8.371132016181945801e-01,9.202640533447265625e+00,-1.481022119522094727e+00,2.127156972885131836e+00,1.384519195556640625e+01,-1.431093215942382812e-01,-2.519090473651885986e-01,3.067546844482421875e+00,6.753793954849243164e-01,-1.344806790351867676e+00,-1.731679677963256836e+00,-1.440581917762756348e+00,2.288918018341064453e+00,8.961442947387695312e+00,0.000000000000000000e+00,0.000000000000000000e+00,0.000000000000000000e+00,9.808582663536071777e-01,-1.958400011062622070e-02,1.037895604968070984e-01,1.635891944169998169e-01
9.350629806518554688e+00,-1.666003465652465820e-02,6.162083148956298828e-01,-1.385343790054321289e+00,8.491779565811157227e-01,-1.561836004257202148e+00,3.463359475135803223e-01,-1.997156500816345215e+00,-3.906528234481811523e+00,-9.957158565521240234e-01,-2.723995149135589600e-01,-5.425733327865600586e-01,0.000000000000000000e+00,4.296827316284179688e-01,-1.344806790351867676e+00,2.473828196525573730e-02,-1.970143795013427734e+00,1.981572210788726807e-01,6.163955330848693848e-01,2.239200621843338013e-01,-1.143279552459716797e+00,-3.859171867370605469e+00,3.772366046905517578e-01,-1.778865456581115723e+00,7.124625205993652344e+00,-1.440929293632507324e+00,2.994600534439086914e+00,1.517281341552734375e+01,-1.537669897079467773e-01,-8.293620944023132324e-01,2.745949268341064453e+00,6.440421342849731445e-01,-1.988143801689147949e+00,-1.187437534332275391e+00,-1.398356556892395020e+00,2.412260770797729492e+00,7.396746158599853516e+00,0.000000000000000000e+00,0.000000000000000000e+00,0.000000000000000000e+00,9.805269241333007812e-01,-1.402832474559545517e-02,1.066264882683753967e-01,1.643202602863311768e-01
9.371349334716796875e+00,-2.732396125793457031e-03,1.085146665573120117e-01,-2.919117212295532227e+00,8.197178840637207031e-01,-2.166417837142944336e+00,2.548043012619018555e+00,-2.046190261840820312e+00,-3.514257431030273438e+00,-1.422451138496398926e-01,-2.830269336700439453e-01,-1.019262671470642090e+00,5.195039510726928711e-01,4.131209254264831543e-01,-1.592840313911437988e+00,3.710742294788360596e-01,-1.969417095184326172e+00,-1.132326945662498474e-01,-1.137960910797119141e+00,2.062985450029373169e-01,-8.952460289001464844e-01,-3.636527538299560547e+00,3.489271402359008789e-01,-3.518975496292114258e+00,4.675535202026367188e+00,-1.403285145759582520e+00,3.200845718383789062e+00,1.683234024047851562e+01,-1.655449867248535156e-01,-5.386977791786193848e-01,2.869640827178955078e+00,6.134921312332153320e-01,-2.619854211807250977e+00,1.731679737567901611e-01,-1.364124536514282227e+00,3.198823690414428711e+00,4.646674156188964844e+00,0.000000000000000000e+00,0.000000000000000000e+00,0.000000000000000000e+00,9.797499179840087891e-01,-8.065745234489440918e-03,1.131652146577835083e-01,1.649809479713439941e-01
9.390322685241699219e+00,-2.486526966094970703e-02,-1.995894789695739746e+00,-3.042808771133422852e+00,7.872906923294067383e-01,-2.325314283370971680e-02,2.968593835830688477e+00,-2.120451927185058594e+00,-2.284874200820922852e+00,4.267353713512420654e-01,-2.968032062053680420e-01,-2.092783004045486450e-01,0.000000000000000000e+00,3.750015199184417725e-01,-1.379686474800109863e+00,7.916250228881835938e-01,-1.996856451034545898e+00,-2.149399280548095703e+00,-1.517281293869018555e+00,1.807745844125747681e-01,-3.953034579753875732e-01,-2.201707124710083008e+00,2.637866735458374023e-01,-4.030544757843017578e+00,2.745949268341064453e+00,-1.321614861488342285e+00,3.562786102294921875e+00,1.593145370483398438e+01,-1.818040609359741211e-01,8.138599991798400879e-02,2.869640827178955078e+00,5.575392246246337891e-01,-2.708991050720214844e+00,2.671734333038330078e+00,-1.290984511375427246e+00,2.729716777801513672e+00,9.008857607841491699e-01,0.000000000000000000e+00,0.000000000000000000e+00,0.000000000000000000e+00,9.767779707908630371e-01,6.557216984219849110e-04,1.342906355857849121e-01,1.669441908597946167e-01
9.410517692565917969e+00,-6.646656990051269531e-02,-2.321438789367675781e+00,-9.647929668426513672e-01,8.058508038520812988e-01,1.662599802017211914e+00,2.201707124710083008e+00,-2.145379543304443359e+00,-3.396981060504913330e-01,1.469866275787353516e+00,-2.957434952259063721e-01,3.449216187000274658e-01,-6.926718950271606445e-01,3.554725050926208496e-01,-6.317104101181030273e-01,1.484296917915344238e+00,-2.041403770446777344e+00,-2.143333196640014648e+00,5.215654373168945312e-01,1.816829293966293335e-01,5.464488863945007324e-01,-1.187437534332275391e+00,1.961164474487304688e-01,-3.790262460708618164e+00,1.113222718238830566e+00,-1.266925811767578125e+00,2.539647579193115234e+00,1.204341983795166016e+01,-1.645154953002929688e-01,1.662599802017211914e+00,1.781156301498413086e+00,5.238100886344909668e-01,-7.479761242866516113e-01,2.597519636154174805e+00,-1.249738693237304688e+00,1.255669713020324707e+00,-1.801771521568298340e+00,0.000000000000000000e+00,0.000000000000000000e+00,0.000000000000000000e+00,9.732780456542968750e-01,-1.405947725288569927e-03,1.552489846944808960e-01,1.691912114620208740e-01
9.430252075195312500e+00,-9.265667200088500977e-02,-9.068726301193237305e-01,1.039007902145385742e+00,8.321317434310913086e-01,1.364184379577636719e+00,-1.113222718238830566e+00,-2.139945268630981445e+00,1.045380473136901855e+00,3.129392623901367188e+00,-2.916560173034667969e-01,-5.813286080956459045e-02,-9.400547146797180176e-01,3.473581671714782715e-01,-9.340012669563293457e-01,2.548043012619018555e+00,-2.071671009063720703e+00,-2.357666492462158203e+00,5.642389774322509766e+00,1.911597698926925659e-01,1.042515873908996582e+00,-3.710742294788360596e-01,1.545454263687133789e-01,-3.317448377609252930e+00,2.721210956573486328e+00,-1.233941555023193359e+00,1.445738911628723145e+00,3.413882970809936523e+00,-1.409596204757690430e-01,1.701354861259460449e+00,4.452890753746032715e-01,5.232954025268554688e-01,-3.410460948944091797e-01,-3.710742294788360596e-01,-1.249122619628906250e+00,-7.198364734649658203e-01,-1.896601676940917969e+00,0.000000000000000000e+00,0.000000000000000000e+00,0.000000000000000000e+00,9.702251553535461426e-01,-8.449306711554527283e-03,1.713849753141403198e-01,1.709353774785995483e-01
9.450544357299804688e+00,-9.102165699005126953e-02,8.332375884056091309e-01,2.622257947921752930e+00,8.440307378768920898e-01,-8.564907312393188477e-01,-4.749750137329101562e+00,-2.074024677276611328e+00,3.930792093276977539e+00,3.034562587738037109e+00,-3.032825887203216553e-01,-1.108399748802185059e+00,-1.484296917915344238e-01,2.987626791000366211e-01,-1.697479486465454102e+00,4.304461002349853516e+00,-2.131968021392822266e+00,-1.872383475303649902e+00,1.299172115325927734e+01,2.197720557451248169e-01,1.174283742904663086e+00,4.947656393051147461e-02,1.165773868560791016e-01,-7.518516182899475098e-01,1.731679677963256836e+00,-1.247179508209228516e+00,-2.256565809249877930e+00,-2.418167114257812500e+00,-1.062313318252563477e-01,1.259545207023620605e+00,-1.410082101821899414e+00,5.192381739616394043e-01,2.635356187820434570e-01,-3.488097667694091797e+00,-1.283528447151184082e+00,-1.409342646598815918e+00,-6.638105511665344238e-01,0.000000000000000000e+00,0.000000000000000000e+00,0.000000000000000000e+00,9.647938609123229980e-01,-2.199191600084304810e-02,1.960887908935546875e-01,1.738920062780380249e-01
9.470101356506347656e+00,-9.486693143844604492e-02,1.201412379741668701e-01,3.141761779785156250e+00,8.390349745750427246e-01,1.100648760795593262e+00,-5.219777584075927734e+00,-2.084482192993164062e+00,-3.574917793273925781e+00,8.866612434387207031e+00,-3.129714131355285645e-01,-3.177929520606994629e-01,-6.926718950271606445e-01,2.769023180007934570e-01,-1.588964760303497314e-01,4.106554985046386719e+00,-2.168458938598632812e+00,-1.425518751144409180e+00,1.778063964843750000e+01,2.391193956136703491e-01,1.220790028572082520e+00,2.226445376873016357e-01,1.213612556457519531e-01,3.991789519786834717e-01,-1.484296917915344238e-01,-1.303811550140380859e+00,-4.001562595367431641e+00,-2.512997150421142578e+00,-8.633899688720703125e-02,8.293620944023132324e-01,-2.646996259689331055e+00,5.062491297721862793e-01,-8.758683800697326660e-01,-2.201707124710083008e+00,-1.305249214172363281e+00,-1.083798766136169434e+00,-6.638105511665344238e-01,0.000000000000000000e+00,0.000000000000000000e+00,0.000000000000000000e+00,9.623450636863708496e-01,-3.035841137170791626e-02,2.059462070465087891e-01,1.748042553663253784e-01
9.491517066955566406e+00,-6.991821527481079102e-02,3.100419044494628906e-01,3.364406347274780273e+00,8.519635200500488281e-01,4.728139042854309082e-01,-5.021871089935302734e+00,-2.097767353057861328e+00,9.786539673805236816e-01,1.194859027862548828e+01,-3.140614032745361328e-01,3.487971425056457520e-01,-1.385343790054321289e+00,2.906786203384399414e-01,1.232416629791259766e+00,6.753551006317138672e+00,-2.179516792297363281e+00,-3.033018670976161957e-02,2.034105300903320312e+01,2.537434101104736328e-01,-3.177929520606994629e-01,4.205507934093475342e-01,1.536673307418823242e-01,1.910633206367492676e+00,-7.421484589576721191e-02,-1.402842879295349121e+00,-4.660738945007324219e+00,-7.112256288528442383e-01,-9.729945659637451172e-02,-1.763363361358642578e+00,-1.830632925033569336e+00,4.831171035766601562e-01,-5.968306660652160645e-01,1.236914098262786865e-01,-1.321678042411804199e+00,-5.115691423416137695e-01,-1.422451138496398926e-01,0.000000000000000000e+00,0.000000000000000000e+00,0.000000000000000000e+00,9.625430703163146973e-01,-3.456205502152442932e-02,2.036518305540084839e-01,1.756201684474945068e-01
9.511986732482910156e+00,-8.196866512298583984e-02,-6.278348565101623535e-01,3.191238403320312500e+00,8.689794540405273438e-01,1.712981462478637695e+00,-4.428152561187744141e+00,-2.088368415832519531e+00,1.271845817565917969e+00,1.123736476898193359e+01,-3.062497973442077637e-01,2.751621901988983154e-01,-2.152230501174926758e+00,3.162328600883483887e-01,2.770999670028686523e+00,5.615590095520019531e+00,-2.179342985153198242e+00,3.841823711991310120e-02,1.896601676940917969e+01,2.513212561607360840e-01,1.588964760303497314e-01,1.484296917915344238e-01,1.845504045486450195e-01,4.243698596954345703e+00,1.509035229682922363e+00,-1.458321809768676758e+00,-4.444383621215820312e+00,1.327621102333068848e+00,-1.210672855377197266e-01,-1.278922915458679199e+00,2.473828196525573730e-02,4.781515896320343018e-01,2.519090473651885986e-01,1.261652350425720215e+00,-1.326164364814758301e+00,9.301257133483886719e-02,1.517281293869018555e+00,0.000000000000000000e+00,0.000000000000000000e+00,0.000000000000000000e+00,9.645453095436096191e-01,-3.319572657346725464e-02,1.950955241918563843e-01,1.746087223291397095e-01
9.530141830444335938e+00,-7.091736793518066406e-02,7.285984754562377930e-01,2.646996259689331055e+00,9.050703048706054688e-01,1.980392575263977051e+00,-5.046609401702880859e+00,-2.042762279510498047e+00,2.005836486816406250e+00,9.293348312377929688e+00,-2.949562668800354004e-01,1.116150856018066406e+00,-3.042808771133422852e+00,3.903219699859619141e-01,3.987914085388183594e+00,4.057078361511230469e+00,-2.156358480453491211e+00,2.090760946273803711e+00,1.697458457946777344e+01,2.521084547042846680e-01,-1.860251426696777344e-01,0.000000000000000000e+00,2.828615903854370117e-01,5.964431285858154297e+00,2.869640827178955078e+00,-1.517118096351623535e+00,-4.751729369163513184e-01,3.888033390045166016e+00,-1.383860111236572266e-01,5.115691423416137695e-01,3.463359475135803223e-01,5.126073956489562988e-01,4.239822864532470703e+00,-2.721211016178131104e-01,-1.305517792701721191e+00,-3.376760780811309814e-01,7.633821487426757812e+00,0.000000000000000000e+00,0.000000000000000000e+00,0.000000000000000000e+00,9.704163670539855957e-01,-3.186454996466636658e-02,1.645402461290359497e-01,1.737908273935317993e-01
9.550220489501953125e+00,-9.292912483215332031e-02,-1.581213831901550293e+00,4.947656631469726562e+00,9.361653327941894531e-01,1.123901844024658203e+00,-4.081816673278808594e+00,-2.003048896789550781e+00,1.704556584358215332e+00,6.258785247802734375e+00,-2.917771339416503906e-01,-4.263076186180114746e-01,-2.449090003967285156e+00,4.396137893199920654e-01,1.805994033813476562e+00,7.916250228881835938e-01,-2.106834888458251953e+00,3.168493509292602539e+00,1.422451210021972656e+01,2.467190474271774292e-01,-4.418097436428070068e-01,9.400547146797180176e-01,3.803249597549438477e-01,3.798013210296630859e+00,4.428152561187744141e+00,-1.485871791839599609e+00,1.059534549713134766e+00,1.066838455200195312e+01,-1.428973674774169922e-01,-2.569472312927246094e+00,2.102753877639770508e+00,6.030464172363281250e-01,4.514985084533691406e+00,-3.290191411972045898e+00,-1.399841547012329102e+00,-5.471565723419189453e+00,1.066838455200195312e+01,0.000000000000000000e+00,0.000000000000000000e+00,0.000000000000000000e+00,9.743260741233825684e-01,-1.799403876066207886e-02,1.406545341014862061e-01,1.748753488063812256e-01
9.570404052734375000e+00,-9.462469816207885742e-02,4.069300293922424316e-01,4.502367496490478516e+00,9.449458122253417969e-01,-2.131538093090057373e-01,-4.527105808258056641e+00,-1.973982334136962891e+00,2.260610103607177734e+00,3.888033390045166016e+00,-2.825424969196319580e-01,1.879629015922546387e+00,-1.731679737567901611e-01,4.677718877792358398e-01,1.387437462806701660e+00,4.601320266723632812e+00,-2.066773891448974609e+00,1.546839475631713867e+00,1.185375976562500000e+01,2.272505909204483032e-01,-2.437704563140869141e+00,-1.607988357543945312e+00,4.017008543014526367e-01,2.790377140045166016e+00,1.706941485404968262e+00,-1.514006137847900391e+00,-2.062452793121337891e+00,1.303913593292236328e+01,-1.666954755783081055e-01,-1.821496188640594482e-01,-2.473828196525573730e-02,6.566073298454284668e-01,2.677987098693847656e+00,-1.187437534332275391e+00,-1.450060009956359863e+00,-1.328462243080139160e+00,9.388177871704101562e+00,0.000000000000000000e+00,0.000000000000000000e+00,0.000000000000000000e+00,9.761510491371154785e-01,-1.337818428874015808e-02,1.254916936159133911e-01,1.766410619020462036e-01
9.590365409851074219e+00,-8.081811666488647461e-02,2.906642854213714600e-01,3.710742235183715820e+00,9.284142255783081055e-01,-1.007636189460754395e+00,-4.329199314117431641e+00,-1.922926545143127441e+00,1.423496723175048828e+00,1.090545892715454102e+00,-2.575635313987731934e-01,2.751621901988983154e-01,-1.311128973960876465e+00,4.816692769527435303e-01,-2.867887616157531738e-01,2.820164203643798828e+00,-2.028150320053100586e+00,2.481009244918823242e+00,8.819197654724121094e+00,2.336694449186325073e-01,9.456278085708618164e-01,-3.042808771133422852e+00,4.290717840194702148e-01,3.759258091449737549e-01,4.378675937652587891e+00,-1.512852907180786133e+00,6.814181804656982422e-01,1.436675739288330078e+01,-1.490436792373657227e-01,3.604237139225006104e-01,-1.484296917915344238e-01,6.774988174438476562e-01,3.449216187000274658e-01,-2.473828196525573730e-01,-1.454578042030334473e+00,-3.033018670976161957e-02,9.767498016357421875e+00,0.000000000000000000e+00,0.000000000000000000e+00,0.000000000000000000e+00,9.775607585906982422e-01,-1.821520924568176270e-02,1.105243936181068420e-01,1.784025877714157104e-01
9.610698699951171875e+00,-6.695103645324707031e-02,1.189785838127136230e+00,2.919117212295532227e+00,9.027692079544067383e-01,-1.619968891143798828e+00,-2.350136756896972656e+00,-1.912421584129333496e+00,-9.847200512886047363e-01,-2.797487497329711914e+00,-2.593499124050140381e-01,-3.487971425056457520e-01,-2.622257947921752930e+00,4.664699435234069824e-01,-8.448641896247863770e-01,6.679335832595825195e-01,-1.996508836746215820e+00,1.063578486442565918e+00,6.069125175476074219e+00,2.295819669961929321e-01,-6.433369517326354980e-01,-3.067546844482421875e+00,4.252567291259765625e-01,-3.332950472831726074e-01,7.594652652740478516e+00,-1.491558670997619629e+00,2.032122611999511719e+00,1.322879600524902344e+01,-1.390218734741210938e-01,8.254866003990173340e-01,2.399613380432128906e+00,6.667503118515014648e-01,-1.418441772460937500e+00,-1.360605478286743164e+00,-1.445384144783020020e+00,1.455848932266235352e+00,8.629537582397460938e+00,0.000000000000000000e+00,0.000000000000000000e+00,0.000000000000000000e+00,9.782156944274902344e-01,-1.856435090303421021e-02,1.063066050410270691e-01,1.773367822170257568e-01
9.630376815795898438e+00,-3.279799222946166992e-02,2.054027557373046875e+00,3.710742294788360596e-01,8.611375689506530762e-01,-2.139289140701293945e+00,0.000000000000000000e+00,-1.955926418304443359e+00,-3.289814233779907227e+00,-2.892317533493041992e+00,-2.661926150321960449e-01,-4.728139042854309082e-01,-4.700273573398590088e-01,4.475464820861816406e-01,-1.612217903137207031e+00,-7.421484589576721191e-02,-1.976810097694396973e+00,5.439213514328002930e-01,2.323337078094482422e+00,2.184398323297500610e-01,-7.247229814529418945e-01,-3.463359355926513672e+00,4.062122106552124023e-01,-1.290549397468566895e+00,8.905781745910644531e+00,-1.451023578643798828e+00,2.432481050491333008e+00,1.474607753753662109e+01,-1.396274566650390625e-01,-2.402824759483337402e-01,2.424351692199707031e+00,6.408025026321411133e-01,-2.015272378921508789e+00,-1.385343790054321289e+00,-1.403411626815795898e+00,2.276786088943481445e+00,8.961442947387695312e+00,0.000000000000000000e+00,0.000000000000000000e+00,0.000000000000000000e+00,9.783167839050292969e-01,-1.719487458467483521e-02,1.061273440718650818e-01,1.770246475934982300e-01
9.651762962341308594e+00,-8.727312088012695312e-03,-1.550209522247314453e-02,-1.805894613265991211e+00,8.315867185592651367e-01,-1.933886289596557617e+00,2.078015804290771484e+00,-2.017898082733154297e+00,-4.035936832427978516e+00,-8.060556650161743164e-01,-2.733683884143829346e-01,-3.410460948944091797e-01,3.463359475135803223e-01,4.244447350502014160e-01,-1.294424891471862793e+00,4.947656393051147461e-02,-1.968674659729003906e+00,1.920911818742752075e-01,-6.163955330848693848e-01,2.090537995100021362e-01,-8.293620944023132324e-01,-3.760218858718872070e+00,3.740574121475219727e-01,-2.612102985382080078e+00,6.407215118408203125e+00,-1.414532661437988281e+00,2.935961961746215820e+00,1.517281341552734375e+01,-1.466517448425292969e-01,-5.038180947303771973e-01,2.498566389083862305e+00,6.080724596977233887e-01,-2.329189777374267578e+00,-5.689804553985595703e-01,-1.368231773376464844e+00,2.582109928131103516e+00,6.448445320129394531e+00,0.000000000000000000e+00,0.000000000000000000e+00,0.000000000000000000e+00,9.777232408523559570e-01,-1.430776808410882950e-02,1.111635565757751465e-01,1.774690151214599609e-01
9.671456336975097656e+00,-1.084679365158081055e-02,-1.507578849792480469e+00,-2.869640827178955078e+00,7.959500551223754883e-01,-4.108055233955383301e-01,2.721210956573486328e+00,-2.108304023742675781e+00,-2.658946275711059570e+00,8.534707427024841309e-01,-2.884466052055358887e-01,-6.433369517326354980e-01,4.700273573398590088e-01,3.867492079734802246e-01,-1.511454224586486816e+00,1.360605478286743164e+00,-1.984850764274597168e+00,-1.548861503601074219e+00,-1.801771521568298340e+00,1.818948537111282349e-01,-6.278348565101623535e-01,-3.117023468017578125e+00,3.012096881866455078e-01,-3.158551931381225586e+00,4.156031608581542969e+00,-1.336953639984130859e+00,3.342386484146118164e+00,1.545730304718017578e+01,-1.648788452148437500e-01,-7.983579039573669434e-01,3.018070459365844727e+00,5.520287752151489258e-01,-2.302061080932617188e+00,9.895312786102294922e-01,-1.301694869995117188e+00,2.529537439346313477e+00,2.607827186584472656e+00,0.000000000000000000e+00,0.000000000000000000e+00,0.000000000000000000e+00,9.755170345306396484e-01,-6.853037513792514801e-03,1.284544616937637329e-01,1.783791035413742065e-01
9.690374374389648438e+00,-4.100316762924194336e-02,-2.170293331146240234e+00,-1.632726669311523438e+00,8.061838746070861816e-01,1.236292123794555664e+00,2.646996259689331055e+00,-2.138886928558349609e+00,-1.124238967895507812e+00,1.849186539649963379e+00,-2.914138138294219971e-01,-6.588390469551086426e-02,-1.236914098262786865e-01,3.687946200370788574e-01,-6.743411421775817871e-01,5.195039510726928711e-01,-2.020393848419189453e+00,-2.523471593856811523e+00,-3.319052755832672119e-01,1.763540655374526978e-01,2.712866663932800293e-01,-1.607988357543945312e+00,2.425016164779663086e-01,-4.433598995208740234e+00,1.929585933685302734e+00,-1.290178775787353516e+00,2.620528221130371094e+00,1.360811614990234375e+01,-1.645457744598388672e-01,8.216110467910766602e-01,2.597519636154174805e+00,5.110934972763061523e-01,-1.728483676910400391e+00,3.265453338623046875e+00,-1.263181924819946289e+00,2.058408498764038086e+00,-1.137960910797119141e+00,0.000000000000000000e+00,0.000000000000000000e+00,0.000000000000000000e+00,9.729464054107666016e-01,-5.643355194479227066e-03,1.452129632234573364e-01,1.796014755964279175e-01
9.710268020629882812e+00,-7.152295112609863281e-02,-1.154906034469604492e+00,-7.421484589576721191e-02,8.356741666793823242e-01,1.728483676910400391e+00,1.236914098262786865e-01,-2.138002395629882812e+00,1.000896096229553223e+00,2.323337078094482422e+00,-2.872354984283447266e-01,-6.588390469551086426e-02,-1.063746094703674316e+00,3.575010895729064941e-01,-5.619509220123291016e-01,2.003800868988037109e+00,-2.055020809173583984e+00,-1.981572151184082031e+00,3.081977605819702148e+00,1.857400983572006226e-01,8.913704752922058105e-01,-8.411015868186950684e-01,1.961467266082763672e-01,-3.739880323410034180e+00,1.880109429359436035e+00,-1.252976894378662109e+00,1.372946381568908691e+00,7.681236743927001953e+00,-1.408385038375854492e-01,1.623844504356384277e+00,8.411015868186950684e-01,4.994366765022277832e-01,-3.449216187000274658e-01,1.162699222564697266e+00,-1.251444697380065918e+00,-4.003584384918212891e-01,-1.896601676940917969e+00,0.000000000000000000e+00,0.000000000000000000e+00,0.000000000000000000e+00,9.699764847755432129e-01,-1.193085219711065292e-02,1.617632359266281128e-01,1.812072992324829102e-01
9.730604171752929688e+00,-9.295940399169921875e-02,1.860251426696777344e-01,1.781156301498413086e+00,8.572317361831665039e-01,2.402824759483337402e-01,-3.859171867370605469e+00,-2.088415622711181641e+00,3.518301725387573242e+00,2.228506803512573242e+00,-2.976207137107849121e-01,-8.719928860664367676e-01,-5.195039510726928711e-01,3.160511851310729980e-01,-2.069529771804809570e+00,3.290191411972045898e+00,-2.111479282379150391e+00,-1.797569155693054199e+00,1.009940338134765625e+01,2.050268799066543579e-01,1.275047421455383301e+00,-2.473828196525573730e-02,1.469154357910156250e-01,-1.232416629791259766e+00,2.078015804290771484e+00,-1.244715213775634766e+00,-1.383056521415710449e+00,-4.741504192352294922e-01,-1.107124090194702148e-01,6.782166957855224609e-01,-3.463359475135803223e-01,4.953491985797882080e-01,-4.766894578933715820e-01,-2.201707124710083008e+00,-1.281632781028747559e+00,-1.724776625633239746e+00,-9.957158565521240234e-01,0.000000000000000000e+00,0.000000000000000000e+00,0.000000000000000000e+00,9.652160406112670898e-01,-2.271478809416294098e-02,1.851911842823028564e-01,1.831566095352172852e-01
9.750988006591796875e+00,-9.604775905609130859e-02,-1.263420820236206055e+00,3.290191411972045898e+00,8.388532996177673340e-01,8.758683800697326660e-01,-5.714543342590332031e+00,-2.056663751602172852e+00,-2.822729349136352539e+00,8.582121849060058594e+00,-3.144247233867645264e-01,-3.294195234775543213e-01,-1.063746094703674316e+00,2.882261276245117188e-01,-8.603663444519042969e-01,4.057078361511230469e+00,-2.157448530197143555e+00,-1.815767168998718262e+00,1.659526443481445312e+01,2.272808700799942017e-01,1.236292123794555664e+00,2.473828196525573730e-01,1.306866407394409180e-01,-4.960670471191406250e-01,-2.473828196525573730e-02,-1.291016101837158203e+00,-3.485949516296386719e+00,-2.892317533493041992e+00,-9.209167957305908203e-02,1.023138284683227539e+00,-1.830632925033569336e+00,4.946225583553314209e-01,-1.317678093910217285e-01,-2.201707124710083008e+00,-1.309814572334289551e+00,-1.328462243080139160e+00,-4.741504192352294922e-01,0.000000000000000000e+00,0.000000000000000000e+00,0.000000000000000000e+00,9.620207548141479492e-01,-3.028135746717453003e-02,1.993525624275207520e-01,1.840046346187591553e-01
9.770387649536132812e+00,-8.272564411163330078e-02,1.464948058128356934e+00,2.943855524063110352e+00,8.557784557342529297e-01,9.650054574012756348e-01,-4.749750137329101562e+00,-2.096140384674072266e+00,-3.437421098351478577e-02,9.008857727050781250e+00,-3.203288614749908447e-01,-1.395188570022583008e-01,-8.658398389816284180e-01,2.884683609008789062e-01,6.162083148956298828e-01,5.838234424591064453e+00,-2.174619674682617188e+00,-1.031226366758346558e-01,1.944016647338867188e+01,2.459015697240829468e-01,8.603663444519042969e-01,2.721211016178131104e-01,1.386194229125976562e-01,9.960095882415771484e-01,-3.710742294788360596e-01,-1.352102994918823242e+00,-4.498977661132812500e+00,-1.849186539649963379e+00,-8.745920658111572266e-02,-3.720502853393554688e-01,-2.498566389083862305e+00,4.885367751121520996e-01,-5.774530172348022461e-01,-6.679335832595825195e-01,-1.326227664947509766e+00,-6.167137622833251953e-01,-4.741504043340682983e-02,0.000000000000000000e+00,0.000000000000000000e+00,0.000000000000000000e+00,9.613375663757324219e-01,-3.557968512177467346e-02,2.007973939180374146e-01,1.850530505180358887e-01
9.790375709533691406e+00,-7.663983106613159180e-02,-3.875523805618286133e-02,3.686003923416137695e+00,8.618642091751098633e-01,5.852040648460388184e-01,-4.799226760864257812e+00,-2.091432809829711914e+00,3.518301546573638916e-01,1.028906345367431641e+01,-3.180883228778839111e-01,5.270712375640869141e-01,-1.261652350425720215e+00,2.967340946197509766e-01,1.371935486793518066e+00,5.195039272308349609e+00,-2.175457000732421875e+00,-4.650628566741943359e-02,1.958241081237792969e+01,2.507156729698181152e-01,1.550209522247314453e-01,5.689804553985595703e-01,1.495496034622192383e-01,1.247918605804443359e+00,-7.668867111206054688e-01,-1.395339250564575195e+00,-4.569748401641845703e+00,-7.112256288528442383e-01,-9.841966629028320312e-02,-1.255669713020324707e+00,-1.904847741127014160e+00,4.793626666069030762e-01,-1.069644570350646973e+00,-2.721211016178131104e-01,-1.331187844276428223e+00,-4.367546737194061279e-01,0.000000000000000000e+00,0.000000000000000000e+00,0.000000000000000000e+00,0.000000000000000000e+00,9.619685411453247070e-01,-3.527885302901268005e-02,1.980101466178894043e-01,1.848348528146743774e-01
9.810767173767089844e+00,-8.330088853836059570e-02,4.263076186180114746e-01,2.721210956573486328e+00,9.011947512626647949e-01,1.647097587585449219e+00,-4.675535202026367188e+00,-2.050739765167236328e+00,2.094804763793945312e+00,1.043130874633789062e+01,-3.064617514610290527e-01,2.441580146551132202e-01,-2.523304700851440430e+00,3.740023672580718994e-01,3.751507043838500977e+00,4.848703384399414062e+00,-2.167116165161132812e+00,1.263757824897766113e+00,1.683234024047851562e+01,2.489293068647384644e-01,3.875523805618286133e-03,0.000000000000000000e+00,2.405033111572265625e-01,4.348337650299072266e+00,3.859171867370605469e+00,-1.482696533203125000e+00,-1.310264110565185547e+00,3.034562587738037109e+00,-1.340866088867187500e-01,-8.138599991798400879e-02,3.463359475135803223e-01,5.068546533584594727e-01,2.584974527359008789e+00,4.205507934093475342e-01,-1.313021302223205566e+00,2.062452793121337891e+00,3.224222660064697266e+00,0.000000000000000000e+00,0.000000000000000000e+00,0.000000000000000000e+00,9.678603410720825195e-01,-3.189008310437202454e-02,1.694962978363037109e-01,1.830310225486755371e-01
9.830167770385742188e+00,-9.865158796310424805e-02,-1.054142475128173828e+00,4.898180007934570312e+00,9.335311651229858398e-01,9.184991717338562012e-01,-4.700273513793945312e+00,-2.013537883758544922e+00,1.221295475959777832e+00,7.017426013946533203e+00,-3.062497973442077637e-01,2.209048718214035034e-01,-2.745949268341064453e+00,4.298038482666015625e-01,2.061778545379638672e+00,1.830632925033569336e+00,-2.121020555496215820e+00,3.504147768020629883e+00,1.503056812286376953e+01,2.398460358381271362e-01,-1.216914415359497070e+00,1.187437534332275391e+00,3.392685651779174805e-01,2.588849782943725586e+00,6.184570312500000000e+00,-1.479947924613952637e+00,-8.007168769836425781e-01,9.198517799377441406e+00,-1.279402971267700195e-01,-2.596601009368896484e+00,1.731679677963256836e+00,5.880590081214904785e-01,4.991674423217773438e+00,-3.636527538299560547e+00,-1.384439468383789062e+00,-6.254084587097167969e+00,1.057355403900146484e+01,0.000000000000000000e+00,0.000000000000000000e+00,0.000000000000000000e+00,9.722636342048645020e-01,-1.993887498974800110e-02,1.442206501960754395e-01,1.830477416515350342e-01
9.850409507751464844e+00,-1.004985570907592773e-01,1.743985712528228760e-01,3.982863426208496094e+00,9.426144361495971680e-01,3.177929520606994629e-01,-4.329199314117431641e+00,-1.993349432945251465e+00,2.098849058151245117e+00,4.788918972015380859e+00,-2.933212816715240479e-01,2.015272378921508789e+00,-6.926718950271606445e-01,4.549644887447357178e-01,2.317563056945800781e+00,4.428152561187744141e+00,-2.085335254669189453e+00,1.835987329483032227e+00,1.204341983795166016e+01,2.210436910390853882e-01,-2.104409456253051758e+00,-1.039007902145385742e+00,3.608564138412475586e-01,2.550094842910766602e+00,3.537574291229248047e+00,-1.508477210998535156e+00,-2.266675949096679688e+00,1.275464630126953125e+01,-1.560680866241455078e-01,-1.019262671470642090e+00,7.668867111206054688e-01,6.429219245910644531e-01,3.398834466934204102e+00,-1.459558606147766113e+00,-1.443646550178527832e+00,-2.466855049133300781e+00,9.293348312377929688e+00,0.000000000000000000e+00,0.000000000000000000e+00,0.000000000000000000e+00,9.740507006645202637e-01,-1.448852475732564926e-02,1.312295198440551758e-01,1.838318109512329102e-01
9.870581626892089844e+00,-9.020417928695678711e-02,3.720502853393554688e-01,3.389144659042358398e+00,9.332283735275268555e-01,-1.011511802673339844e+00,-4.329199314117431641e+00,-1.934647917747497559e+00,1.783414959907531738e+00,1.849186539649963379e+00,-2.683725953102111816e-01,5.852040648460388184e-01,-1.212175846099853516e+00,4.783084690570831299e-01,-1.666475236415863037e-01,3.537574291229248047e+00,-2.042256832122802734e+00,2.222191810607910156e+00,9.103687286376953125e+00,2.200445383787155151e-01,6.588390469551086426e-01,-2.820164203643798828e+00,3.960087299346923828e-01,8.526152372360229492e-01,4.725011825561523438e+00,-1.515111923217773438e+00,2.385974675416946411e-01,1.507798290252685547e+01,-1.378409862518310547e-01,8.254866003990173340e-01,7.421484589576721191e-02,6.826157569885253906e-01,1.228541016578674316e+00,0.000000000000000000e+00,-1.455225706100463867e+00,-2.102892994880676270e-01,1.000457382202148438e+01,0.000000000000000000e+00,0.000000000000000000e+00,0.000000000000000000e+00,9.760845899581909180e-01,-1.749545149505138397e-02,1.122546344995498657e-01,1.853421032428741455e-01
9.890332221984863281e+00,-7.815372943878173828e-02,9.766320586204528809e-01,3.265453338623046875e+00,9.130938053131103516e-01,-1.224665522575378418e+00,-2.844902515411376953e+00,-1.914601564407348633e+00,-5.843616127967834473e-01,-2.418167114257812500e+00,-2.655870616436004639e-01,-7.751047611236572266e-03,-2.770687580108642578e+00,4.681654870510101318e-01,-6.743411421775817871e-01,1.311128973960876465e+00,-2.007029771804809570e+00,1.490223169326782227e+00,6.401030540466308594e+00,2.205289751291275024e-01,-4.224320948123931885e-01,-2.523304700851440430e+00,3.962205648422241211e-01,-2.247803807258605957e-01,8.039941787719726562e+00,-1.497198104858398438e+00,1.674226403236389160e+00,1.356070137023925781e+01,-1.321185827255249023e-01,3.332950472831726074e-01,2.127492189407348633e+00,6.802541017532348633e-01,-2.274932384490966797e+00,-6.679335832595825195e-01,-1.451687097549438477e+00,7.926288843154907227e-01,9.056272506713867188e+00,0.000000000000000000e+00,0.000000000000000000e+00,0.000000000000000000e+00,9.768885970115661621e-01,-1.843518391251564026e-02,1.066350713372230530e-01,1.843301057815551758e-01
9.910330772399902344e+00,-4.369789361953735352e-02,2.282683372497558594e+00,7.668867111206054688e-01,8.735816478729248047e-01,-2.166417837142944336e+00,-1.731679737567901611e-01,-1.953146219253540039e+00,-3.259484052658081055e+00,-3.319052934646606445e+00,-2.678881585597991943e-01,-1.588964760303497314e-01,-8.905781507492065430e-01,4.516945183277130127e-01,-1.263420820236206055e+00,3.215976655483245850e-01,-1.981454372406005859e+00,8.917074799537658691e-01,3.129392623901367188e+00,2.121118456125259399e-01,-4.418097436428070068e-01,-3.240715026855468750e+00,3.830498456954956055e-01,-9.572544097900390625e-01,9.598453521728515625e+00,-1.461228489875793457e+00,2.208037614822387695e+00,1.474607753753662109e+01,-1.312102079391479492e-01,1.123901903629302979e-01,2.350136756896972656e+00,6.572431325912475586e-01,-1.666475176811218262e+00,-1.187437534332275391e+00,-1.414548516273498535e+00,2.341490507125854492e+00,9.483008384704589844e+00,0.000000000000000000e+00,0.000000000000000000e+00,0.000000000000000000e+00,9.771915674209594727e-01,-1.783218607306480408e-02,1.045834496617317200e-01,1.839593797922134399e-01
9.932318687438964844e+00,-1.299649477005004883e-02,1.116150856018066406e+00,-1.509035229682922363e+00,8.469979763031005859e-01,-1.309927105903625488e+00,6.679335832595825195e-01,-2.004343986511230469e+00,-4.185565948486328125e+00,-8.060556650161743164e-01,-2.708856463432312012e-01,-4.263076186180114746e-02,7.421484589576721191e-02,4.402495920658111572e-01,-9.107481241226196289e-01,-4.947656393051147461e-02,-1.970791459083557129e+00,2.709496915340423584e-01,-2.844902276992797852e-01,2.046030014753341675e-01,-8.254866003990173340e-01,-3.883910179138183594e+00,3.609169721603393555e-01,-2.147040128707885742e+00,7.347269535064697266e+00,-1.430835127830505371e+00,2.612440109252929688e+00,1.574179363250732422e+01,-1.358426809310913086e-01,-6.278348565101623535e-01,1.979062557220458984e+00,6.327183842658996582e-01,-2.294310092926025391e+00,-1.113222718238830566e+00,-1.385403037071228027e+00,2.024034500122070312e+00,7.633821487426757812e+00,0.000000000000000000e+00,0.000000000000000000e+00,0.000000000000000000e+00,9.768384099006652832e-01,-1.577323302626609802e-02,1.072102487087249756e-01,1.845095455646514893e-01
9.950341224670410156e+00,-7.340908050537109375e-04,-3.216684758663177490e-01,-3.290191411972045898e+00,8.027019500732421875e-01,-1.476574540138244629e+00,2.399613380432128906e+00,-2.087989091873168945e+00,-3.263528108596801758e+00,2.844902276992797852e-01,-2.810891568660736084e-01,-6.200838088989257812e-01,4.452890753746032715e-01,4.123337268829345703e-01,-1.375810980796813965e+00,6.679335832595825195e-01,-1.980696201324462891e+00,-1.201075434684753418e+00,-1.706941485404968262e+00,1.773834973573684692e-01,-9.805075526237487793e-01,-3.166500091552734375e+00,3.049641847610473633e-01,-3.216684579849243164e+00,5.937187671661376953e+00,-1.362686991691589355e+00,2.844971418380737305e+00,1.692716979980468750e+01,-1.533128023147583008e-01,-6.627146005630493164e-01,2.721210956573486328e+00,5.800960063934326172e-01,-2.503588438034057617e+00,-4.947656393051147461e-02,-1.326306581497192383e+00,3.057282924652099609e+00,4.504428863525390625e+00,0.000000000000000000e+00,0.000000000000000000e+00,0.000000000000000000e+00,9.752913117408752441e-01,-8.469377644360065460e-03,1.198712214827537537e-01,1.853809505701065063e-01
9.971560478210449219e+00,-3.185939788818359375e-02,-1.968765974044799805e+00,-2.350136756896972656e+00,7.929223179817199707e-01,6.937187314033508301e-01,3.067546844482421875e+00,-2.134732246398925781e+00,-1.573125720024108887e+00,1.090545892715454102e+00,-2.872960567474365234e-01,-1.472699046134948730e-01,-4.947656393051147461e-02,3.835095167160034180e-01,-1.240167617797851562e+00,4.452890753746032715e-01,-2.018924713134765625e+00,-2.373842477798461914e+00,-6.163955330848693848e-01,1.632439047098159790e-01,-2.402824759483337402e-01,-1.583250045776367188e+00,2.364158630371093750e-01,-3.728253841400146484e+00,2.820164203643798828e+00,-1.303922176361083984e+00,3.564808130264282227e+00,1.526764297485351562e+01,-1.643035411834716797e-01,-1.162657141685485840e-02,2.721210956573486328e+00,5.303803086280822754e-01,-2.488086223602294922e+00,3.587050914764404297e+00,-1.270369529724121094e+00,1.993704319000244141e+00,0.000000000000000000e+00,0.000000000000000000e+00,0.000000000000000000e+00,0.000000000000000000e+00,9.725500345230102539e-01,-3.868707688525319099e-03,1.387086808681488037e-01,1.867923289537429810e-01
